2.373787,0.950809,-0.078038,0.285052,0.837329,-0.502651,0.773116,-0.804911,0.296896,0.565676,0.229212,-0.008930,0.234694,-0.696673,-0.568859,-0.460201,0.195559,-0.116198,-0.511048,0.765619,-0.252156,-0.107937,-0.180598,-0.636114,0.463254,-0.103083,-0.967486,0.928027,0.631527,0.447119,0.738184,0.813615,-0.325021,0.221917,0.217616,-0.465401,-0.556095,-0.772185,0.318628,0.561838,0.521906,-0.367449,-0.589480,-0.092772,0.093627,0.838174,0.749646,0.832117,0.700525,0.929162,-0.069000,-0.905053,-0.832876,-0.219448,-0.484626,-0.660119,0.906408,-0.609161,0.918759,0.521678,0.281891,0.352038,-0.337051,0.292854,-0.626616,0.875411,-0.396413,-0.489627,0.422326,0.312897,-0.097402,0.264892,-0.681014,0.346657,-0.458779,-0.454328,-0.675640,-0.335246,-0.337498,-0.091642,-0.619161,-0.613985,0.083477,-0.742245,0.377794,0.887894,-0.146409,0.802211,-0.803367,-0.914085,0.442738,0.522043,0.686116,-0.886365,0.553814,-0.246923,-0.393325,-0.653952,0.992032,-0.872673,0.654016,0.278989,0.470161,0.423434,0.716869,-0.632416,-0.998351,0.197057,-0.292283,-0.752425,-0.627722,-0.336501,-0.859533,-0.886174,0.832053,-0.375795,0.964461,0.928734,-0.714857,0.429849,0.201610,0.381294,-0.807618,-0.622880,-0.846723,0.208268,0.973182,0.343969
0.000000,2.276904,0.969170,0.356023,-0.919637,0.734011,-0.270643,-0.991273,0.014468,0.874030,-0.485339,-0.016974,-0.652446,-0.884615,-0.838910,0.454022,0.728149,-0.713402,-0.423363,-0.609941,-0.946288,0.106863,0.399844,0.295755,-0.223893,0.110020,-0.811801,-0.691393,0.863589,0.523015,0.845478,0.833361,0.298785,0.856477,-0.166592,-0.992768,-0.874858,-0.781025,-0.809293,-0.296595,0.402542,0.581298,0.180427,-0.707128,0.495803,-0.290396,-0.974013,-0.438823,-0.338799,-0.451509,0.623740,0.519853,0.391104,-0.721990,0.615668,0.354352,-0.610325,0.296188,-0.032977,-0.121300,-0.775754,0.036609,-0.800136,-0.671493,-0.734907,0.908217,-0.430271,-0.289591,-0.355839,0.796501,0.125932,0.838320,-0.400150,-0.770331,0.112437,-0.308926,0.603814,0.758847,-0.054853,0.942718,0.106026,-0.458159,-0.022049,-0.925379,0.608002,-0.797130,-0.382503,0.130633,-0.914050,-0.841366,0.392233,-0.856446,-0.045834,-0.322609,-0.543841,-0.622442,0.526823,0.903084,-0.719641,0.919362,0.189525,0.283321,0.419853,0.408238,0.639622,-0.033063,0.066717,-0.352346,-0.789485,0.329280,-0.932780,-0.448730,-0.811540,-0.618546,0.277462,0.256953,-0.157890,-0.819656,-0.133252,-0.294510,0.440918,0.158053,-0.016868,-0.026036,0.932594,0.512588,-0.006041,-0.041555
0.000000,0.000000,0.566198,0.885019,-0.361652,-0.488122,0.998818,0.437379,-0.905272,-0.876229,-0.948997,0.199238,-0.856871,0.866777,0.873813,0.092108,0.233278,-0.416211,-0.872055,0.474921,-0.796428,-0.828885,-0.377554,-0.975069,-0.131929,0.415362,0.602698,0.208615,0.693748,-0.186996,0.697544,0.012947,-0.553928,0.888291,-0.450058,-0.947597,-0.514652,-0.266625,-0.297301,0.049335,0.766254,-0.415324,0.041541,-0.319722,0.643546,-0.684797,-0.792979,0.005991,0.343775,0.591050,0.179250,0.547700,-0.214580,-0.934265,-0.767801,-0.922555,-0.342113,-0.009017,-0.287365,0.121199,-0.038782,0.355886,0.333924,-0.363872,-0.307571,0.170296,0.192865,-0.370600,-0.339364,0.388090,0.294822,-0.729898,-0.117916,0.785412,-0.927389,0.710328,-0.673644,0.014497,-0.151327,-0.979741,0.830794,-0.090150,0.908537,-0.426512,0.732552,0.844779,0.113665,-0.594644,0.370495,0.097956,0.889059,-0.121456,-0.462973,-0.723426,0.397267,0.948219,-0.943312,0.480891,0.853861,-0.850437,-0.779660,0.383914,0.295927,-0.862345,0.668846,0.046848,0.814395,0.755982,0.625016,0.031798,-0.496579,0.011951,-0.798377,0.317692,-0.732046,0.022346,-0.891236,-0.400975,-0.535839,0.240063,0.573573,-0.885394,0.700567,0.721535,-0.315462,0.318008,-0.194774,-0.691618
0.000000,0.000000,0.000000,1.821656,-0.827281,0.756944,0.848580,0.643226,0.125056,0.115197,0.969215,-0.504197,-0.848103,0.123882,-0.342429,-0.355322,-0.985829,0.192479,-0.471933,-0.624283,-0.919136,-0.271277,0.757938,-0.326658,0.358148,0.513094,-0.343798,0.643281,0.383759,0.118484,-0.998015,-0.929818,0.981732,0.564568,0.875131,0.804606,-0.959114,0.583695,-0.097709,0.579116,-0.986568,-0.423601,0.502648,0.586042,0.239429,-0.397488,-0.379275,0.933528,-0.121576,-0.105749,0.104666,-0.180995,0.105343,-0.135329,0.653430,0.818102,0.864221,0.128592,-0.115703,0.410480,0.676647,0.125964,0.399962,0.499459,0.352788,0.492267,-0.582709,-0.003251,0.176537,-0.995044,0.711925,0.220049,-0.741727,0.632714,0.434114,0.516599,-0.215915,0.708405,-0.171945,0.141018,-0.998715,0.289746,0.436352,0.134219,-0.006882,0.619873,0.362745,-0.443852,0.918147,0.414534,0.975878,0.942523,0.837819,0.510743,0.218859,-0.655659,0.086703,0.530753,0.041714,0.736478,-0.780688,-0.238119,0.011929,-0.135349,-0.782827,-0.692943,0.675235,-0.031231,-0.902555,-0.967017,-0.053049,-0.671243,0.410252,0.590647,-0.543407,0.184354,-0.691111,-0.392835,0.777591,0.088196,0.771777,-0.549504,-0.339951,-0.058096,-0.039840,0.995296,-0.771109,0.703930
0.000000,0.000000,0.000000,0.000000,2.659205,0.106397,-0.311926,0.038452,-0.415065,0.598215,-0.003442,0.851684,0.245383,0.028639,0.422139,0.007866,0.809013,-0.631108,0.946697,0.624381,0.721467,-0.034184,0.674403,-0.386452,0.523896,-0.719100,-0.385896,-0.108535,-0.355361,-0.225966,0.640209,-0.486648,0.490562,-0.852576,0.531478,0.584046,-0.196602,0.444956,0.830277,0.601426,-0.219107,-0.031573,0.558715,-0.414811,0.607765,-0.343858,0.611981,-0.826399,-0.911205,0.995351,0.738914,0.765695,0.902560,-0.123367,-0.426329,-0.739950,0.002418,-0.559903,0.871102,-0.991994,-0.713607,-0.507048,-0.602087,-0.548443,0.312095,-0.344976,0.230049,0.780516,0.205114,0.389066,-0.268993,-0.680523,-0.358832,0.928565,0.243623,-0.444978,-0.098169,0.671026,0.336887,0.121306,0.770326,0.344879,0.285459,-0.620464,-0.787223,0.930284,0.197717,-0.168633,0.178042,-0.876376,0.644255,-0.566709,0.609092,0.068757,-0.446856,-0.939580,0.631667,-0.647080,-0.896390,0.511755,-0.299914,-0.221332,-0.505865,0.718357,-0.405341,-0.579615,-0.381501,-0.593701,-0.364690,-0.834128,-0.682940,-0.165894,0.758934,-0.885419,-0.574651,0.816691,0.780029,0.358902,-0.519053,-0.160379,-0.577558,-0.742823,-0.240003,0.151643,-0.280135,0.221649,-0.407491,-0.308299
0.000000,0.000000,0.000000,0.000000,0.000000,2.476684,0.756629,-0.355932,0.143032,-0.443675,-0.893331,0.475714,-0.657993,-0.148575,-0.025909,-0.631057,-0.810889,-0.303974,0.904572,0.230271,-0.237180,-0.922178,0.200547,-0.815485,0.085088,0.503901,-0.152829,-0.401177,-0.905232,-0.950444,-0.139947,0.766691,-0.511874,0.148111,0.368612,-0.878340,-0.693799,-0.337446,0.340186,-0.121930,0.468390,0.735196,0.516745,0.984494,0.508722,0.704358,0.664733,0.460532,0.603604,0.869366,-0.049585,0.276574,0.029879,0.702074,-0.137281,0.639454,0.598709,0.923772,-0.502159,0.419239,0.513839,0.872557,0.813805,0.147052,0.158306,-0.665418,0.949925,-0.489965,0.449472,0.591590,-0.117569,-0.577613,-0.622079,0.712992,0.021513,-0.819726,0.434039,-0.499658,0.752790,-0.380856,-0.599458,-0.830283,0.023062,-0.098525,0.502624,-0.070795,-0.312368,-0.476690,-0.443707,0.855696,-0.669843,0.976353,-0.346161,-0.823220,-0.502619,-0.883171,0.580060,0.025106,-0.326027,0.324099,0.261293,0.879744,0.922521,0.361368,0.635632,0.584850,-0.017393,0.408917,-0.843482,0.516042,0.923666,-0.830050,0.672232,0.865960,-0.547622,0.049622,0.855716,0.920452,-0.744235,-0.301992,0.396289,-0.556883,-0.350459,-0.953418,-0.692957,0.124659,0.306180,0.297824
0.000000,0.000000,0.000000,0.000000,0.000000,0.000000,2.445901,-0.169437,-0.453019,-0.968839,-0.586740,-0.375224,-0.643586,-0.959711,-0.685105,0.332199,0.259171,0.871367,0.596337,0.135512,-0.724887,0.128144,-0.876810,-0.138230,-0.219483,-0.144372,-0.440348,0.371661,0.681889,0.537034,0.255504,0.076690,-0.937832,0.445868,0.089966,-0.458518,-0.344316,0.871214,0.248724,-0.048175,0.241843,-0.172515,-0.059635,-0.419381,-0.120293,0.371184,-0.920116,0.590055,-0.434041,0.365120,0.285451,0.305256,0.216258,0.918204,0.016688,0.464638,0.410899,-0.527465,-0.433388,-0.151966,-0.444604,-0.266514,-0.218079,0.207729,-0.560220,0.608584,-0.124927,0.412488,-0.837115,-0.060069,-0.943561,0.351820,-0.312580,0.898506,-0.351752,0.127612,-0.485225,0.240225,-0.065915,-0.258743,-0.592621,-0.776957,-0.760242,0.998080,-0.175379,-0.996141,0.905858,-0.960040,-0.162828,0.434955,0.829198,0.425773,-0.072748,0.948884,-0.921361,0.973784,0.698783,0.857860,-0.490455,-0.715084,0.326631,0.031719,0.046336,0.849238,0.240162,-0.377872,-0.199867,-0.733008,-0.615372,-0.713300,0.620583,0.409747,0.060690,-0.251264,0.336989,0.625811,0.762466,0.094032,0.639770,0.022612,-0.050940,0.730864,-0.227252,-0.208175,-0.390177,0.037403,0.089700,0.320922
0.000000,0.000000,0.000000,0.000000,0.000000,0.000000,0.000000,1.576256,-0.564325,0.733684,-0.307998,0.845887,-0.585293,0.120115,0.073230,0.657296,-0.722297,0.819874,0.062856,0.172219,0.020333,-0.927950,-0.005819,-0.472901,-0.314624,0.298203,-0.004606,-0.813564,-0.853917,-0.628685,-0.618230,0.216602,-0.644371,0.763439,-0.580479,-0.817737,0.751492,-0.409345,-0.149155,0.918053,0.888738,0.429834,-0.862122,0.186680,0.978156,0.893832,-0.787995,-0.208065,-0.368927,-0.740544,0.389597,-0.452303,-0.310268,-0.819282,-0.004065,-0.683664,-0.135819,-0.713316,0.907700,-0.710035,0.043774,-0.606040,-0.847276,-0.595383,-0.890452,-0.721205,-0.013032,0.303631,-0.825320,-0.117963,0.162494,-0.531549,-0.255843,-0.856330,-0.559738,-0.066494,0.980884,0.992530,0.959243,-0.153827,-0.838639,-0.352853,-0.524571,-0.971747,-0.809533,-0.093616,-0.320675,-0.639293,0.432200,-0.285769,0.703736,-0.518046,0.076787,-0.631722,-0.009399,-0.695067,-0.676843,0.224447,-0.472428,-0.655266,0.859537,-0.913993,0.130296,0.096528,-0.498782,-0.094457,-0.824524,0.442540,-0.556606,-0.613229,-0.370243,0.804740,0.592933,0.893785,0.303925,0.325843,-0.039938,0.810373,0.021754,-0.289880,0.280750,0.092279,-0.751960,-0.214549,-0.373349,0.693668,-0.242315,0.643110
0.000000,0.000000,0.000000,0.000000,0.000000,0.000000,0.000000,0.000000,1.605974,0.507001,-0.729436,0.849300,-0.038880,-0.480404,-0.517021,-0.469845,-0.266552,0.435039,0.899206,0.338075,0.094333,-0.102804,0.656389,0.699314,-0.413925,0.906840,-0.209769,0.600156,0.933640,0.407316,-0.676899,0.172274,-0.762446,0.578284,-0.437370,0.390430,0.820179,-0.637980,-0.214284,0.294238,-0.160683,-0.650362,-0.941857,-0.186804,0.298418,0.147968,-0.687518,-0.098613,-0.261058,-0.451595,0.458542,-0.380696,0.080284,0.846447,0.078552,0.234046,-0.853508,-0.643732,-0.798098,0.529626,0.671842,-0.627089,-0.561456,-0.353585,0.182155,0.243592,0.373508,0.810386,-0.409920,0.317518,0.119446,-0.388326,0.814830,-0.809033,0.424002,0.455747,0.830653,0.037161,-0.356755,0.655481,0.541621,0.000631,0.535715,-0.464249,0.179013,0.730367,-0.364031,-0.032900,0.902090,0.596424,0.774078,-0.229506,0.993011,-0.694869,0.037541,-0.041453,0.596864,0.817236,0.462279,0.253632,-0.145142,0.020652,0.018601,-0.959263,0.006092,0.711942,0.418548,0.591417,-0.219030,0.057946,-0.933033,-0.234004,-0.051168,-0.489582,-0.937518,0.380816,-0.129824,-0.168644,-0.500026,0.075661,-0.123946,-0.052031,0.161743,-0.987351,0.815392,-0.857825,-0.098151,-0.585254
0.000000,0.000000,0.000000,0.000000,0.000000,0.000000,0.000000,0.000000,0.000000,1.809456,-0.439540,0.720013,-0.207280,0.277511,-0.502241,-0.961188,-0.191691,0.072973,-0.080906,0.924029,0.413678,0.991340,-0.409880,0.578107,0.111117,0.223521,0.971706,0.307974,0.797634,0.451500,-0.745228,0.398847,-0.031369,0.837596,0.613669,-0.791731,-0.732169,-0.860778,-0.013510,-0.838456,0.447357,0.104717,0.671770,-0.440408,0.038282,-0.765041,0.769220,-0.649990,-0.795275,-0.589899,0.612463,-0.788371,0.228855,0.492363,0.502162,-0.619878,-0.876752,-0.102387,-0.595029,0.398542,-0.286614,-0.101292,-0.773030,0.135101,-0.628952,0.357971,-0.857662,0.951789,0.369054,-0.636541,-0.971811,-0.331074,-0.694373,-0.563177,0.745501,0.206409,-0.647085,0.113319,-0.488439,0.952402,-0.934486,0.464637,0.545994,-0.865674,-0.656261,-0.231387,0.736310,0.074000,0.310614,0.566026,0.656246,-0.047431,0.017586,0.436012,-0.473315,0.708979,-0.958426,-0.608457,0.600400,-0.319484,-0.700334,-0.626490,0.061513,0.692363,-0.858699,-0.939038,-0.069664,0.912375,-0.441980,0.918341,0.775362,-0.433730,0.633896,0.371735,0.023645,-0.154168,0.631006,0.586159,0.513873,0.996512,-0.042975,0.613846,0.724957,-0.576795,-0.915867,-0.190503,0.713473,-0.421793
0.000000,0.000000,0.000000,0.000000,0.000000,0.000000,0.000000,0.000000,0.000000,0.000000,2.250025,-0.985304,-0.289271,0.231033,-0.740486,0.793214,-0.687452,0.819587,-0.567221,0.988557,0.209497,-0.831310,-0.869446,-0.850157,0.179785,0.619158,-0.194075,-0.110328,0.178575,0.066081,0.376123,-0.056429,0.427721,0.994621,-0.299404,-0.975569,-0.748750,0.107028,-0.311484,0.879965,0.254892,0.040710,0.596079,-0.482820,0.639477,-0.993878,0.239355,0.869514,0.575720,0.707268,-0.206091,0.648478,0.101663,0.237080,-0.882169,-0.596897,0.101929,-0.882398,0.482894,0.680114,0.840725,-0.796463,0.879440,-0.864760,-0.051888,0.680502,-0.859378,-0.963538,-0.950105,0.022540,0.623193,-0.745147,-0.750779,0.137094,-0.531409,0.460427,0.899271,0.532067,0.754351,0.039172,0.664639,-0.634194,-0.863304,0.311906,-0.896095,0.784963,0.383108,0.904401,-0.372227,-0.027683,0.483381,-0.514442,0.083698,0.318935,0.957617,0.489407,-0.763738,-0.049333,0.177542,-0.706754,-0.136068,-0.431988,-0.762345,0.024084,-0.668734,0.181075,-0.660606,0.447190,-0.609517,0.792570,-0.947581,0.043995,-0.359790,-0.549847,-0.056794,0.684039,0.830554,-0.393503,-0.691513,0.440281,0.163997,-0.597968,0.520592,0.037861,0.306790,-0.281322,-0.121805,-0.639316
0.000000,0.000000,0.000000,0.000000,0.000000,0.000000,0.000000,0.000000,0.000000,0.000000,0.000000,2.391290,-0.685977,0.556605,0.596016,0.493202,-0.961154,-0.453734,-0.063325,0.191089,0.838444,-0.248788,0.750047,-0.673141,-0.257439,-0.895436,0.484979,-0.698694,-0.485960,0.550467,0.069433,-0.972055,-0.995530,0.021321,-0.390089,-0.639377,0.227188,-0.543127,0.184414,-0.241468,-0.626508,-0.723791,-0.526279,-0.940336,-0.383746,0.803909,0.662724,-0.255992,0.151667,0.134721,0.657475,-0.527420,-0.407225,-0.396429,-0.918260,-0.370624,0.755828,0.823975,-0.780729,-0.083883,-0.237302,-0.021282,0.109439,-0.959482,0.684484,0.947328,0.306810,0.320904,0.055960,-0.331453,-0.702044,0.168127,-0.910117,0.649005,-0.158177,-0.170492,-0.345658,0.938708,-0.650166,-0.697384,-0.668937,0.317055,0.983791,-0.529050,0.811235,-0.442767,0.295800,-0.919002,-0.008692,0.309140,0.072640,-0.524329,0.656994,0.940273,-0.081608,0.271839,0.580827,-0.517022,0.728901,-0.439598,0.551662,-0.775802,-0.423227,0.067240,0.049844,0.700862,0.992255,-0.785578,-0.457224,-0.284804,-0.042163,-0.012181,0.712390,0.541119,-0.962297,-0.089956,0.236148,-0.079209,-0.738709,-0.205052,-0.176689,-0.624568,0.512614,-0.357199,0.177975,0.031460,0.754854,-0.755970
0.000000,0.000000,0.000000,0.000000,0.000000,0.000000,0.000000,0.000000,0.000000,0.000000,0.000000,0.000000,0.785658,-0.399361,-0.137570,-0.402916,0.526374,-0.509468,-0.830451,-0.172400,0.546759,0.701124,0.466690,0.115773,0.448383,0.362779,-0.531267,0.101518,0.541219,-0.365759,0.307946,-0.037039,0.006318,-0.819890,0.332434,0.731374,-0.717137,-0.267789,-0.902665,-0.940736,0.979317,-0.013057,-0.288962,-0.450246,0.960025,-0.495498,0.451417,-0.432484,-0.859021,0.366553,-0.996738,0.351497,-0.499247,0.492208,0.539500,0.448214,-0.951033,0.407473,0.980291,-0.514749,-0.451523,0.627053,-0.679206,0.321167,0.510053,-0.925679,0.107524,0.151755,-0.393114,0.752689,-0.674501,-0.271611,0.697337,-0.618714,0.642748,-0.841862,-0.021542,-0.849339,0.355807,0.581203,0.699717,0.962525,0.344031,0.538124,0.011517,0.825474,0.287517,0.767103,-0.529096,-0.006524,0.459638,-0.594556,-0.577320,0.956085,-0.130779,-0.636369,-0.337072,-0.205248,0.246171,0.846029,0.973180,0.303398,0.399845,-0.356342,0.714317,-0.564403,-0.787239,0.946512,0.728277,-0.392710,0.350341,-0.065963,-0.353744,-0.426452,-0.727945,0.098636,-0.106807,0.024373,-0.569286,0.877221,0.277182,0.799201,-0.781458,0.245702,0.698924,-0.338158,-0.609714,-0.469957
0.000000,0.000000,0.000000,0.000000,0.000000,0.000000,0.000000,0.000000,0.000000,0.000000,0.000000,0.000000,0.000000,1.182334,-0.105602,-0.348073,-0.457452,0.297025,-0.893935,-0.319272,0.379504,-0.648301,-0.558144,-0.598667,-0.998148,-0.052464,-0.922082,-0.454120,0.989607,0.836792,-0.569848,-0.379995,-0.072591,0.688827,0.605292,-0.747517,-0.751102,-0.166535,0.740191,0.764170,-0.785268,0.148595,-0.688650,0.372259,0.832866,-0.090461,-0.833834,0.158508,-0.182967,0.621798,-0.319311,0.749794,-0.452599,-0.684965,-0.387039,-0.930168,-0.437508,0.320235,-0.715434,-0.777270,-0.735229,-0.844897,0.749271,0.888230,-0.906878,0.520144,0.474303,0.993819,-0.304259,-0.428982,-0.093836,0.713150,0.457187,-0.056752,-0.510874,0.454031,0.709054,-0.200098,0.337171,-0.199576,-0.043013,0.049821,0.551452,0.955012,-0.111268,-0.315370,-0.252818,-0.732222,-0.406123,-0.827105,-0.144211,-0.665285,-0.307187,0.587155,-0.508145,0.223789,0.802363,0.133858,-0.612415,-0.310468,0.180738,0.013222,-0.702760,-0.106407,0.086133,-0.465335,0.224891,-0.859680,-0.326786,0.608554,-0.481430,0.210354,-0.179941,-0.367080,0.832263,-0.313477,-0.526648,0.818603,0.491889,0.363599,-0.900930,-0.737590,0.276680,-0.581134,-0.548724,0.558277,-0.428150,-0.856825
0.000000,0.000000,0.000000,0.000000,0.000000,0.000000,0.000000,0.000000,0.000000,0.000000,0.000000,0.000000,0.000000,0.000000,0.591080,-0.113644,0.234257,0.737770,-0.778391,-0.606654,0.059601,-0.271783,-0.034925,0.848249,0.089783,-0.169759,0.978880,-0.869569,0.864227,0.003324,0.007513,0.843929,0.014648,-0.123186,-0.455023,0.317634,0.139290,-0.571309,0.418826,0.288174,-0.205332,-0.991198,-0.106838,-0.987884,-0.850003,-0.138780,-0.836160,-0.448669,0.310983,-0.382769,0.995297,0.832604,0.170620,0.933894,0.736035,-0.362203,0.499192,-0.726336,0.369103,-0.017836,-0.966348,-0.451540,0.910764,-0.368337,-0.637091,-0.624937,-0.041573,0.685298,0.516004,-0.126296,-0.582546,-0.907870,-0.074739,0.629551,0.459364,-0.182798,0.189405,-0.127507,0.158032,0.035010,0.361933,0.015418,0.881222,-0.143944,-0.968167,-0.527253,0.001214,0.081144,0.104770,0.429104,-0.450704,0.329807,0.408065,-0.177438,-0.195662,-0.642150,-0.172025,0.573633,0.817946,0.187226,-0.401259,0.364579,0.480292,-0.335574,0.653096,-0.852608,-0.978493,-0.754058,-0.687983,0.757858,-0.150037,-0.450137,-0.141850,-0.210318,-0.397077,-0.724201,0.311831,-0.726791,0.550849,-0.596624,0.462743,0.611172,-0.749348,-0.826508,0.899146,-0.073906,0.260471,-0.953479
0.000000,0.000000,0.000000,0.000000,0.000000,0.000000,0.000000,0.000000,0.000000,0.000000,0.000000,0.000000,0.000000,0.000000,0.000000,1.196775,0.010795,0.772437,-0.457121,0.550383,0.324426,-0.769458,-0.413250,-0.524272,-0.114945,0.270668,-0.133160,-0.510927,0.391758,0.168942,0.038628,0.108839,-0.556199,0.360862,-0.224999,-0.273064,-0.700532,0.193675,0.205329,-0.319399,0.719700,0.690916,-0.781891,0.390077,-0.212330,0.999430,-0.549953,-0.438952,-0.115787,-0.462570,0.383987,-0.038184,-0.558242,0.012748,0.777576,0.584791,-0.002342,-0.423015,-0.640227,0.756766,0.420334,0.144327,0.758869,-0.756619,0.364979,-0.566575,-0.758845,-0.068783,-0.225214,0.882347,-0.352041,0.629805,0.497654,0.335848,0.840801,-0.184151,-0.220658,-0.678105,-0.448476,0.759553,-0.051236,-0.317293,-0.567776,-0.030079,0.433331,-0.426616,0.515433,0.259576,0.575125,-0.498181,0.262056,-0.692529,-0.272406,0.448720,0.263337,-0.624279,0.716685,-0.893298,0.190431,0.967641,0.063009,0.601344,0.190362,0.566177,0.311188,0.382264,-0.544378,0.483642,-0.524180,0.961281,-0.544426,-0.526632,0.717346,-0.514028,-0.278194,0.429280,-0.682503,-0.681856,-0.027283,-0.512606,-0.528684,-0.981522,-0.259101,-0.363499,-0.937688,0.242466,0.253310,-0.858399
0.000000,0.000000,0.000000,0.000000,0.000000,0.000000,0.000000,0.000000,0.000000,0.000000,0.000000,0.000000,0.000000,0.000000,0.000000,0.000000,1.292604,0.745611,0.164334,-0.176051,-0.069796,-0.583440,0.623763,0.828009,0.821328,-0.552131,-0.378519,-0.678754,-0.385598,-0.334389,0.266211,-0.620707,0.838794,-0.793801,-0.986244,0.709890,0.407540,-0.289280,0.190999,-0.552912,-0.663221,-0.057702,-0.293624,0.230460,-0.563702,0.325855,0.533723,-0.666728,-0.912283,-0.120825,0.548048,0.301560,0.403763,-0.194321,-0.530109,0.063558,-0.591269,0.452457,-0.606067,-0.417473,0.013090,-0.026580,0.201699,-0.125111,0.838947,0.679868,0.758227,0.259033,0.270016,0.218397,-0.130232,-0.355788,0.184006,-0.948936,-0.985087,0.703284,-0.907152,0.049590,0.229976,-0.603658,0.791462,-0.619808,0.769030,0.525981,-0.518514,-0.698512,-0.367535,-0.204099,-0.508431,0.997783,-0.540695,0.661270,-0.681765,0.960489,-0.548953,-0.156623,0.117128,-0.759429,0.633640,-0.450629,0.098540,0.099268,0.205281,-0.889028,-0.662762,-0.677616,-0.395897,-0.710172,0.843843,0.025909,0.247150,-0.285024,-0.447508,0.006354,-0.411354,-0.312708,-0.094498,0.011467,0.968628,-0.553355,-0.024048,-0.700977,-0.300002,0.434621,-0.651076,0.162703,-0.166598,-0.896841
0.000000,0.000000,0.000000,0.000000,0.000000,0.000000,0.000000,0.000000,0.000000,0.000000,0.000000,0.000000,0.000000,0.000000,0.000000,0.000000,0.000000,2.832688,-0.172794,0.567853,-0.167373,0.874721,-0.419059,-0.175539,0.517728,-0.312665,-0.271286,0.989646,0.111229,0.378761,0.286924,0.655848,0.723650,0.126512,-0.410888,-0.954400,0.228807,0.650938,-0.098920,-0.670588,-0.423836,0.019978,0.673362,-0.656494,0.224300,0.506737,0.872095,-0.766593,0.852783,0.202935,0.533403,-0.892451,0.012296,0.245259,-0.386332,-0.136700,0.108596,0.105096,-0.916277,-0.121036,-0.572364,0.833390,0.953160,-0.400706,-0.649629,-0.560992,-0.044495,0.749011,0.000072,-0.889216,-0.920229,-0.545218,0.685543,0.242961,0.125916,-0.362061,0.858851,-0.337644,0.669889,0.791807,-0.033330,0.788579,-0.446393,0.316867,-0.824073,-0.052132,-0.565336,-0.874473,-0.992549,-0.350496,0.179061,-0.089539,-0.396461,0.982400,0.879050,-0.748693,-0.169785,0.297694,0.466982,-0.267256,0.492564,-0.751700,-0.336375,0.432866,0.251366,0.674420,-0.906286,-0.651217,-0.903011,-0.615772,-0.991434,0.008421,0.056629,0.315784,-0.230175,-0.993585,0.347782,-0.891418,0.732341,-0.954692,0.060950,0.789836,0.144979,0.216833,0.363222,-0.755182,0.349854,0.760710
0.000000,0.000000,0.000000,0.000000,0.000000,0.000000,0.000000,0.000000,0.000000,0.000000,0.000000,0.000000,0.000000,0.000000,0.000000,0.000000,0.000000,0.000000,2.935552,-0.113896,-0.310990,0.506619,0.085749,-0.485391,-0.655684,-0.659539,-0.081646,-0.659751,-0.960562,-0.895822,0.859769,-0.854077,-0.853639,-0.097623,-0.509799,0.925388,0.821972,-0.190514,-0.102537,-0.249773,-0.924268,-0.414306,-0.754653,-0.795259,0.121723,-0.802470,-0.794137,-0.038973,-0.115435,-0.724730,-0.991102,-0.614051,-0.528215,0.600497,0.830877,-0.188111,-0.189947,0.424963,0.253844,-0.631720,-0.784622,-0.124776,0.129657,-0.722585,-0.413453,-0.388114,-0.477404,-0.078477,0.306127,0.018780,-0.597087,-0.794122,0.643741,-0.041391,-0.875722,-0.483757,0.608068,0.503453,0.751633,0.204176,-0.154188,-0.146730,-0.612000,0.301598,0.170138,-0.690271,0.771326,-0.263064,-0.900522,-0.344238,0.739713,0.833913,-0.019203,0.912680,0.750484,0.650461,0.719420,-0.236249,0.512938,0.154678,0.439368,-0.644428,0.462788,0.915185,-0.394673,0.972323,-0.243248,-0.600553,-0.775428,0.569924,0.109651,-0.385737,0.216901,-0.335798,-0.103284,0.725328,0.336333,0.524804,0.166987,0.982796,-0.517180,-0.475418,-0.814882,0.108039,0.226718,0.451923,-0.329108,-0.975486
0.000000,0.000000,0.000000,0.000000,0.000000,0.000000,0.000000,0.000000,0.000000,0.000000,0.000000,0.000000,0.000000,0.000000,0.000000,0.000000,0.000000,0.000000,0.000000,2.080574,0.997391,-0.410901,-0.632131,-0.436466,-0.149169,-0.498174,-0.306080,0.276413,-0.309944,-0.207882,-0.919937,0.835885,-0.186228,-0.343713,-0.827032,0.268366,0.727650,-0.917694,-0.709455,-0.707220,0.204550,0.842461,-0.124463,-0.312387,0.531681,0.485138,-0.506488,-0.678347,-0.284380,0.551207,0.390127,0.331707,0.658857,-0.445739,-0.320633,-0.915321,0.737492,0.164859,-0.403755,-0.861167,0.446819,0.497475,0.332357,-0.592438,0.826432,0.506316,0.315513,0.301888,0.808715,0.856614,0.191275,-0.166661,-0.272532,0.638158,0.289211,-0.845468,-0.715628,0.800372,0.768996,0.903665,-0.144298,0.568122,0.656450,-0.368606,-0.709325,0.994053,-0.939562,0.194672,0.300425,0.363579,-0.488745,0.443158,-0.567201,0.658077,-0.561767,0.393412,0.566827,-0.622108,-0.524027,0.558207,-0.828002,-0.618478,-0.088938,0.860364,0.123756,-0.224644,0.956740,-0.072577,-0.132530,-0.176711,-0.375640,-0.348610,0.375674,-0.918329,0.363633,-0.597591,-0.231584,-0.706922,0.105502,0.458701,-0.290689,-0.673167,-0.546989,0.636226,-0.464703,0.549405,-0.337601,-0.622535
0.000000,0.000000,0.000000,0.000000,0.000000,0.000000,0.000000,0.000000,0.000000,0.000000,0.000000,0.000000,0.000000,0.000000,0.000000,0.000000,0.000000,0.000000,0.000000,0.000000,2.318271,-0.062910,-0.937445,0.919885,-0.704493,-0.293186,-0.230411,-0.021140,0.570888,-0.987819,0.864944,0.291979,0.901298,0.634779,0.855676,0.202001,-0.285382,-0.114172,0.316065,-0.146136,0.463346,-0.816304,0.659973,-0.591623,0.887895,-0.688908,-0.741672,0.623752,0.637404,0.477519,0.921061,-0.458921,0.653297,-0.295919,0.074797,-0.108800,-0.988300,0.148924,0.495012,-0.650895,0.863312,0.060799,-0.643508,0.291895,-0.616155,-0.872933,0.370630,-0.778610,-0.787565,0.479887,-0.889596,0.619538,0.592298,-0.717213,0.036761,-0.806749,0.265142,-0.874140,0.888962,-0.584539,0.365789,-0.743417,-0.580807,-0.098101,0.146192,0.997726,-0.948148,-0.999371,-0.299266,-0.267687,0.767674,0.825165,0.761050,-0.713642,-0.175790,0.491770,-0.374778,0.326476,-0.525714,-0.353161,0.720859,-0.498982,0.928648,-0.387481,-0.952944,-0.490198,-0.657590,0.013654,-0.774568,0.252098,0.749798,-0.274962,-0.663015,-0.199950,0.571934,0.182975,-0.797714,0.074374,-0.063829,-0.345775,-0.779679,0.962224,-0.647913,-0.614514,-0.708835,0.140386,-0.112661,-0.500886
0.000000,0.000000,0.000000,0.000000,0.000000,0.000000,0.000000,0.000000,0.000000,0.000000,0.000000,0.000000,0.000000,0.000000,0.000000,0.000000,0.000000,0.000000,0.000000,0.000000,0.000000,1.573558,0.347044,-0.436599,0.830492,-0.387308,-0.603642,0.909136,0.621121,-0.313725,0.682864,0.037628,-0.306495,0.679223,0.504330,-0.404250,0.213357,-0.261220,-0.997896,0.923631,0.099258,0.196865,0.199783,0.101283,-0.419904,0.943152,0.243337,0.341843,-0.090414,-0.424277,-0.871302,-0.299540,-0.647805,0.324177,0.758008,-0.394490,-0.334235,0.340729,-0.701457,0.858875,-0.272306,-0.797601,-0.650632,0.865492,-0.505761,0.324538,-0.687670,-0.611797,0.758476,-0.703934,-0.962499,0.002466,0.725454,-0.348018,-0.743675,0.964462,0.353477,0.701381,0.504277,0.396485,-0.230872,-0.351320,0.433917,0.433426,0.901177,0.137320,-0.410758,-0.020942,0.227428,-0.146540,0.582266,0.169226,-0.981129,0.139680,0.267208,0.830523,-0.172557,0.148935,-0.050005,0.063313,-0.865392,0.794567,0.820825,0.096119,0.113111,-0.884888,0.195901,-0.141696,0.418087,-0.905750,0.421775,-0.426212,0.303411,0.254252,-0.546317,-0.119095,0.671267,0.211183,-0.862523,-0.114182,-0.376457,0.283291,0.229128,-0.979204,0.215391,0.469699,0.537460,-0.882048
0.000000,0.000000,0.000000,0.000000,0.000000,0.000000,0.000000,0.000000,0.000000,0.000000,0.000000,0.000000,0.000000,0.000000,0.000000,0.000000,0.000000,0.000000,0.000000,0.000000,0.000000,0.000000,1.259146,-0.157453,-0.640457,-0.158532,-0.857741,-0.773565,0.337390,-0.474855,0.422812,-0.903783,0.125406,-0.217103,0.593943,0.567903,-0.248881,0.245428,-0.544902,0.160814,-0.837471,-0.130791,-0.634545,0.766762,-0.110198,0.181547,-0.279236,-0.422518,-0.594160,0.823743,0.598932,-0.733478,0.493450,-0.162938,-0.969207,0.056735,-0.739907,-0.580131,0.392082,-0.485716,0.783776,0.314340,0.664567,0.230379,0.737699,-0.276631,0.098281,0.031781,0.807581,-0.670169,0.156122,0.508862,-0.259900,0.735163,-0.253970,-0.653382,0.168097,-0.158864,-0.969620,-0.860323,-0.609446,0.538660,0.784079,0.091282,-0.788869,0.068838,0.711211,0.498955,-0.417804,-0.752219,0.801363,0.708177,-0.892569,0.647349,-0.805575,-0.873433,0.517202,0.072621,-0.170904,0.807724,0.678607,-0.884753,0.232174,0.544535,0.100981,0.966011,0.372095,-0.791714,-0.603404,0.652491,0.993513,-0.803321,-0.799341,0.526774,-0.871291,-0.862880,0.777633,0.600900,0.763126,0.301027,-0.354927,0.812626,-0.402553,-0.448978,0.772801,0.361645,0.791344,-0.688197
0.000000,0.000000,0.000000,0.000000,0.000000,0.000000,0.000000,0.000000,0.000000,0.000000,0.000000,0.000000,0.000000,0.000000,0.000000,0.000000,0.000000,0.000000,0.000000,0.000000,0.000000,0.000000,0.000000,2.880742,0.225484,0.336070,0.828121,-0.238494,0.439150,0.280681,0.575505,0.793886,0.360122,-0.864721,-0.633719,0.907956,0.937301,0.934827,-0.926401,-0.235104,0.519345,0.505772,-0.828182,0.218978,-0.714261,-0.013581,-0.520629,-0.893678,-0.839961,0.821786,0.489292,0.863648,-0.060020,-0.173415,-0.283185,0.232614,-0.296881,0.492546,0.602635,0.751689,-0.514398,0.054044,-0.553111,-0.924888,0.415651,0.097963,0.447855,-0.824754,0.991052,0.988697,-0.070000,0.732117,-0.512863,0.475132,0.758452,0.629333,0.623548,-0.073947,0.639980,0.381410,-0.735097,-0.771631,0.543844,0.250928,0.038752,0.814524,0.319181,-0.207707,-0.172136,0.210489,0.520551,0.128707,0.017522,0.453801,0.410529,0.660694,-0.874896,0.509904,0.027521,-0.850614,0.358020,0.433080,0.047254,0.587598,-0.399504,-0.596186,-0.298532,-0.179899,0.391867,0.691040,0.441836,-0.652025,-0.267566,-0.683173,0.373448,-0.503656,0.050774,0.583660,0.341879,-0.403252,-0.334266,0.306729,0.098935,-0.807213,0.747983,0.025226,-0.053278,-0.603121
0.000000,0.000000,0.000000,0.000000,0.000000,0.000000,0.000000,0.000000,0.000000,0.000000,0.000000,0.000000,0.000000,0.000000,0.000000,0.000000,0.000000,0.000000,0.000000,0.000000,0.000000,0.000000,0.000000,0.000000,1.442485,-0.334350,-0.458529,0.134813,-0.075449,0.778395,0.882688,-0.561053,-0.799789,0.570675,0.989723,0.727200,-0.952605,-0.497473,-0.913315,0.641559,0.162814,0.027437,0.108900,-0.495097,0.203277,-0.938666,0.292023,0.468868,0.346053,-0.335765,0.652526,0.431088,-0.743405,-0.609712,0.274217,-0.421168,-0.761134,-0.690062,-0.668766,-0.044418,0.214771,-0.647195,0.424993,-0.437975,-0.376884,-0.553003,0.570412,0.919628,-0.015000,-0.915939,-0.478861,-0.683899,0.685525,-0.830292,0.932952,0.177028,0.035480,0.694701,-0.944905,0.554305,-0.766792,0.681556,0.058352,-0.877741,0.666490,-0.945372,-0.723259,0.595649,-0.070258,0.762777,0.270859,0.247058,-0.415530,-0.732639,0.922345,-0.790405,0.058021,-0.454863,-0.471719,0.189172,0.595868,0.554359,0.737603,-0.414195,-0.068497,-0.981331,0.493715,-0.395314,0.122987,-0.661399,0.638799,0.634544,0.754906,-0.908126,0.984917,-0.504441,-0.381133,-0.501329,-0.464935,0.105323,-0.520379,-0.212457,0.311213,0.672052,0.385483,0.188646,-0.704543,0.632231
0.000000,0.000000,0.000000,0.000000,0.000000,0.000000,0.000000,0.000000,0.000000,0.000000,0.000000,0.000000,0.000000,0.000000,0.000000,0.000000,0.000000,0.000000,0.000000,0.000000,0.000000,0.000000,0.000000,0.000000,0.000000,0.593187,-0.471617,-0.885882,0.334858,-0.263258,0.304097,-0.305938,-0.088519,-0.084078,-0.908839,-0.139547,0.282129,0.092104,-0.849432,0.336112,-0.382274,-0.971130,-0.688809,-0.004881,-0.379197,0.388766,-0.518693,0.545592,-0.427046,0.241727,0.598433,-0.228888,-0.906390,0.070891,0.990818,0.937984,-0.557956,0.511393,-0.310096,-0.679455,0.331829,0.001737,0.078461,0.654785,-0.326913,0.334190,-0.267617,-0.914552,-0.243970,0.900069,-0.033475,-0.783539,0.375654,0.926759,0.815890,0.143922,-0.247439,0.161355,0.631862,0.722475,0.637688,-0.089047,-0.762284,0.138347,-0.687142,-0.878083,-0.002664,0.310747,0.708295,0.565671,0.714481,0.520138,0.406479,-0.979725,0.252205,-0.759036,-0.882666,-0.687176,0.646584,0.487699,0.897545,0.957953,0.786568,-0.734148,0.756765,0.677274,0.742172,-0.696629,-0.766416,0.847618,-0.652347,-0.262757,-0.088030,-0.751115,-0.958731,0.988181,0.753314,0.824676,-0.430874,-0.559797,-0.148267,-0.093361,-0.988801,0.558506,0.993334,0.057382,-0.223483,-0.214496
0.000000,0.000000,0.000000,0.000000,0.000000,0.000000,0.000000,0.000000,0.000000,0.000000,0.000000,0.000000,0.000000,0.000000,0.000000,0.000000,0.000000,0.000000,0.000000,0.000000,0.000000,0.000000,0.000000,0.000000,0.000000,0.000000,0.740193,-0.467676,0.004266,-0.136304,0.090069,0.698131,-0.549515,-0.944672,-0.923549,-0.731662,0.140966,0.616370,0.773612,0.270226,-0.193713,-0.690971,-0.197163,-0.335170,0.740052,-0.026561,-0.547608,-0.422398,-0.727060,0.837171,-0.899308,-0.974308,-0.634022,0.621748,0.046934,0.251687,-0.284537,-0.862644,0.712316,-0.616211,-0.933882,0.145408,-0.833422,-0.808476,0.600754,-0.016781,-0.516983,-0.302747,0.458482,-0.867292,-0.767039,0.232524,0.213943,0.944924,-0.250901,-0.869845,0.075075,0.276694,-0.720794,0.105724,-0.604466,0.689460,0.670323,-0.140742,0.933486,0.959548,-0.741498,-0.264572,0.200643,-0.830324,-0.234689,-0.477656,0.904100,-0.176828,0.525342,-0.226589,-0.736376,0.726303,-0.999166,-0.888118,-0.271231,0.373797,-0.316591,-0.867374,-0.364320,-0.510038,-0.989160,0.069604,-0.766708,-0.425007,0.282380,0.450231,-0.473089,-0.341613,-0.506182,0.913777,-0.618961,-0.633639,-0.109929,-0.621387,-0.686583,-0.808241,0.280342,0.224165,0.300326,0.546600,-0.347284,0.836847
0.000000,0.000000,0.000000,0.000000,0.000000,0.000000,0.000000,0.000000,0.000000,0.000000,0.000000,0.000000,0.000000,0.000000,0.000000,0.000000,0.000000,0.000000,0.000000,0.000000,0.000000,0.000000,0.000000,0.000000,0.000000,0.000000,0.000000,2.333012,0.609417,0.441924,-0.283089,-0.433935,-0.154966,-0.805939,-0.097439,-0.913718,-0.992108,0.862998,0.378674,0.123694,-0.317796,0.141076,0.783152,0.304760,0.204964,-0.079591,-0.308606,0.397094,0.961962,-0.150485,-0.215590,-0.143773,-0.148912,0.981250,0.413557,-0.281631,-0.256995,-0.138406,-0.926576,0.055633,0.622762,0.321136,-0.603158,0.456068,0.438917,-0.474922,0.245749,0.221898,0.679575,-0.727855,-0.610323,-0.028061,-0.911710,-0.168812,0.576438,-0.702571,-0.080103,0.979538,0.011840,-0.003352,0.117587,-0.627991,-0.705672,0.354709,-0.208466,-0.420187,-0.937217,0.692101,-0.935342,0.499966,-0.236023,0.197376,-0.504644,-0.689201,0.066776,0.391235,-0.609013,-0.127282,-0.110690,-0.568042,0.130099,-0.708129,0.019498,-0.773137,-0.028915,-0.376802,-0.095507,-0.132501,0.815866,-0.020129,0.636998,-0.548695,-0.295834,-0.849821,-0.158504,0.337400,0.676334,0.131830,0.280145,-0.645466,-0.925588,0.583376,-0.665924,-0.817661,0.875125,0.927043,0.232515,-0.242725
0.000000,0.000000,0.000000,0.000000,0.000000,0.000000,0.000000,0.000000,0.000000,0.000000,0.000000,0.000000,0.000000,0.000000,0.000000,0.000000,0.000000,0.000000,0.000000,0.000000,0.000000,0.000000,0.000000,0.000000,0.000000,0.000000,0.000000,0.000000,2.583099,-0.590560,-0.141215,-0.285965,0.825400,0.839555,0.301772,-0.778520,-0.035614,-0.509343,0.769831,-0.723194,-0.891379,0.408858,-0.093428,0.676730,-0.850741,0.602152,-0.925330,-0.943860,-0.077368,-0.557417,0.187437,-0.948366,-0.929221,0.454297,-0.579670,0.312834,0.499844,-0.881338,0.539508,-0.463158,-0.220908,-0.826722,0.677260,0.121458,0.009331,0.937110,-0.330988,0.781559,0.439376,0.857056,0.815604,0.982060,-0.736646,0.592033,0.608989,0.288747,-0.442278,0.930297,-0.591156,-0.000849,0.042974,-0.676341,0.445058,-0.822266,0.386196,0.697231,-0.301207,0.418842,-0.686452,0.691898,0.904063,-0.694613,0.383719,0.011662,0.062999,0.412979,-0.022519,0.200653,-0.538198,-0.242987,0.730481,-0.780195,0.195151,-0.631426,0.693079,0.158088,-0.193902,-0.500351,-0.126311,0.915225,0.018419,-0.061021,0.492548,-0.241906,-0.145152,-0.326105,-0.698160,0.427618,0.746062,0.811185,0.761606,-0.096432,-0.431868,0.275847,0.909410,0.454101,-0.010303,0.377617
0.000000,0.000000,0.000000,0.000000,0.000000,0.000000,0.000000,0.000000,0.000000,0.000000,0.000000,0.000000,0.000000,0.000000,0.000000,0.000000,0.000000,0.000000,0.000000,0.000000,0.000000,0.000000,0.000000,0.000000,0.000000,0.000000,0.000000,0.000000,0.000000,2.431345,0.838539,0.526432,-0.133619,-0.452787,-0.000237,-0.343644,0.885529,0.015932,-0.055887,-0.303608,0.278814,0.040103,-0.741902,0.738416,-0.281974,-0.134843,-0.588666,0.106796,0.404110,0.762331,-0.896785,0.946664,0.407635,-0.431403,-0.591050,-0.407824,0.751452,-0.417220,-0.074358,0.411476,0.743980,0.317142,0.506218,-0.653346,0.754816,-0.448562,-0.743244,0.952489,-0.596720,-0.726696,0.252042,-0.362274,-0.733302,0.202242,0.517970,0.586397,-0.688975,0.113734,0.627357,-0.677826,-0.584635,-0.995177,0.049268,-0.610637,0.448485,0.924428,-0.582489,0.298194,-0.576331,-0.963986,0.517108,-0.131991,0.893574,0.068572,-0.685034,-0.100451,-0.594216,0.756059,0.381806,-0.317522,0.055641,0.338960,0.565715,-0.839706,-0.954962,-0.771095,-0.210007,-0.066587,-0.727077,-0.177694,-0.116754,-0.781820,0.833320,0.198292,-0.222929,0.013814,-0.371605,0.708662,0.150030,-0.010208,0.821771,0.675959,0.625604,-0.548782,-0.693754,0.380193,-0.062715,0.367425
0.000000,0.000000,0.000000,0.000000,0.000000,0.000000,0.000000,0.000000,0.000000,0.000000,0.000000,0.000000,0.000000,0.000000,0.000000,0.000000,0.000000,0.000000,0.000000,0.000000,0.000000,0.000000,0.000000,0.000000,0.000000,0.000000,0.000000,0.000000,0.000000,0.000000,2.401568,-0.409373,-0.430699,-0.018337,-0.452901,0.334591,0.493461,-0.055922,0.447600,0.020875,0.425743,-0.550064,0.477686,0.430248,-0.466789,0.111942,0.710623,-0.500955,0.471960,0.907933,0.732484,-0.196960,0.214415,0.983540,0.136875,-0.769945,-0.909138,0.580629,-0.152743,-0.506374,-0.304656,0.514746,-0.069505,0.736999,0.469851,0.948028,0.777008,-0.490906,0.318118,-0.958914,0.982213,-0.477988,0.329590,0.698307,-0.679071,0.695759,-0.975509,-0.116046,-0.055925,-0.251819,0.172769,0.829685,-0.346022,0.158520,0.754925,0.545991,-0.918533,0.885582,-0.906706,0.177517,0.150707,0.572780,-0.703114,-0.641259,0.504214,-0.700990,-0.061110,0.463296,0.302484,-0.578792,-0.392079,0.937950,-0.102659,-0.911085,-0.560830,-0.315130,0.998979,-0.394617,-0.947208,0.025843,-0.832789,-0.451865,0.984766,0.409277,-0.898667,-0.102627,-0.656725,-0.754111,0.174131,0.011312,0.485733,0.784612,-0.506636,0.845984,0.035984,-0.482330,0.691572,-0.928940
0.000000,0.000000,0.000000,0.000000,0.000000,0.000000,0.000000,0.000000,0.000000,0.000000,0.000000,0.000000,0.000000,0.000000,0.000000,0.000000,0.000000,0.000000,0.000000,0.000000,0.000000,0.000000,0.000000,0.000000,0.000000,0.000000,0.000000,0.000000,0.000000,0.000000,0.000000,1.898773,0.443243,-0.440045,0.726984,-0.519431,0.679749,-0.842910,-0.680145,-0.238031,0.708111,-0.710829,0.750876,-0.540537,-0.094983,-0.294531,-0.763748,0.888619,-0.123643,0.380663,0.150535,0.003432,0.233155,0.796685,0.398625,0.064960,0.290372,0.212789,-0.133758,0.249528,-0.112860,0.515229,0.937825,0.919731,0.641472,0.203518,0.498664,-0.643903,-0.041963,-0.485390,-0.993010,0.933475,0.727697,0.027397,-0.491695,0.385950,-0.130398,0.606699,0.999036,-0.301835,-0.511194,-0.465235,-0.813308,-0.211908,-0.965150,-0.771209,-0.456609,-0.680274,0.464318,-0.788790,0.731988,-0.557771,-0.782819,-0.979787,0.430410,-0.486767,0.018997,-0.776768,0.970592,-0.749231,-0.176148,0.703299,-0.510226,-0.466056,0.616999,-0.453321,-0.994257,-0.144173,-0.974930,0.819585,0.283626,0.166029,-0.596821,0.399892,0.354509,-0.879073,0.761693,0.158827,0.584934,-0.474172,-0.755904,0.404899,0.587765,-0.227933,-0.952615,0.636508,-0.587812,-0.321936
0.000000,0.000000,0.000000,0.000000,0.000000,0.000000,0.000000,0.000000,0.000000,0.000000,0.000000,0.000000,0.000000,0.000000,0.000000,0.000000,0.000000,0.000000,0.000000,0.000000,0.000000,0.000000,0.000000,0.000000,0.000000,0.000000,0.000000,0.000000,0.000000,0.000000,0.000000,0.000000,2.070578,-0.800091,-0.856008,-0.948592,0.833280,-0.377235,0.321318,0.978470,0.338902,0.050190,0.041840,-0.246166,0.199559,0.917583,0.576088,-0.151547,-0.335110,0.767063,-0.728428,0.699171,-0.489846,0.431258,0.612441,-0.046007,-0.615432,0.689535,-0.264983,-0.358639,0.020032,-0.129828,0.366104,-0.725604,-0.128621,0.783404,-0.927875,-0.085323,0.321064,0.775422,0.187572,0.648969,-0.554618,-0.294381,0.884265,0.771950,0.115906,-0.049023,-0.097865,-0.882421,0.784754,0.636299,-0.087498,-0.441120,-0.314159,-0.753679,0.443579,0.113340,-0.531793,0.246011,0.958460,-0.755210,-0.083030,-0.011682,-0.666406,0.063160,0.211955,-0.685311,-0.690552,0.712697,-0.377225,0.260667,0.253546,0.678342,0.479789,0.681153,0.250430,-0.101086,-0.212867,-0.241940,-0.163214,-0.741381,-0.152083,-0.221110,-0.930857,-0.449738,0.503814,0.155891,0.612335,0.085376,0.708168,0.592134,-0.803431,0.954013,-0.970505,0.193676,0.585023,-0.336212
0.000000,0.000000,0.000000,0.000000,0.000000,0.000000,0.000000,0.000000,0.000000,0.000000,0.000000,0.000000,0.000000,0.000000,0.000000,0.000000,0.000000,0.000000,0.000000,0.000000,0.000000,0.000000,0.000000,0.000000,0.000000,0.000000,0.000000,0.000000,0.000000,0.000000,0.000000,0.000000,0.000000,1.996424,-0.275755,-0.878770,-0.983077,-0.810276,-0.803181,0.221780,0.051730,-0.089073,0.383843,-0.966348,-0.458033,0.554785,0.819954,-0.123327,-0.837032,0.597457,0.770341,-0.172679,-0.513289,-0.912057,0.182166,0.819739,0.355776,-0.365503,0.285777,0.664137,-0.048340,0.639497,-0.216181,-0.302989,0.165977,-0.070627,0.954224,0.032779,-0.229656,-0.210133,0.095880,-0.290176,0.445813,-0.238674,-0.231711,0.233946,-0.878306,0.310710,0.009944,-0.093948,0.438506,0.516512,0.692522,-0.250394,-0.345925,0.428684,0.163610,0.263603,0.111046,0.545386,-0.619918,0.111424,-0.683796,-0.185496,0.327988,-0.013857,-0.240817,0.769940,0.545651,0.052582,0.900106,-0.151269,0.576146,-0.664128,-0.428415,-0.323829,-0.788358,0.003610,-0.615480,0.268372,-0.619815,-0.752987,0.938173,0.316481,0.872902,-0.020224,-0.933195,0.148742,0.116658,-0.970049,0.722484,0.239941,0.489382,-0.012158,0.236805,-0.485060,0.947516,-0.198560
0.000000,0.000000,0.000000,0.000000,0.000000,0.000000,0.000000,0.000000,0.000000,0.000000,0.000000,0.000000,0.000000,0.000000,0.000000,0.000000,0.000000,0.000000,0.000000,0.000000,0.000000,0.000000,0.000000,0.000000,0.000000,0.000000,0.000000,0.000000,0.000000,0.000000,0.000000,0.000000,0.000000,0.000000,0.905817,-0.888169,0.272344,0.966760,0.791589,0.404209,0.981196,0.445657,-0.321498,0.202436,-0.840467,-0.556635,-0.164920,-0.596363,0.907002,0.991195,-0.258128,0.418458,-0.184459,-0.720982,-0.326146,-0.533257,-0.343844,-0.569957,-0.775310,-0.565143,0.811514,-0.829557,-0.350487,0.056900,-0.290975,0.035214,-0.913160,0.297139,0.126958,0.361933,0.134516,-0.124193,-0.299717,-0.547130,0.000135,-0.947895,-0.343518,0.355745,-0.782566,-0.874218,0.304357,-0.204451,0.603650,0.874623,0.914081,-0.148814,-0.471346,0.217227,0.256386,0.244690,-0.356443,-0.872497,-0.579990,-0.691161,-0.752199,0.852567,-0.972305,0.203715,0.894948,-0.279894,0.054196,0.391567,-0.365661,-0.044696,0.634206,0.490711,0.616899,0.974680,-0.259345,0.494183,0.205569,0.333210,0.479748,0.499463,0.771490,-0.301357,0.306963,-0.439419,0.189137,0.502350,0.582002,-0.159751,0.017440,-0.332300,-0.661927,-0.478965,0.824274,-0.382061
0.000000,0.000000,0.000000,0.000000,0.000000,0.000000,0.000000,0.000000,0.000000,0.000000,0.000000,0.000000,0.000000,0.000000,0.000000,0.000000,0.000000,0.000000,0.000000,0.000000,0.000000,0.000000,0.000000,0.000000,0.000000,0.000000,0.000000,0.000000,0.000000,0.000000,0.000000,0.000000,0.000000,0.000000,0.000000,2.936898,-0.517044,0.446142,0.147807,0.393740,0.287916,0.413497,0.811094,0.126939,-0.864302,-0.458349,0.416438,-0.011851,0.097104,0.193161,-0.234741,0.547791,0.447070,0.428599,0.430620,0.780716,0.190786,0.934144,-0.761615,0.263918,0.433853,-0.045559,-0.423583,0.100075,-0.270505,0.818248,-0.286415,-0.648586,0.152778,-0.208015,-0.808204,0.129685,0.075693,-0.653606,0.195276,0.134718,0.547225,-0.276860,-0.502481,0.902440,0.122435,-0.945720,0.641423,-0.606484,0.572073,0.410325,0.937627,0.931159,-0.451179,0.532899,-0.366290,0.258396,0.195492,-0.890913,-0.989637,-0.884472,-0.744116,-0.484695,0.813910,0.037265,0.593783,0.676624,0.469886,-0.217230,0.727719,0.484100,0.486303,0.803149,0.197327,0.057149,0.780325,-0.091077,0.623141,-0.892307,-0.997420,0.056585,-0.852776,0.953086,-0.988998,0.436299,-0.513231,0.935104,-0.236917,-0.945433,-0.946128,0.106747,0.973424,0.959547
0.000000,0.000000,0.000000,0.000000,0.000000,0.000000,0.000000,0.000000,0.000000,0.000000,0.000000,0.000000,0.000000,0.000000,0.000000,0.000000,0.000000,0.000000,0.000000,0.000000,0.000000,0.000000,0.000000,0.000000,0.000000,0.000000,0.000000,0.000000,0.000000,0.000000,0.000000,0.000000,0.000000,0.000000,0.000000,0.000000,1.343182,-0.034593,-0.799088,0.044354,0.199403,-0.497877,0.224229,0.799386,-0.998089,-0.542132,-0.580161,-0.752228,-0.667798,0.251825,-0.794611,0.477063,0.774045,0.853175,0.320352,-0.605207,-0.829407,-0.535950,0.923914,0.924690,-0.236162,-0.348417,0.020021,-0.416624,0.959325,-0.557557,-0.261715,-0.141258,-0.749872,-0.234350,0.713461,-0.719278,0.168044,-0.186726,-0.658927,-0.975328,-0.453313,-0.876342,-0.246463,0.620420,0.439371,0.894767,-0.145969,0.415603,0.330683,-0.565907,-0.392835,0.059659,0.593315,-0.076375,-0.544517,0.986931,-0.768842,0.911778,0.618093,0.677787,0.589835,-0.583658,0.265165,0.513500,0.491372,-0.456869,-0.637761,-0.343754,-0.040311,0.147561,0.673901,0.538068,0.352301,-0.473021,-0.042239,-0.329128,-0.530144,-0.979509,-0.321076,-0.487767,0.143805,-0.875396,-0.458961,-0.910461,0.282836,0.136379,-0.325040,-0.705331,0.915840,0.168785,0.358227,0.062698
0.000000,0.000000,0.000000,0.000000,0.000000,0.000000,0.000000,0.000000,0.000000,0.000000,0.000000,0.000000,0.000000,0.000000,0.000000,0.000000,0.000000,0.000000,0.000000,0.000000,0.000000,0.000000,0.000000,0.000000,0.000000,0.000000,0.000000,0.000000,0.000000,0.000000,0.000000,0.000000,0.000000,0.000000,0.000000,0.000000,0.000000,2.516333,0.792760,-0.234579,0.380051,-0.540225,0.303710,-0.201689,-0.986437,0.911056,0.736883,-0.418327,0.995515,-0.365745,-0.082312,0.702518,-0.390807,-0.098919,0.331174,-0.739065,-0.155299,-0.381180,0.353549,-0.728061,-0.534537,0.422752,-0.687551,-0.155961,0.425761,0.530937,-0.810238,0.703991,0.447945,-0.321411,0.527606,0.456598,0.201782,0.116962,0.469407,0.998520,0.157104,0.617436,0.488547,0.711617,0.909050,-0.613834,-0.669081,0.172704,-0.101410,0.141445,0.596085,0.863429,-0.165168,0.435865,-0.606402,0.069104,-0.956390,0.007501,0.090673,0.470891,0.298970,-0.283207,-0.988538,-0.769028,0.946121,0.844666,-0.349814,-0.482294,-0.127167,0.379880,-0.286345,-0.865412,-0.194410,-0.478822,-0.350140,-0.674086,0.317680,0.053262,-0.458274,0.107725,-0.014584,0.591950,0.911969,-0.738659,0.767827,0.409594,0.385107,-0.251398,-0.312184,-0.988721,0.964410,0.213012
0.000000,0.000000,0.000000,0.000000,0.000000,0.000000,0.000000,0.000000,0.000000,0.000000,0.000000,0.000000,0.000000,0.000000,0.000000,0.000000,0.000000,0.000000,0.000000,0.000000,0.000000,0.000000,0.000000,0.000000,0.000000,0.000000,0.000000,0.000000,0.000000,0.000000,0.000000,0.000000,0.000000,0.000000,0.000000,0.000000,0.000000,0.000000,1.505822,0.087538,-0.918946,-0.652698,0.246720,0.028523,0.574150,0.317485,0.202871,0.630531,-0.863474,0.381774,0.431181,-0.449673,-0.608701,-0.572295,-0.603718,0.047564,-0.728747,0.318572,-0.789843,-0.946221,-0.361420,-0.616281,0.977324,-0.394007,-0.555872,-0.606460,-0.252294,0.211698,0.563891,-0.270848,0.251942,-0.035880,0.692991,0.138084,-0.420217,0.407175,0.640129,-0.069119,0.974394,0.758194,-0.606091,0.573512,0.201902,0.069623,0.027877,0.706822,0.221746,0.075412,-0.902280,-0.103394,0.816083,0.423473,-0.898092,0.767985,0.653334,0.093368,-0.955189,0.124859,-0.890822,-0.359242,0.257819,0.825826,-0.284409,0.720048,0.836722,-0.957912,-0.521144,0.419725,0.513686,-0.215166,0.313509,0.224317,0.479550,0.437317,-0.828258,-0.683500,-0.734546,0.864960,0.827085,0.594825,-0.766563,0.148543,-0.625539,-0.263232,-0.465817,0.657862,-0.711097,0.292358
0.000000,0.000000,0.000000,0.000000,0.000000,0.000000,0.000000,0.000000,0.000000,0.000000,0.000000,0.000000,0.000000,0.000000,0.000000,0.000000,0.000000,0.000000,0.000000,0.000000,0.000000,0.000000,0.000000,0.000000,0.000000,0.000000,0.000000,0.000000,0.000000,0.000000,0.000000,0.000000,0.000000,0.000000,0.000000,0.000000,0.000000,0.000000,0.000000,2.959737,0.374109,-0.841533,0.815699,0.286159,-0.087378,0.319385,0.758089,-0.045746,0.062643,-0.095105,-0.854817,0.574140,-0.747177,-0.210860,-0.226354,-0.439918,-0.194986,0.236018,-0.377225,-0.654976,0.738735,0.941665,-0.082832,-0.345961,-0.905036,-0.926297,-0.214236,0.860484,0.461417,-0.301461,0.936093,-0.142484,-0.446415,-0.147294,-0.576914,0.771278,-0.277653,0.315938,-0.221906,0.803463,0.284762,-0.023496,-0.735714,0.803833,0.093634,-0.429894,0.755854,-0.891119,-0.371846,0.073657,-0.320371,-0.046531,-0.471367,-0.739834,-0.926292,-0.684707,0.905893,0.150806,-0.022080,-0.231352,0.416840,-0.717481,-0.447740,0.311804,-0.041871,0.540185,0.794220,0.646745,-0.631585,-0.817060,-0.661119,0.567061,0.827662,0.850898,-0.403568,0.680683,0.072471,0.645584,0.096730,-0.708214,-0.841561,0.914438,-0.148395,-0.298959,-0.287394,-0.242131,0.889994,-0.874591
0.000000,0.000000,0.000000,0.000000,0.000000,0.000000,0.000000,0.000000,0.000000,0.000000,0.000000,0.000000,0.000000,0.000000,0.000000,0.000000,0.000000,0.000000,0.000000,0.000000,0.000000,0.000000,0.000000,0.000000,0.000000,0.000000,0.000000,0.000000,0.000000,0.000000,0.000000,0.000000,0.000000,0.000000,0.000000,0.000000,0.000000,0.000000,0.000000,0.000000,0.797653,0.579303,0.098819,-0.742926,-0.931080,-0.551531,-0.478379,-0.971574,-0.567819,0.476638,0.710867,0.796472,-0.220172,-0.361173,0.999722,0.538681,0.074704,-0.490457,-0.357389,0.030729,0.084166,-0.972643,0.918800,0.151212,0.178316,-0.577058,0.529974,0.474529,-0.809684,0.189989,0.316387,0.671136,-0.587818,0.755270,-0.077038,-0.806953,-0.788758,-0.604391,-0.434499,-0.007188,0.497502,-0.626548,0.985304,-0.676956,0.198756,0.857881,0.665015,0.295778,0.430986,-0.731589,-0.980674,-0.131702,-0.820962,-0.284495,-0.552514,0.832693,0.760112,0.637886,0.427889,-0.691856,-0.903265,0.307776,0.284516,-0.261151,-0.054627,-0.021701,-0.520144,-0.371667,-0.163221,0.206358,0.911638,0.076969,0.462328,0.614002,-0.772984,0.306249,-0.035779,0.144862,-0.923166,0.812431,0.905568,-0.993036,-0.574417,-0.639612,0.562609,0.196160,-0.645333,0.627942
0.000000,0.000000,0.000000,0.000000,0.000000,0.000000,0.000000,0.000000,0.000000,0.000000,0.000000,0.000000,0.000000,0.000000,0.000000,0.000000,0.000000,0.000000,0.000000,0.000000,0.000000,0.000000,0.000000,0.000000,0.000000,0.000000,0.000000,0.000000,0.000000,0.000000,0.000000,0.000000,0.000000,0.000000,0.000000,0.000000,0.000000,0.000000,0.000000,0.000000,0.000000,1.383687,-0.078286,-0.225387,0.042760,-0.039715,-0.450832,-0.150888,0.816674,0.005788,0.832773,0.100254,0.537635,-0.412817,0.580827,-0.471357,-0.960900,-0.678542,-0.956694,0.894125,0.999954,0.524461,-0.783744,0.797891,0.487552,-0.335511,0.004556,0.323519,-0.951899,0.003082,0.464791,-0.623549,-0.112419,0.065060,0.471131,0.928907,0.696551,0.243037,0.167281,0.206373,0.090357,-0.881274,0.396593,0.432674,0.024961,0.740775,0.344874,-0.274671,-0.960611,-0.881677,-0.296403,-0.075789,-0.666258,-0.621343,-0.539577,0.561027,0.542576,-0.234122,-0.655271,-0.778183,-0.825741,-0.217441,-0.908915,-0.332730,0.923066,0.015009,0.645289,-0.741468,-0.463842,0.893093,-0.232896,0.296812,0.952254,0.101576,-0.389308,0.063897,-0.890726,-0.775260,-0.985658,0.768420,0.342561,-0.403340,-0.557677,0.366153,0.839064,-0.401722,-0.356882,0.708481
0.000000,0.000000,0.000000,0.000000,0.000000,0.000000,0.000000,0.000000,0.000000,0.000000,0.000000,0.000000,0.000000,0.000000,0.000000,0.000000,0.000000,0.000000,0.000000,0.000000,0.000000,0.000000,0.000000,0.000000,0.000000,0.000000,0.000000,0.000000,0.000000,0.000000,0.000000,0.000000,0.000000,0.000000,0.000000,0.000000,0.000000,0.000000,0.000000,0.000000,0.000000,0.000000,2.733440,0.828073,-0.413692,-0.759375,-0.120005,-0.408470,0.767733,-0.926730,0.267761,0.812363,0.953341,0.300261,0.899846,-0.848681,-0.281443,-0.982571,0.962368,0.805453,-0.943895,-0.963735,-0.266061,-0.482924,0.693865,-0.679031,0.581299,0.108919,-0.245216,-0.708560,0.995383,0.235972,-0.121236,-0.257745,0.811456,0.642384,0.622372,0.232397,0.775913,-0.401443,0.407412,-0.191105,0.199998,0.996306,0.969050,0.025238,0.147727,0.794644,0.971271,0.557216,-0.869631,-0.354721,0.793125,0.536705,0.484466,0.335846,-0.169472,-0.193517,0.617865,-0.412439,0.369664,0.452417,0.689112,-0.360229,0.483779,-0.787020,-0.723877,-0.165328,-0.889548,0.895397,0.803792,-0.902133,0.676623,0.017748,0.403926,0.773862,0.153949,-0.767346,-0.994843,-0.006157,0.898464,0.145244,-0.254122,-0.938156,0.829959,-0.345687,0.409555,0.388474
0.000000,0.000000,0.000000,0.000000,0.000000,0.000000,0.000000,0.000000,0.000000,0.000000,0.000000,0.000000,0.000000,0.000000,0.000000,0.000000,0.000000,0.000000,0.000000,0.000000,0.000000,0.000000,0.000000,0.000000,0.000000,0.000000,0.000000,0.000000,0.000000,0.000000,0.000000,0.000000,0.000000,0.000000,0.000000,0.000000,0.000000,0.000000,0.000000,0.000000,0.000000,0.000000,0.000000,1.134708,-0.872445,-0.229999,-0.365738,0.400513,0.639565,-0.555109,0.056462,-0.918783,-0.571488,0.523523,0.586797,0.552809,-0.715224,0.102069,-0.154583,0.982973,0.308140,0.870404,-0.709299,-0.098253,0.543215,-0.264285,0.265017,0.023404,0.983859,-0.652255,0.870697,-0.196858,-0.064014,0.057204,-0.469267,0.927315,0.822974,0.945810,0.993839,0.339600,-0.096629,0.701468,-0.952390,0.668808,-0.005428,0.346440,-0.251908,-0.262754,-0.936566,-0.152421,-0.183292,-0.550418,-0.505353,0.168279,-0.364457,0.660504,-0.777230,0.155290,-0.679911,0.056481,0.105092,0.284595,-0.145150,0.018949,-0.638095,-0.073969,-0.253939,0.332262,-0.130357,0.558683,-0.148016,-0.528458,-0.452623,-0.909430,0.079838,0.661762,0.538223,-0.124421,-0.607759,0.726969,-0.886438,-0.201555,0.713230,-0.213647,-0.764249,-0.468101,0.200059,-0.695928
0.000000,0.000000,0.000000,0.000000,0.000000,0.000000,0.000000,0.000000,0.000000,0.000000,0.000000,0.000000,0.000000,0.000000,0.000000,0.000000,0.000000,0.000000,0.000000,0.000000,0.000000,0.000000,0.000000,0.000000,0.000000,0.000000,0.000000,0.000000,0.000000,0.000000,0.000000,0.000000,0.000000,0.000000,0.000000,0.000000,0.000000,0.000000,0.000000,0.000000,0.000000,0.000000,0.000000,0.000000,2.137338,-0.123676,-0.331221,-0.518149,0.646660,-0.206652,0.476959,-0.119290,-0.816266,-0.118988,0.015376,-0.084316,0.632483,0.821703,0.573557,0.165564,0.082900,0.289232,-0.424339,0.623694,0.713696,-0.465566,0.805636,0.697465,-0.151026,0.818000,-0.759122,-0.944027,-0.304266,0.130871,-0.297115,0.884135,-0.490580,-0.437573,0.269655,-0.992272,0.455114,-0.245061,0.955496,0.382835,-0.895570,-0.814744,-0.823664,0.905245,0.368103,-0.144788,-0.599035,0.747279,-0.596888,0.413358,0.526649,-0.410688,0.009829,-0.554021,-0.242141,0.930269,0.386276,0.693228,0.081199,-0.521921,0.425760,0.001136,-0.646302,-0.175140,0.269680,0.470664,-0.513558,0.751995,-0.240898,-0.457727,-0.609760,0.608343,-0.291671,-0.033202,-0.554360,0.372182,0.562067,-0.321150,0.890159,-0.938779,-0.734114,0.177574,0.402814,-0.498634
0.000000,0.000000,0.000000,0.000000,0.000000,0.000000,0.000000,0.000000,0.000000,0.000000,0.000000,0.000000,0.000000,0.000000,0.000000,0.000000,0.000000,0.000000,0.000000,0.000000,0.000000,0.000000,0.000000,0.000000,0.000000,0.000000,0.000000,0.000000,0.000000,0.000000,0.000000,0.000000,0.000000,0.000000,0.000000,0.000000,0.000000,0.000000,0.000000,0.000000,0.000000,0.000000,0.000000,0.000000,0.000000,1.885178,-0.363228,0.108178,0.318655,0.945616,-0.088606,0.296432,0.156078,-0.364890,-0.493872,0.975741,-0.586295,0.580551,-0.706825,0.608703,-0.628543,0.934313,0.371975,-0.819764,0.386354,0.207242,-0.324908,-0.478528,0.437522,0.482723,-0.345588,0.752454,-0.462346,-0.860271,0.199736,-0.785859,-0.446672,0.014373,-0.427281,-0.570007,0.406371,0.093999,0.679522,0.162479,-0.033106,-0.477487,0.584132,-0.606258,-0.515543,0.683177,0.482385,0.225747,-0.922159,-0.745485,-0.000085,0.492678,-0.071798,-0.965414,-0.631460,0.177533,0.388434,-0.933143,-0.913336,-0.477380,-0.832997,0.083892,-0.752596,0.296439,0.554451,0.941033,0.896814,-0.453270,-0.941181,-0.341176,0.416960,-0.880398,-0.280575,-0.403931,-0.561309,0.412262,0.318194,0.070988,0.821549,-0.793722,-0.700622,-0.233101,0.311764,0.168159
0.000000,0.000000,0.000000,0.000000,0.000000,0.000000,0.000000,0.000000,0.000000,0.000000,0.000000,0.000000,0.000000,0.000000,0.000000,0.000000,0.000000,0.000000,0.000000,0.000000,0.000000,0.000000,0.000000,0.000000,0.000000,0.000000,0.000000,0.000000,0.000000,0.000000,0.000000,0.000000,0.000000,0.000000,0.000000,0.000000,0.000000,0.000000,0.000000,0.000000,0.000000,0.000000,0.000000,0.000000,0.000000,0.000000,0.685107,0.916850,-0.389870,-0.282055,0.247260,0.890331,0.325376,0.909547,-0.624818,0.237620,0.657758,0.018049,-0.275653,0.969517,-0.718025,-0.178141,0.746748,0.800961,0.960764,0.769695,-0.898086,0.859533,-0.143666,0.303238,-0.211448,0.627336,0.151839,0.691089,-0.612457,-0.630034,-0.119246,-0.990497,0.385706,-0.407893,0.114599,-0.859993,-0.658711,0.245718,-0.388675,-0.570556,-0.542307,-0.570361,0.245702,-0.664618,-0.274587,0.375774,0.027342,0.194562,-0.498186,0.865430,-0.172242,-0.426072,0.808652,0.310579,0.227892,0.773469,-0.882919,0.675359,0.355729,-0.280014,-0.487297,-0.790388,0.882148,-0.716176,-0.481123,0.382214,0.420305,-0.678463,0.628262,0.020575,0.696913,-0.825429,-0.914340,0.273981,-0.699952,0.049898,-0.971782,0.559859,0.799060,0.677766,0.916706,0.806192
0.000000,0.000000,0.000000,0.000000,0.000000,0.000000,0.000000,0.000000,0.000000,0.000000,0.000000,0.000000,0.000000,0.000000,0.000000,0.000000,0.000000,0.000000,0.000000,0.000000,0.000000,0.000000,0.000000,0.000000,0.000000,0.000000,0.000000,0.000000,0.000000,0.000000,0.000000,0.000000,0.000000,0.000000,0.000000,0.000000,0.000000,0.000000,0.000000,0.000000,0.000000,0.000000,0.000000,0.000000,0.000000,0.000000,0.000000,1.610045,-0.203304,0.792367,0.853878,0.945672,0.536634,-0.596022,0.889908,0.894283,0.332263,0.714561,0.122353,0.888254,-0.812127,0.727927,-0.888993,-0.321786,-0.729349,-0.041730,-0.535508,0.904145,0.118643,0.795461,-0.443883,-0.948045,0.551310,0.404755,0.090983,0.630685,0.680169,0.175807,0.931856,0.439424,0.353751,-0.277156,-0.995483,-0.518115,0.527841,0.419743,-0.337956,0.251166,-0.609425,-0.472745,0.894816,-0.173639,-0.510025,-0.025784,-0.225968,0.459058,0.924232,0.183475,0.182294,-0.270332,0.129262,-0.361342,-0.997816,0.732192,-0.141112,-0.015823,-0.832998,0.674221,-0.659326,-0.178758,0.680531,-0.084434,0.862305,-0.581371,0.430466,0.955997,0.099227,0.384368,-0.213547,0.502675,0.817748,0.406111,0.871857,0.177305,0.154275,-0.390745,0.419255,0.763905
0.000000,0.000000,0.000000,0.000000,0.000000,0.000000,0.000000,0.000000,0.000000,0.000000,0.000000,0.000000,0.000000,0.000000,0.000000,0.000000,0.000000,0.000000,0.000000,0.000000,0.000000,0.000000,0.000000,0.000000,0.000000,0.000000,0.000000,0.000000,0.000000,0.000000,0.000000,0.000000,0.000000,0.000000,0.000000,0.000000,0.000000,0.000000,0.000000,0.000000,0.000000,0.000000,0.000000,0.000000,0.000000,0.000000,0.000000,0.000000,2.115791,-0.533922,0.088218,0.511875,0.878727,-0.686808,-0.745006,-0.174113,-0.748778,0.960858,-0.151391,0.067221,-0.545824,-0.101748,0.969388,-0.022626,-0.982352,-0.514945,0.956910,0.978135,-0.579014,0.230528,-0.846183,0.154883,-0.748159,0.637323,0.879150,-0.654026,-0.074576,-0.795914,-0.321720,-0.869804,-0.470907,0.980447,-0.910793,0.717937,-0.845095,0.057994,-0.095760,0.863109,-0.601900,-0.640636,0.497428,0.451439,0.398364,-0.947746,-0.480081,0.679790,0.201716,0.204390,-0.408167,-0.479654,0.893110,0.455511,-0.746268,0.875414,0.164740,-0.333275,-0.205721,0.450809,-0.247455,0.157490,0.420999,-0.609250,0.888483,-0.287654,-0.161250,0.397029,0.217570,-0.119760,0.299484,0.805657,0.600567,0.648518,-0.483183,-0.161193,0.107638,-0.911618,0.539584,-0.353073
0.000000,0.000000,0.000000,0.000000,0.000000,0.000000,0.000000,0.000000,0.000000,0.000000,0.000000,0.000000,0.000000,0.000000,0.000000,0.000000,0.000000,0.000000,0.000000,0.000000,0.000000,0.000000,0.000000,0.000000,0.000000,0.000000,0.000000,0.000000,0.000000,0.000000,0.000000,0.000000,0.000000,0.000000,0.000000,0.000000,0.000000,0.000000,0.000000,0.000000,0.000000,0.000000,0.000000,0.000000,0.000000,0.000000,0.000000,0.000000,0.000000,1.206490,-0.481416,-0.433241,-0.323970,0.209649,0.167131,-0.488576,-0.587151,0.652716,-0.814553,0.025646,0.041122,0.148274,0.771300,0.247828,0.947268,0.742706,-0.570519,-0.517633,-0.310452,-0.216971,0.105990,-0.534975,-0.555310,-0.237220,0.344046,0.376251,0.952233,-0.595169,-0.214282,0.929355,0.380017,0.184557,0.079292,-0.848979,0.786748,0.251010,0.143335,0.079001,-0.216172,-0.490671,0.510644,0.019135,-0.932121,-0.201811,0.857207,-0.252211,-0.173534,0.247922,0.603350,0.336922,0.700109,-0.772059,0.849185,0.807844,0.038297,0.249484,-0.574374,-0.104105,-0.594593,-0.956047,0.961806,-0.481707,0.186217,-0.399499,-0.258757,-0.204477,-0.329907,0.274800,0.921873,-0.142731,0.946653,0.335594,0.214272,-0.525792,-0.874159,0.703870,0.147962,-0.171172
0.000000,0.000000,0.000000,0.000000,0.000000,0.000000,0.000000,0.000000,0.000000,0.000000,0.000000,0.000000,0.000000,0.000000,0.000000,0.000000,0.000000,0.000000,0.000000,0.000000,0.000000,0.000000,0.000000,0.000000,0.000000,0.000000,0.000000,0.000000,0.000000,0.000000,0.000000,0.000000,0.000000,0.000000,0.000000,0.000000,0.000000,0.000000,0.000000,0.000000,0.000000,0.000000,0.000000,0.000000,0.000000,0.000000,0.000000,0.000000,0.000000,0.000000,2.529918,-0.378839,0.567235,-0.344072,0.841762,-0.464066,-0.724892,0.396193,-0.674305,0.898726,0.311110,-0.538279,-0.582362,0.847750,0.215716,0.787472,-0.779550,0.850784,0.040099,0.336844,-0.254249,-0.881719,0.915945,0.989197,-0.270906,0.887736,-0.664547,-0.690631,-0.853776,-0.217461,-0.895395,-0.210686,-0.723219,0.461056,0.666725,0.375631,-0.599012,0.533696,-0.501000,0.518977,0.134795,-0.266575,-0.833015,0.655019,0.879306,0.331836,0.929083,0.868223,-0.610783,0.462425,-0.301390,-0.024965,-0.686069,0.949559,0.452275,-0.466183,-0.257057,-0.155034,0.495067,0.851395,-0.357120,-0.055000,0.186415,-0.213312,0.008363,-0.788585,-0.664651,-0.197797,0.829878,-0.301284,-0.500414,0.485724,0.898260,-0.081753,-0.982790,0.376299,-0.169878,0.347291
0.000000,0.000000,0.000000,0.000000,0.000000,0.000000,0.000000,0.000000,0.000000,0.000000,0.000000,0.000000,0.000000,0.000000,0.000000,0.000000,0.000000,0.000000,0.000000,0.000000,0.000000,0.000000,0.000000,0.000000,0.000000,0.000000,0.000000,0.000000,0.000000,0.000000,0.000000,0.000000,0.000000,0.000000,0.000000,0.000000,0.000000,0.000000,0.000000,0.000000,0.000000,0.000000,0.000000,0.000000,0.000000,0.000000,0.000000,0.000000,0.000000,0.000000,0.000000,1.194291,-0.995184,-0.311008,0.409585,-0.213773,-0.561652,-0.071986,0.504697,-0.761134,0.383504,0.334688,-0.258524,0.940672,0.789411,-0.367677,-0.937818,-0.383390,-0.590556,0.094504,0.837489,0.740675,-0.388342,-0.142805,-0.926916,0.088327,-0.873264,0.877212,0.733868,-0.571625,0.398737,0.136041,0.602715,-0.048696,-0.616456,0.279687,-0.839439,0.169176,-0.574590,0.369873,0.656086,-0.780951,-0.199463,0.467043,-0.672594,0.133047,0.343678,-0.290413,0.663965,0.021316,0.253990,-0.718254,-0.953680,-0.898503,0.807840,0.765285,0.615183,-0.600776,0.050917,0.592234,0.349338,-0.768958,0.791082,-0.678635,-0.656409,0.802017,-0.030766,-0.254216,0.107313,0.962795,-0.760739,0.513898,-0.331348,-0.765901,-0.156133,0.097506,-0.588077,-0.189461
0.000000,0.000000,0.000000,0.000000,0.000000,0.000000,0.000000,0.000000,0.000000,0.000000,0.000000,0.000000,0.000000,0.000000,0.000000,0.000000,0.000000,0.000000,0.000000,0.000000,0.000000,0.000000,0.000000,0.000000,0.000000,0.000000,0.000000,0.000000,0.000000,0.000000,0.000000,0.000000,0.000000,0.000000,0.000000,0.000000,0.000000,0.000000,0.000000,0.000000,0.000000,0.000000,0.000000,0.000000,0.000000,0.000000,0.000000,0.000000,0.000000,0.000000,0.000000,0.000000,2.089190,0.152896,0.446321,0.672809,-0.181719,-0.154065,-0.006616,0.132707,-0.783355,-0.374729,-0.656216,-0.228294,0.946708,0.165462,-0.141237,0.131874,0.338153,-0.130093,-0.104580,0.402802,-0.878275,0.080161,0.094656,0.513505,0.965290,0.591510,0.007577,-0.661094,0.176522,0.668598,0.864828,0.650621,-0.622063,0.425152,0.760310,0.362034,0.371504,0.000325,0.273952,-0.411239,-0.822380,0.655430,0.886289,0.713645,-0.332173,-0.812940,-0.439723,0.685671,0.311629,0.933388,-0.314638,0.102944,0.580076,-0.532016,0.928180,0.184795,-0.984205,-0.949693,0.764432,0.290563,0.526145,0.568032,-0.159080,0.597222,0.875065,-0.655658,0.528273,-0.384416,-0.357014,-0.174490,0.727439,-0.955888,-0.132148,0.360095,-0.779169,0.584507
0.000000,0.000000,0.000000,0.000000,0.000000,0.000000,0.000000,0.000000,0.000000,0.000000,0.000000,0.000000,0.000000,0.000000,0.000000,0.000000,0.000000,0.000000,0.000000,0.000000,0.000000,0.000000,0.000000,0.000000,0.000000,0.000000,0.000000,0.000000,0.000000,0.000000,0.000000,0.000000,0.000000,0.000000,0.000000,0.000000,0.000000,0.000000,0.000000,0.000000,0.000000,0.000000,0.000000,0.000000,0.000000,0.000000,0.000000,0.000000,0.000000,0.000000,0.000000,0.000000,0.000000,2.854756,-0.818130,-0.694104,0.948194,-0.604289,-0.842121,0.904385,0.785245,0.311451,0.102862,0.838465,0.311040,0.316793,0.687371,0.306491,0.007354,-0.220557,0.006268,0.044957,-0.278336,-0.103763,0.603744,-0.166973,-0.948880,-0.433961,-0.536516,0.587164,-0.101414,-0.439379,0.621410,-0.961566,-0.651498,0.653910,0.101303,0.547300,0.676352,0.883927,-0.873151,0.598469,0.417532,-0.585949,0.863405,-0.191596,0.775221,0.210227,0.053496,-0.680952,0.828655,0.113324,-0.987815,-0.963431,0.555265,-0.676127,0.197477,0.362164,-0.441269,0.138628,-0.519483,0.892631,0.720340,-0.423914,0.057629,0.001266,0.920047,-0.211942,0.124455,0.857413,-0.674378,0.100971,-0.788654,0.234998,-0.268634,0.935272,-0.169182,-0.727625
0.000000,0.000000,0.000000,0.000000,0.000000,0.000000,0.000000,0.000000,0.000000,0.000000,0.000000,0.000000,0.000000,0.000000,0.000000,0.000000,0.000000,0.000000,0.000000,0.000000,0.000000,0.000000,0.000000,0.000000,0.000000,0.000000,0.000000,0.000000,0.000000,0.000000,0.000000,0.000000,0.000000,0.000000,0.000000,0.000000,0.000000,0.000000,0.000000,0.000000,0.000000,0.000000,0.000000,0.000000,0.000000,0.000000,0.000000,0.000000,0.000000,0.000000,0.000000,0.000000,0.000000,0.000000,2.585000,0.641733,0.389719,0.497624,-0.470570,0.284107,-0.923960,-0.606220,0.864559,0.478471,-0.538655,-0.777234,0.897839,-0.775625,-0.485860,-0.634732,-0.985072,-0.371730,0.948358,-0.316193,0.008610,0.491872,0.102160,0.487183,0.323272,0.217126,0.299298,0.598329,0.420383,0.583550,-0.708805,0.355347,0.474044,-0.400067,0.749155,-0.390577,-0.512336,0.734194,-0.505960,-0.168995,-0.264154,0.796124,-0.089529,0.388618,0.588078,0.255807,0.887389,0.605015,-0.199587,0.901624,0.049150,-0.954845,-0.479973,0.243459,-0.686370,0.168136,-0.276804,0.068771,-0.996250,0.696843,-0.276149,-0.719683,-0.124168,-0.027645,0.274805,0.049125,-0.912953,0.743025,-0.086982,-0.846024,0.545656,0.320309,0.298876,-0.146172
0.000000,0.000000,0.000000,0.000000,0.000000,0.000000,0.000000,0.000000,0.000000,0.000000,0.000000,0.000000,0.000000,0.000000,0.000000,0.000000,0.000000,0.000000,0.000000,0.000000,0.000000,0.000000,0.000000,0.000000,0.000000,0.000000,0.000000,0.000000,0.000000,0.000000,0.000000,0.000000,0.000000,0.000000,0.000000,0.000000,0.000000,0.000000,0.000000,0.000000,0.000000,0.000000,0.000000,0.000000,0.000000,0.000000,0.000000,0.000000,0.000000,0.000000,0.000000,0.000000,0.000000,0.000000,0.000000,1.526243,0.072677,-0.898811,-0.402084,0.975788,0.324385,-0.162132,-0.555274,0.490419,-0.479419,-0.675260,-0.690970,0.458527,0.285621,-0.860388,-0.769914,0.267694,0.142232,0.371998,-0.643922,0.453176,0.872193,0.202101,-0.607740,0.359088,-0.313837,-0.901425,-0.395323,0.811170,-0.177721,0.729331,0.017319,0.033956,-0.989567,0.274208,-0.784372,-0.042503,-0.479366,-0.215234,0.074155,-0.971072,-0.430833,0.979224,-0.885202,-0.361213,-0.357157,-0.241228,0.369562,-0.504512,-0.079461,0.289727,-0.355356,0.897545,0.959345,-0.760653,-0.312360,-0.584056,-0.626421,-0.018040,0.127654,-0.148696,-0.454890,-0.442757,0.984256,0.847355,-0.848202,0.313101,-0.086245,0.377628,0.193921,0.778505,-0.866023,-0.300804
0.000000,0.000000,0.000000,0.000000,0.000000,0.000000,0.000000,0.000000,0.000000,0.000000,0.000000,0.000000,0.000000,0.000000,0.000000,0.000000,0.000000,0.000000,0.000000,0.000000,0.000000,0.000000,0.000000,0.000000,0.000000,0.000000,0.000000,0.000000,0.000000,0.000000,0.000000,0.000000,0.000000,0.000000,0.000000,0.000000,0.000000,0.000000,0.000000,0.000000,0.000000,0.000000,0.000000,0.000000,0.000000,0.000000,0.000000,0.000000,0.000000,0.000000,0.000000,0.000000,0.000000,0.000000,0.000000,0.000000,2.963735,-0.635429,-0.745333,0.457944,0.554870,0.344547,0.552392,0.387443,-0.728459,0.216444,0.553753,0.731033,-0.507530,-0.745138,0.562181,-0.486903,-0.936141,0.650427,0.011982,-0.346734,-0.977142,-0.929345,0.585247,-0.020588,-0.700556,-0.282989,-0.669390,-0.774237,-0.447384,0.099017,-0.579987,-0.312658,-0.044138,-0.159941,-0.742744,-0.922269,-0.929083,-0.299642,0.437604,-0.737489,0.573960,0.431349,-0.992113,-0.946504,-0.609934,-0.887758,0.062686,-0.920745,0.605292,-0.014076,0.455909,0.501405,0.013528,0.850726,0.980482,-0.281571,-0.748272,-0.273524,-0.553292,0.062011,-0.243225,-0.039101,0.526375,-0.451958,0.074949,-0.329678,0.569922,0.279073,-0.982991,0.320103,-0.659676,0.448948
0.000000,0.000000,0.000000,0.000000,0.000000,0.000000,0.000000,0.000000,0.000000,0.000000,0.000000,0.000000,0.000000,0.000000,0.000000,0.000000,0.000000,0.000000,0.000000,0.000000,0.000000,0.000000,0.000000,0.000000,0.000000,0.000000,0.000000,0.000000,0.000000,0.000000,0.000000,0.000000,0.000000,0.000000,0.000000,0.000000,0.000000,0.000000,0.000000,0.000000,0.000000,0.000000,0.000000,0.000000,0.000000,0.000000,0.000000,0.000000,0.000000,0.000000,0.000000,0.000000,0.000000,0.000000,0.000000,0.000000,0.000000,1.918347,-0.197035,0.388133,0.713187,0.557487,0.090759,0.445389,-0.172171,0.578052,0.658104,-0.725412,-0.523937,-0.460023,-0.667837,-0.214930,-0.613934,0.191079,-0.796769,-0.460162,0.331041,-0.202910,-0.157075,0.595851,0.969023,0.130136,-0.841866,-0.794194,0.937001,0.358470,0.504938,0.351528,-0.640765,-0.103276,0.596161,0.732726,-0.525329,0.191924,-0.685796,0.916554,-0.495591,0.453270,-0.537774,0.232108,0.318529,-0.343144,0.637668,0.770742,0.710140,-0.338404,0.488681,0.118982,0.185257,-0.045150,0.200522,-0.728692,-0.182306,-0.644656,-0.439789,-0.744371,-0.575009,0.563859,0.099673,-0.952714,0.577049,0.818937,0.760859,0.646034,0.984433,0.172804,0.925175,0.897688
0.000000,0.000000,0.000000,0.000000,0.000000,0.000000,0.000000,0.000000,0.000000,0.000000,0.000000,0.000000,0.000000,0.000000,0.000000,0.000000,0.000000,0.000000,0.000000,0.000000,0.000000,0.000000,0.000000,0.000000,0.000000,0.000000,0.000000,0.000000,0.000000,0.000000,0.000000,0.000000,0.000000,0.000000,0.000000,0.000000,0.000000,0.000000,0.000000,0.000000,0.000000,0.000000,0.000000,0.000000,0.000000,0.000000,0.000000,0.000000,0.000000,0.000000,0.000000,0.000000,0.000000,0.000000,0.000000,0.000000,0.000000,0.000000,1.283097,0.726868,0.584945,0.551598,0.792562,-0.231620,-0.199890,0.280105,0.475609,0.759474,0.751691,0.442679,0.913786,-0.642743,0.900680,-0.871617,0.111244,-0.819606,0.136002,-0.219781,-0.836781,0.296234,0.462396,-0.651629,0.388873,-0.641905,-0.725207,-0.705273,0.198157,0.557582,0.193787,0.618703,0.182955,0.594642,0.953045,-0.218080,-0.700116,-0.729206,0.194955,0.094206,-0.631529,0.764210,0.913497,-0.493569,-0.586234,-0.572156,-0.225157,0.706454,0.191921,-0.864893,-0.054042,-0.819337,-0.187572,-0.192960,0.296705,0.098908,0.749510,-0.967450,0.547998,-0.954683,-0.391420,0.759326,0.380828,-0.656007,-0.018431,0.443808,0.874687,0.268642,-0.950649,-0.000596
0.000000,0.000000,0.000000,0.000000,0.000000,0.000000,0.000000,0.000000,0.000000,0.000000,0.000000,0.000000,0.000000,0.000000,0.000000,0.000000,0.000000,0.000000,0.000000,0.000000,0.000000,0.000000,0.000000,0.000000,0.000000,0.000000,0.000000,0.000000,0.000000,0.000000,0.000000,0.000000,0.000000,0.000000,0.000000,0.000000,0.000000,0.000000,0.000000,0.000000,0.000000,0.000000,0.000000,0.000000,0.000000,0.000000,0.000000,0.000000,0.000000,0.000000,0.000000,0.000000,0.000000,0.000000,0.000000,0.000000,0.000000,0.000000,0.000000,0.882404,-0.904441,0.197021,0.553844,-0.927879,0.567179,0.412776,0.503974,-0.510543,-0.212809,-0.760498,-0.522218,-0.394421,-0.361127,-0.649920,-0.622576,0.802941,0.567787,-0.311045,0.895287,-0.522155,-0.186359,0.627051,-0.114227,-0.530749,-0.262929,0.001442,0.241289,-0.188787,-0.137391,-0.472113,0.070695,-0.561088,0.735052,0.494734,-0.179442,0.494456,-0.986008,-0.311022,-0.119398,-0.060403,0.497463,0.925615,-0.240006,-0.298800,0.221030,-0.437493,-0.717299,0.923082,0.619060,0.916999,-0.564334,-0.964382,-0.125477,0.867218,-0.723349,-0.765629,-0.862094,0.530036,0.571853,0.390752,-0.893416,0.446577,-0.102742,-0.684211,-0.409748,0.002294,-0.340697,0.939498
0.000000,0.000000,0.000000,0.000000,0.000000,0.000000,0.000000,0.000000,0.000000,0.000000,0.000000,0.000000,0.000000,0.000000,0.000000,0.000000,0.000000,0.000000,0.000000,0.000000,0.000000,0.000000,0.000000,0.000000,0.000000,0.000000,0.000000,0.000000,0.000000,0.000000,0.000000,0.000000,0.000000,0.000000,0.000000,0.000000,0.000000,0.000000,0.000000,0.000000,0.000000,0.000000,0.000000,0.000000,0.000000,0.000000,0.000000,0.000000,0.000000,0.000000,0.000000,0.000000,0.000000,0.000000,0.000000,0.000000,0.000000,0.000000,0.000000,0.000000,1.686854,-0.255699,0.346331,0.301090,-0.995121,0.236947,-0.512462,-0.249533,0.412698,0.114772,-0.262690,-0.665179,0.010964,-0.361268,0.825856,0.068693,0.731928,-0.219638,0.654874,-0.886926,-0.403762,-0.843648,-0.936700,0.837724,0.433737,0.250220,0.064986,0.139108,0.277381,0.653160,0.193777,0.497162,-0.438044,0.953523,-0.936206,-0.226847,0.764099,-0.638954,-0.717324,-0.269138,-0.143611,0.866788,0.672239,-0.071821,0.945950,0.284557,0.747317,-0.507886,-0.022072,-0.940566,-0.982240,0.410906,-0.763413,0.095616,0.392015,-0.935531,-0.102517,0.368304,0.779462,-0.401540,0.948433,0.689083,0.301270,-0.216149,0.422221,0.632387,-0.393400,0.985660
0.000000,0.000000,0.000000,0.000000,0.000000,0.000000,0.000000,0.000000,0.000000,0.000000,0.000000,0.000000,0.000000,0.000000,0.000000,0.000000,0.000000,0.000000,0.000000,0.000000,0.000000,0.000000,0.000000,0.000000,0.000000,0.000000,0.000000,0.000000,0.000000,0.000000,0.000000,0.000000,0.000000,0.000000,0.000000,0.000000,0.000000,0.000000,0.000000,0.000000,0.000000,0.000000,0.000000,0.000000,0.000000,0.000000,0.000000,0.000000,0.000000,0.000000,0.000000,0.000000,0.000000,0.000000,0.000000,0.000000,0.000000,0.000000,0.000000,0.000000,0.000000,2.771548,-0.028997,0.445660,0.048018,0.521861,0.653964,-0.953555,-0.841736,-0.327065,0.835227,-0.203453,0.775024,-0.075132,-0.422294,0.801290,0.121342,-0.279031,-0.911186,-0.778134,-0.721379,-0.270327,0.214666,-0.384820,-0.868945,-0.470383,-0.182637,0.984540,-0.214026,-0.821609,0.162230,0.839280,0.573391,0.672437,0.856464,0.273087,0.989845,-0.933437,0.669679,0.714021,0.833401,-0.043661,0.575512,-0.609839,0.206260,-0.282710,0.192347,0.351121,-0.305863,-0.567523,-0.356624,0.327914,0.353748,0.482634,-0.746927,0.637035,0.376296,-0.938990,-0.328804,-0.066577,-0.278765,-0.765166,-0.585307,-0.950877,-0.813846,-0.467400,0.639941,0.053275
0.000000,0.000000,0.000000,0.000000,0.000000,0.000000,0.000000,0.000000,0.000000,0.000000,0.000000,0.000000,0.000000,0.000000,0.000000,0.000000,0.000000,0.000000,0.000000,0.000000,0.000000,0.000000,0.000000,0.000000,0.000000,0.000000,0.000000,0.000000,0.000000,0.000000,0.000000,0.000000,0.000000,0.000000,0.000000,0.000000,0.000000,0.000000,0.000000,0.000000,0.000000,0.000000,0.000000,0.000000,0.000000,0.000000,0.000000,0.000000,0.000000,0.000000,0.000000,0.000000,0.000000,0.000000,0.000000,0.000000,0.000000,0.000000,0.000000,0.000000,0.000000,0.000000,1.561245,0.324326,0.083021,-0.736972,-0.554753,-0.554955,0.199905,-0.076751,-0.224830,0.113278,0.940232,-0.371613,0.040391,-0.039260,0.433286,0.460581,0.458141,-0.596961,-0.101814,0.622349,-0.236940,0.968510,-0.270427,-0.004666,-0.050949,-0.132672,0.691263,-0.689450,0.135329,0.237203,0.702443,0.218400,0.920041,0.744335,-0.302520,0.719813,0.916956,-0.485606,0.220418,-0.436392,0.299135,-0.812714,0.468376,-0.160360,0.174614,-0.948275,0.390883,-0.008017,0.250502,-0.368664,-0.708360,-0.129142,0.887958,-0.544412,0.351678,-0.900313,0.436200,-0.523126,-0.096966,-0.264494,-0.774319,-0.308836,-0.299750,0.044211,0.944703,-0.059965
0.000000,0.000000,0.000000,0.000000,0.000000,0.000000,0.000000,0.000000,0.000000,0.000000,0.000000,0.000000,0.000000,0.000000,0.000000,0.000000,0.000000,0.000000,0.000000,0.000000,0.000000,0.000000,0.000000,0.000000,0.000000,0.000000,0.000000,0.000000,0.000000,0.000000,0.000000,0.000000,0.000000,0.000000,0.000000,0.000000,0.000000,0.000000,0.000000,0.000000,0.000000,0.000000,0.000000,0.000000,0.000000,0.000000,0.000000,0.000000,0.000000,0.000000,0.000000,0.000000,0.000000,0.000000,0.000000,0.000000,0.000000,0.000000,0.000000,0.000000,0.000000,0.000000,0.000000,2.786065,-0.076885,-0.784913,-0.539694,-0.184965,-0.349262,0.731659,0.357291,0.156617,-0.017541,-0.205459,0.224385,-0.750786,-0.674934,-0.393767,-0.657631,0.354197,-0.950463,-0.679645,0.805216,0.995086,-0.024819,-0.009260,0.546798,-0.927621,-0.145957,-0.800344,-0.198147,0.967644,0.507267,0.970092,0.492097,0.216220,0.508442,0.318183,-0.071868,-0.414907,0.040356,-0.483013,-0.026647,-0.707729,0.130790,-0.509433,-0.412784,-0.001944,-0.674947,0.924760,-0.106111,-0.295442,-0.941607,0.686509,0.251668,-0.167190,-0.508934,0.490275,0.890949,-0.238381,-0.730248,-0.781611,-0.987276,0.487911,0.962791,0.985636,0.568395,-0.675632
0.000000,0.000000,0.000000,0.000000,0.000000,0.000000,0.000000,0.000000,0.000000,0.000000,0.000000,0.000000,0.000000,0.000000,0.000000,0.000000,0.000000,0.000000,0.000000,0.000000,0.000000,0.000000,0.000000,0.000000,0.000000,0.000000,0.000000,0.000000,0.000000,0.000000,0.000000,0.000000,0.000000,0.000000,0.000000,0.000000,0.000000,0.000000,0.000000,0.000000,0.000000,0.000000,0.000000,0.000000,0.000000,0.000000,0.000000,0.000000,0.000000,0.000000,0.000000,0.000000,0.000000,0.000000,0.000000,0.000000,0.000000,0.000000,0.000000,0.000000,0.000000,0.000000,0.000000,0.000000,2.944274,-0.344373,-0.332761,0.374674,-0.901902,0.651539,0.994595,0.550140,0.563353,-0.219373,-0.868157,0.585335,0.194316,0.818677,-0.768074,-0.389754,-0.278688,0.366559,0.575490,0.922041,-0.409186,-0.012727,-0.942078,-0.494024,-0.251993,0.187612,-0.058309,-0.271050,0.248156,0.657231,-0.516638,-0.314248,0.409847,0.555881,0.650794,-0.581338,0.078534,0.800022,-0.216099,-0.140234,0.969646,-0.773895,0.411204,0.700368,-0.698413,0.428906,-0.060524,0.705782,0.814905,0.744970,-0.871230,0.513711,0.843055,0.242697,0.201752,-0.909989,0.712066,-0.907193,-0.372981,0.851726,0.899490,0.983801,-0.047195,-0.645141
0.000000,0.000000,0.000000,0.000000,0.000000,0.000000,0.000000,0.000000,0.000000,0.000000,0.000000,0.000000,0.000000,0.000000,0.000000,0.000000,0.000000,0.000000,0.000000,0.000000,0.000000,0.000000,0.000000,0.000000,0.000000,0.000000,0.000000,0.000000,0.000000,0.000000,0.000000,0.000000,0.000000,0.000000,0.000000,0.000000,0.000000,0.000000,0.000000,0.000000,0.000000,0.000000,0.000000,0.000000,0.000000,0.000000,0.000000,0.000000,0.000000,0.000000,0.000000,0.000000,0.000000,0.000000,0.000000,0.000000,0.000000,0.000000,0.000000,0.000000,0.000000,0.000000,0.000000,0.000000,0.000000,1.719861,-0.795374,0.745072,0.121074,-0.190988,-0.840939,-0.189519,0.732383,0.406812,-0.835089,-0.680186,-0.215383,-0.797250,0.868082,0.304584,-0.810354,0.576115,-0.263188,-0.510259,0.139970,-0.973256,-0.069205,0.687610,0.856115,-0.314891,0.284873,-0.546353,0.120426,-0.491945,0.142713,-0.656556,0.882465,0.773835,-0.326164,0.553326,-0.808992,0.480722,-0.435082,-0.728716,0.356382,-0.060386,0.060279,0.041060,-0.881104,-0.897240,0.202335,0.247729,-0.905651,-0.243121,0.225703,0.313361,0.656552,-0.158535,0.096516,0.157121,-0.375909,-0.892349,-0.991548,0.672251,-0.599536,0.260509,0.154095,-0.200734
0.000000,0.000000,0.000000,0.000000,0.000000,0.000000,0.000000,0.000000,0.000000,0.000000,0.000000,0.000000,0.000000,0.000000,0.000000,0.000000,0.000000,0.000000,0.000000,0.000000,0.000000,0.000000,0.000000,0.000000,0.000000,0.000000,0.000000,0.000000,0.000000,0.000000,0.000000,0.000000,0.000000,0.000000,0.000000,0.000000,0.000000,0.000000,0.000000,0.000000,0.000000,0.000000,0.000000,0.000000,0.000000,0.000000,0.000000,0.000000,0.000000,0.000000,0.000000,0.000000,0.000000,0.000000,0.000000,0.000000,0.000000,0.000000,0.000000,0.000000,0.000000,0.000000,0.000000,0.000000,0.000000,0.000000,2.583733,0.396803,-0.954517,0.553388,0.013998,-0.305961,0.453769,0.372131,-0.378824,0.966078,0.297417,0.211559,-0.860239,-0.441362,-0.106052,0.261251,0.025527,0.526066,-0.474865,0.404314,0.633194,0.530100,0.541693,0.777014,-0.831643,0.394383,0.937356,0.147301,-0.565367,0.997508,-0.650645,-0.328885,-0.655876,-0.070974,-0.162248,-0.017518,0.855967,-0.043351,0.029253,0.773364,0.635516,-0.520556,-0.974148,0.258999,0.689700,0.105700,-0.577646,0.482710,0.339079,0.130065,0.726672,0.568485,0.335904,0.329517,0.324405,0.050329,-0.072157,0.419201,0.220989,-0.020039,-0.746677,0.403858
0.000000,0.000000,0.000000,0.000000,0.000000,0.000000,0.000000,0.000000,0.000000,0.000000,0.000000,0.000000,0.000000,0.000000,0.000000,0.000000,0.000000,0.000000,0.000000,0.000000,0.000000,0.000000,0.000000,0.000000,0.000000,0.000000,0.000000,0.000000,0.000000,0.000000,0.000000,0.000000,0.000000,0.000000,0.000000,0.000000,0.000000,0.000000,0.000000,0.000000,0.000000,0.000000,0.000000,0.000000,0.000000,0.000000,0.000000,0.000000,0.000000,0.000000,0.000000,0.000000,0.000000,0.000000,0.000000,0.000000,0.000000,0.000000,0.000000,0.000000,0.000000,0.000000,0.000000,0.000000,0.000000,0.000000,0.000000,2.114996,-0.315503,-0.287354,-0.506555,0.923831,0.720403,0.122098,-0.196694,0.473651,0.055456,0.951702,-0.889755,-0.931429,0.137222,-0.593442,0.208608,0.562846,-0.723780,-0.118784,0.377334,0.667727,-0.007312,-0.587693,0.171599,-0.090966,0.543851,0.111152,-0.441154,0.508786,0.035494,-0.644907,0.126145,0.896640,0.411033,-0.402393,0.421746,-0.434787,0.085378,0.053192,-0.505218,-0.304238,0.884363,-0.498803,0.602054,0.334741,0.065258,-0.724970,-0.590858,-0.642045,0.173589,0.946766,0.754479,-0.949496,-0.452547,-0.685485,0.951356,-0.528780,-0.597374,0.241751,0.112373,-0.548297
0.000000,0.000000,0.000000,0.000000,0.000000,0.000000,0.000000,0.000000,0.000000,0.000000,0.000000,0.000000,0.000000,0.000000,0.000000,0.000000,0.000000,0.000000,0.000000,0.000000,0.000000,0.000000,0.000000,0.000000,0.000000,0.000000,0.000000,0.000000,0.000000,0.000000,0.000000,0.000000,0.000000,0.000000,0.000000,0.000000,0.000000,0.000000,0.000000,0.000000,0.000000,0.000000,0.000000,0.000000,0.000000,0.000000,0.000000,0.000000,0.000000,0.000000,0.000000,0.000000,0.000000,0.000000,0.000000,0.000000,0.000000,0.000000,0.000000,0.000000,0.000000,0.000000,0.000000,0.000000,0.000000,0.000000,0.000000,0.000000,2.175912,-0.805986,-0.961262,-0.835170,-0.270264,0.950033,0.094494,0.509452,-0.357008,0.438678,0.932362,-0.284478,0.998119,0.276820,0.497183,-0.495666,0.286182,0.022013,0.912805,0.809350,-0.206655,0.893740,0.769625,0.180768,-0.835764,-0.678420,-0.846252,-0.784014,0.953905,-0.575665,0.381709,0.273057,0.262290,-0.586592,0.158693,0.251077,0.140811,-0.627675,0.446121,-0.853514,0.182400,-0.127481,-0.499427,0.614778,-0.648215,0.865964,0.769130,-0.278825,-0.389694,-0.725027,0.832656,0.255064,-0.936433,0.021999,-0.828402,0.147501,0.017923,-0.834308,0.631721,-0.475366
0.000000,0.000000,0.000000,0.000000,0.000000,0.000000,0.000000,0.000000,0.000000,0.000000,0.000000,0.000000,0.000000,0.000000,0.000000,0.000000,0.000000,0.000000,0.000000,0.000000,0.000000,0.000000,0.000000,0.000000,0.000000,0.000000,0.000000,0.000000,0.000000,0.000000,0.000000,0.000000,0.000000,0.000000,0.000000,0.000000,0.000000,0.000000,0.000000,0.000000,0.000000,0.000000,0.000000,0.000000,0.000000,0.000000,0.000000,0.000000,0.000000,0.000000,0.000000,0.000000,0.000000,0.000000,0.000000,0.000000,0.000000,0.000000,0.000000,0.000000,0.000000,0.000000,0.000000,0.000000,0.000000,0.000000,0.000000,0.000000,0.000000,1.853711,0.278078,0.924609,-0.012377,0.834632,-0.290285,0.714874,-0.528348,0.414960,-0.822776,0.972101,0.907873,-0.115573,0.047870,0.195550,-0.449925,0.348943,0.397124,0.050153,-0.704519,0.838372,-0.769910,0.258344,-0.793823,-0.707799,-0.958923,-0.273272,0.279165,0.043088,0.349078,0.350038,-0.719653,-0.885325,0.250716,0.306449,0.113407,-0.508475,0.621530,-0.848628,0.264624,-0.759177,0.308895,-0.164548,0.436206,-0.895616,0.110166,-0.710244,0.364763,-0.760089,-0.852833,0.426246,-0.872936,-0.550938,0.649470,0.619377,0.708252,-0.347800,0.056096,0.546695
0.000000,0.000000,0.000000,0.000000,0.000000,0.000000,0.000000,0.000000,0.000000,0.000000,0.000000,0.000000,0.000000,0.000000,0.000000,0.000000,0.000000,0.000000,0.000000,0.000000,0.000000,0.000000,0.000000,0.000000,0.000000,0.000000,0.000000,0.000000,0.000000,0.000000,0.000000,0.000000,0.000000,0.000000,0.000000,0.000000,0.000000,0.000000,0.000000,0.000000,0.000000,0.000000,0.000000,0.000000,0.000000,0.000000,0.000000,0.000000,0.000000,0.000000,0.000000,0.000000,0.000000,0.000000,0.000000,0.000000,0.000000,0.000000,0.000000,0.000000,0.000000,0.000000,0.000000,0.000000,0.000000,0.000000,0.000000,0.000000,0.000000,0.000000,0.842464,0.448782,-0.805027,0.826501,0.274620,-0.013389,-0.030541,-0.637276,-0.308165,0.454247,0.081887,0.058612,-0.609508,0.380725,-0.215932,-0.634493,0.887570,0.013597,0.056073,0.962744,-0.267188,0.886041,0.389851,0.266191,-0.531163,-0.896489,-0.124432,-0.979658,-0.857995,0.190654,0.448944,-0.664103,0.465001,0.899452,0.486352,0.569430,0.401425,-0.550525,-0.278220,0.898534,0.322421,0.578049,0.937389,-0.537126,-0.356627,0.289603,-0.951285,0.142438,0.617377,0.220887,-0.409213,0.448208,-0.707937,0.789547,-0.798170,0.726982,-0.004381,-0.142706
0.000000,0.000000,0.000000,0.000000,0.000000,0.000000,0.000000,0.000000,0.000000,0.000000,0.000000,0.000000,0.000000,0.000000,0.000000,0.000000,0.000000,0.000000,0.000000,0.000000,0.000000,0.000000,0.000000,0.000000,0.000000,0.000000,0.000000,0.000000,0.000000,0.000000,0.000000,0.000000,0.000000,0.000000,0.000000,0.000000,0.000000,0.000000,0.000000,0.000000,0.000000,0.000000,0.000000,0.000000,0.000000,0.000000,0.000000,0.000000,0.000000,0.000000,0.000000,0.000000,0.000000,0.000000,0.000000,0.000000,0.000000,0.000000,0.000000,0.000000,0.000000,0.000000,0.000000,0.000000,0.000000,0.000000,0.000000,0.000000,0.000000,0.000000,0.000000,1.751654,-0.599587,-0.084629,0.699440,0.601910,-0.673903,0.346842,0.713675,0.639535,-0.148735,-0.903814,0.862339,-0.208230,-0.278047,0.519030,-0.472056,0.669496,-0.847897,0.481422,0.931579,0.991538,0.847609,0.741525,-0.442240,0.933297,0.855793,0.068745,-0.195845,-0.781465,0.181268,0.401092,-0.192007,-0.187941,0.146623,-0.944432,0.915732,-0.420189,-0.718218,-0.989023,0.713783,0.726415,-0.809387,-0.695517,-0.104196,-0.628592,0.471642,-0.883921,0.099419,-0.234417,-0.070107,-0.150486,-0.693682,-0.559437,-0.870385,-0.769429,0.955790,-0.440426
0.000000,0.000000,0.000000,0.000000,0.000000,0.000000,0.000000,0.000000,0.000000,0.000000,0.000000,0.000000,0.000000,0.000000,0.000000,0.000000,0.000000,0.000000,0.000000,0.000000,0.000000,0.000000,0.000000,0.000000,0.000000,0.000000,0.000000,0.000000,0.000000,0.000000,0.000000,0.000000,0.000000,0.000000,0.000000,0.000000,0.000000,0.000000,0.000000,0.000000,0.000000,0.000000,0.000000,0.000000,0.000000,0.000000,0.000000,0.000000,0.000000,0.000000,0.000000,0.000000,0.000000,0.000000,0.000000,0.000000,0.000000,0.000000,0.000000,0.000000,0.000000,0.000000,0.000000,0.000000,0.000000,0.000000,0.000000,0.000000,0.000000,0.000000,0.000000,0.000000,1.267564,-0.745787,0.510328,0.848286,0.579501,0.225232,0.626466,-0.191540,0.718995,0.597038,-0.996551,-0.024412,-0.470767,-0.827534,0.692392,-0.984101,0.460327,0.976384,-0.035960,-0.257519,0.211666,0.609396,-0.519496,-0.498597,0.214356,0.879760,-0.403120,-0.246491,0.986667,-0.647556,-0.846064,0.179510,-0.951466,-0.639134,0.244418,0.319025,0.020850,-0.232504,0.152395,0.286772,0.606964,0.585502,0.329602,0.788465,0.676051,-0.733508,0.913359,0.783485,-0.358146,-0.959631,0.207952,-0.123165,0.499133,0.049200,-0.847019,-0.510625
0.000000,0.000000,0.000000,0.000000,0.000000,0.000000,0.000000,0.000000,0.000000,0.000000,0.000000,0.000000,0.000000,0.000000,0.000000,0.000000,0.000000,0.000000,0.000000,0.000000,0.000000,0.000000,0.000000,0.000000,0.000000,0.000000,0.000000,0.000000,0.000000,0.000000,0.000000,0.000000,0.000000,0.000000,0.000000,0.000000,0.000000,0.000000,0.000000,0.000000,0.000000,0.000000,0.000000,0.000000,0.000000,0.000000,0.000000,0.000000,0.000000,0.000000,0.000000,0.000000,0.000000,0.000000,0.000000,0.000000,0.000000,0.000000,0.000000,0.000000,0.000000,0.000000,0.000000,0.000000,0.000000,0.000000,0.000000,0.000000,0.000000,0.000000,0.000000,0.000000,0.000000,2.706309,-0.924621,0.473339,-0.416113,-0.094720,0.062011,-0.499837,0.303921,0.386884,-0.829881,-0.252146,0.488755,0.443275,0.089207,0.555350,-0.784710,-0.763577,0.314979,0.386668,0.629054,-0.637926,0.033543,0.321663,-0.552601,0.033856,0.276890,-0.571101,-0.248873,-0.567322,0.805886,-0.526402,-0.758331,-0.929689,-0.910093,-0.616828,0.216417,-0.964700,-0.426512,-0.883666,-0.192682,-0.902847,0.215084,0.376849,0.462675,-0.551313,0.737000,0.380576,-0.886700,-0.118467,0.535513,-0.378212,-0.236882,0.259208,-0.889038,0.933870
0.000000,0.000000,0.000000,0.000000,0.000000,0.000000,0.000000,0.000000,0.000000,0.000000,0.000000,0.000000,0.000000,0.000000,0.000000,0.000000,0.000000,0.000000,0.000000,0.000000,0.000000,0.000000,0.000000,0.000000,0.000000,0.000000,0.000000,0.000000,0.000000,0.000000,0.000000,0.000000,0.000000,0.000000,0.000000,0.000000,0.000000,0.000000,0.000000,0.000000,0.000000,0.000000,0.000000,0.000000,0.000000,0.000000,0.000000,0.000000,0.000000,0.000000,0.000000,0.000000,0.000000,0.000000,0.000000,0.000000,0.000000,0.000000,0.000000,0.000000,0.000000,0.000000,0.000000,0.000000,0.000000,0.000000,0.000000,0.000000,0.000000,0.000000,0.000000,0.000000,0.000000,0.000000,0.936203,-0.946656,-0.989354,-0.200891,0.768507,0.639524,0.824092,0.067565,-0.102508,-0.228278,-0.907164,0.819043,-0.007648,-0.089865,0.030335,0.588309,-0.551058,0.419801,0.421539,0.699106,-0.982633,-0.659209,-0.057906,0.701081,0.930234,0.189737,-0.575732,-0.630831,0.278888,-0.579862,0.106175,0.669624,-0.220361,-0.243056,-0.927719,-0.491831,0.396383,-0.279218,-0.683402,-0.788465,-0.809893,0.318267,0.225243,0.037042,0.000653,-0.693726,0.001208,-0.880124,0.851717,-0.883945,-0.152940,-0.998858,0.572301,-0.667660
0.000000,0.000000,0.000000,0.000000,0.000000,0.000000,0.000000,0.000000,0.000000,0.000000,0.000000,0.000000,0.000000,0.000000,0.000000,0.000000,0.000000,0.000000,0.000000,0.000000,0.000000,0.000000,0.000000,0.000000,0.000000,0.000000,0.000000,0.000000,0.000000,0.000000,0.000000,0.000000,0.000000,0.000000,0.000000,0.000000,0.000000,0.000000,0.000000,0.000000,0.000000,0.000000,0.000000,0.000000,0.000000,0.000000,0.000000,0.000000,0.000000,0.000000,0.000000,0.000000,0.000000,0.000000,0.000000,0.000000,0.000000,0.000000,0.000000,0.000000,0.000000,0.000000,0.000000,0.000000,0.000000,0.000000,0.000000,0.000000,0.000000,0.000000,0.000000,0.000000,0.000000,0.000000,0.000000,2.812290,-0.912045,0.641575,0.313276,-0.500529,-0.595161,-0.284644,0.656806,0.723913,-0.649429,-0.293104,-0.525017,-0.754714,0.292899,-0.308258,-0.549232,0.731996,0.496636,0.547522,-0.921608,0.830261,0.149477,0.007606,-0.978829,0.795324,0.087781,0.650307,0.311022,0.593387,0.385863,0.841928,-0.549032,-0.595800,0.425083,0.002790,0.198322,0.417085,0.094856,0.575387,-0.362265,0.717981,-0.784647,0.268008,0.780265,-0.494612,-0.346331,-0.389116,0.128527,-0.174256,-0.784081,0.782574,-0.590647,0.068160
0.000000,0.000000,0.000000,0.000000,0.000000,0.000000,0.000000,0.000000,0.000000,0.000000,0.000000,0.000000,0.000000,0.000000,0.000000,0.000000,0.000000,0.000000,0.000000,0.000000,0.000000,0.000000,0.000000,0.000000,0.000000,0.000000,0.000000,0.000000,0.000000,0.000000,0.000000,0.000000,0.000000,0.000000,0.000000,0.000000,0.000000,0.000000,0.000000,0.000000,0.000000,0.000000,0.000000,0.000000,0.000000,0.000000,0.000000,0.000000,0.000000,0.000000,0.000000,0.000000,0.000000,0.000000,0.000000,0.000000,0.000000,0.000000,0.000000,0.000000,0.000000,0.000000,0.000000,0.000000,0.000000,0.000000,0.000000,0.000000,0.000000,0.000000,0.000000,0.000000,0.000000,0.000000,0.000000,0.000000,1.987012,-0.918496,-0.808575,0.943379,0.329025,-0.932870,0.588398,0.017086,-0.849601,0.361504,-0.001296,-0.590160,0.755405,-0.417240,-0.430887,-0.454453,0.534912,0.412237,0.806291,-0.541322,0.572729,0.146091,-0.382641,-0.929092,0.637895,-0.517857,0.263486,0.097736,-0.991101,0.988687,0.628659,-0.027057,0.360683,-0.046812,0.489173,-0.731343,-0.107298,-0.328926,-0.080690,-0.099055,-0.713812,0.952977,-0.969016,-0.979854,-0.253117,0.240753,-0.640694,0.066388,0.445544,-0.811879,0.968845,-0.326599
0.000000,0.000000,0.000000,0.000000,0.000000,0.000000,0.000000,0.000000,0.000000,0.000000,0.000000,0.000000,0.000000,0.000000,0.000000,0.000000,0.000000,0.000000,0.000000,0.000000,0.000000,0.000000,0.000000,0.000000,0.000000,0.000000,0.000000,0.000000,0.000000,0.000000,0.000000,0.000000,0.000000,0.000000,0.000000,0.000000,0.000000,0.000000,0.000000,0.000000,0.000000,0.000000,0.000000,0.000000,0.000000,0.000000,0.000000,0.000000,0.000000,0.000000,0.000000,0.000000,0.000000,0.000000,0.000000,0.000000,0.000000,0.000000,0.000000,0.000000,0.000000,0.000000,0.000000,0.000000,0.000000,0.000000,0.000000,0.000000,0.000000,0.000000,0.000000,0.000000,0.000000,0.000000,0.000000,0.000000,0.000000,2.106039,-0.778560,0.418973,0.680913,-0.789430,-0.748274,-0.437905,-0.976128,0.972103,0.196768,0.215179,0.917924,0.664059,0.628486,-0.320995,-0.330273,-0.416524,-0.306608,-0.260982,-0.719993,-0.288104,-0.106506,-0.381305,-0.669306,-0.253179,-0.038184,0.441457,0.422476,-0.594610,-0.926689,-0.392401,-0.685727,-0.208423,0.958692,-0.637857,-0.362252,0.450229,0.018366,-0.912144,-0.676620,0.870499,-0.793670,0.270186,0.584651,-0.469122,0.450156,-0.660210,-0.430499,-0.376356,0.992870,-0.570855
0.000000,0.000000,0.000000,0.000000,0.000000,0.000000,0.000000,0.000000,0.000000,0.000000,0.000000,0.000000,0.000000,0.000000,0.000000,0.000000,0.000000,0.000000,0.000000,0.000000,0.000000,0.000000,0.000000,0.000000,0.000000,0.000000,0.000000,0.000000,0.000000,0.000000,0.000000,0.000000,0.000000,0.000000,0.000000,0.000000,0.000000,0.000000,0.000000,0.000000,0.000000,0.000000,0.000000,0.000000,0.000000,0.000000,0.000000,0.000000,0.000000,0.000000,0.000000,0.000000,0.000000,0.000000,0.000000,0.000000,0.000000,0.000000,0.000000,0.000000,0.000000,0.000000,0.000000,0.000000,0.000000,0.000000,0.000000,0.000000,0.000000,0.000000,0.000000,0.000000,0.000000,0.000000,0.000000,0.000000,0.000000,0.000000,0.823019,0.851383,-0.676139,0.758560,0.300913,0.153723,0.502677,0.451998,-0.778948,0.998932,0.883779,0.793184,0.244578,0.045583,0.072557,-0.970126,-0.001061,0.247539,0.317412,-0.335721,-0.057435,0.272621,-0.143389,0.924270,0.410884,-0.997453,-0.953441,0.380600,-0.174710,0.678942,-0.653969,-0.972346,-0.223835,0.472128,0.943455,0.767308,-0.031851,0.625635,-0.859339,0.144545,0.848597,-0.207230,0.920201,-0.558630,-0.788732,0.049525,0.814494,-0.377442,0.600321,-0.661605
0.000000,0.000000,0.000000,0.000000,0.000000,0.000000,0.000000,0.000000,0.000000,0.000000,0.000000,0.000000,0.000000,0.000000,0.000000,0.000000,0.000000,0.000000,0.000000,0.000000,0.000000,0.000000,0.000000,0.000000,0.000000,0.000000,0.000000,0.000000,0.000000,0.000000,0.000000,0.000000,0.000000,0.000000,0.000000,0.000000,0.000000,0.000000,0.000000,0.000000,0.000000,0.000000,0.000000,0.000000,0.000000,0.000000,0.000000,0.000000,0.000000,0.000000,0.000000,0.000000,0.000000,0.000000,0.000000,0.000000,0.000000,0.000000,0.000000,0.000000,0.000000,0.000000,0.000000,0.000000,0.000000,0.000000,0.000000,0.000000,0.000000,0.000000,0.000000,0.000000,0.000000,0.000000,0.000000,0.000000,0.000000,0.000000,0.000000,2.363926,0.114054,-0.649966,0.436174,0.427512,0.030870,-0.549065,-0.735412,0.914510,0.311625,0.618483,0.393941,0.658947,-0.675018,-0.006100,0.334250,-0.793220,-0.700086,0.267965,0.737412,0.320832,-0.927590,0.940866,-0.720986,-0.534876,0.949935,0.542066,0.873153,0.613239,0.303469,-0.430894,-0.346237,0.894542,0.721251,-0.281019,-0.253465,-0.404611,-0.347740,0.721335,-0.978986,-0.127895,0.885679,0.085273,-0.099108,-0.375260,-0.852175,-0.551027,-0.819083,-0.746601
0.000000,0.000000,0.000000,0.000000,0.000000,0.000000,0.000000,0.000000,0.000000,0.000000,0.000000,0.000000,0.000000,0.000000,0.000000,0.000000,0.000000,0.000000,0.000000,0.000000,0.000000,0.000000,0.000000,0.000000,0.000000,0.000000,0.000000,0.000000,0.000000,0.000000,0.000000,0.000000,0.000000,0.000000,0.000000,0.000000,0.000000,0.000000,0.000000,0.000000,0.000000,0.000000,0.000000,0.000000,0.000000,0.000000,0.000000,0.000000,0.000000,0.000000,0.000000,0.000000,0.000000,0.000000,0.000000,0.000000,0.000000,0.000000,0.000000,0.000000,0.000000,0.000000,0.000000,0.000000,0.000000,0.000000,0.000000,0.000000,0.000000,0.000000,0.000000,0.000000,0.000000,0.000000,0.000000,0.000000,0.000000,0.000000,0.000000,0.000000,0.908791,-0.395941,-0.977967,0.900288,-0.752362,-0.233702,0.759055,-0.786864,-0.032791,0.689567,0.113925,-0.579313,0.471019,0.362682,-0.275628,-0.907410,-0.984271,0.650786,-0.356885,-0.724460,0.037102,0.841667,-0.983038,-0.887713,-0.165910,0.351932,-0.047799,0.795097,-0.911831,-0.319718,-0.297304,-0.319746,-0.024628,0.581154,-0.364235,0.488966,-0.707069,0.121450,-0.249824,0.078422,-0.784500,0.906926,0.812428,0.652793,0.785566,-0.706624,0.007444,-0.364182
0.000000,0.000000,0.000000,0.000000,0.000000,0.000000,0.000000,0.000000,0.000000,0.000000,0.000000,0.000000,0.000000,0.000000,0.000000,0.000000,0.000000,0.000000,0.000000,0.000000,0.000000,0.000000,0.000000,0.000000,0.000000,0.000000,0.000000,0.000000,0.000000,0.000000,0.000000,0.000000,0.000000,0.000000,0.000000,0.000000,0.000000,0.000000,0.000000,0.000000,0.000000,0.000000,0.000000,0.000000,0.000000,0.000000,0.000000,0.000000,0.000000,0.000000,0.000000,0.000000,0.000000,0.000000,0.000000,0.000000,0.000000,0.000000,0.000000,0.000000,0.000000,0.000000,0.000000,0.000000,0.000000,0.000000,0.000000,0.000000,0.000000,0.000000,0.000000,0.000000,0.000000,0.000000,0.000000,0.000000,0.000000,0.000000,0.000000,0.000000,0.000000,2.718465,-0.621125,-0.560109,0.373429,-0.822201,0.464734,-0.463745,0.321871,0.746076,0.219223,-0.574633,-0.901669,-0.910772,-0.822376,0.159636,-0.303564,-0.513786,-0.561387,0.897163,-0.762367,-0.390371,-0.057045,-0.999101,0.841906,-0.801803,0.364941,0.257731,0.618128,0.302775,0.538775,-0.157503,-0.022591,0.403324,0.136853,0.023077,-0.588883,-0.483783,-0.283006,-0.981431,-0.165273,-0.994463,0.130031,0.408058,0.124297,0.387040,-0.999974,-0.881116
0.000000,0.000000,0.000000,0.000000,0.000000,0.000000,0.000000,0.000000,0.000000,0.000000,0.000000,0.000000,0.000000,0.000000,0.000000,0.000000,0.000000,0.000000,0.000000,0.000000,0.000000,0.000000,0.000000,0.000000,0.000000,0.000000,0.000000,0.000000,0.000000,0.000000,0.000000,0.000000,0.000000,0.000000,0.000000,0.000000,0.000000,0.000000,0.000000,0.000000,0.000000,0.000000,0.000000,0.000000,0.000000,0.000000,0.000000,0.000000,0.000000,0.000000,0.000000,0.000000,0.000000,0.000000,0.000000,0.000000,0.000000,0.000000,0.000000,0.000000,0.000000,0.000000,0.000000,0.000000,0.000000,0.000000,0.000000,0.000000,0.000000,0.000000,0.000000,0.000000,0.000000,0.000000,0.000000,0.000000,0.000000,0.000000,0.000000,0.000000,0.000000,0.000000,2.246156,0.605800,0.435403,0.326024,0.414765,0.479180,0.448755,0.476017,-0.851961,-0.873457,-0.277760,0.055193,0.525238,-0.330584,-0.449766,0.562897,-0.501326,0.641683,-0.645733,-0.281053,-0.197849,-0.400979,-0.993286,-0.528981,-0.324693,-0.372750,0.571111,-0.905264,-0.222103,-0.924969,0.861295,0.580419,0.964323,0.820321,-0.368374,0.383167,-0.386892,0.776422,-0.178494,-0.248225,0.828137,0.673481,0.932827,-0.867024,-0.513322,-0.398285
0.000000,0.000000,0.000000,0.000000,0.000000,0.000000,0.000000,0.000000,0.000000,0.000000,0.000000,0.000000,0.000000,0.000000,0.000000,0.000000,0.000000,0.000000,0.000000,0.000000,0.000000,0.000000,0.000000,0.000000,0.000000,0.000000,0.000000,0.000000,0.000000,0.000000,0.000000,0.000000,0.000000,0.000000,0.000000,0.000000,0.000000,0.000000,0.000000,0.000000,0.000000,0.000000,0.000000,0.000000,0.000000,0.000000,0.000000,0.000000,0.000000,0.000000,0.000000,0.000000,0.000000,0.000000,0.000000,0.000000,0.000000,0.000000,0.000000,0.000000,0.000000,0.000000,0.000000,0.000000,0.000000,0.000000,0.000000,0.000000,0.000000,0.000000,0.000000,0.000000,0.000000,0.000000,0.000000,0.000000,0.000000,0.000000,0.000000,0.000000,0.000000,0.000000,0.000000,1.560880,-0.053740,-0.417055,0.580901,-0.553512,0.393035,0.703537,0.207396,-0.291682,-0.624218,-0.731308,0.488349,-0.061736,-0.907361,0.967679,0.342606,0.688365,-0.123623,0.910877,-0.600950,-0.629728,0.780669,0.783434,-0.001961,-0.748427,-0.389567,0.508305,0.691984,-0.304691,-0.877533,0.331453,0.478994,-0.151971,0.166195,0.974743,-0.510003,0.145955,0.221921,0.098214,0.738259,0.210015,0.015780,-0.753970,0.406418,-0.735785
0.000000,0.000000,0.000000,0.000000,0.000000,0.000000,0.000000,0.000000,0.000000,0.000000,0.000000,0.000000,0.000000,0.000000,0.000000,0.000000,0.000000,0.000000,0.000000,0.000000,0.000000,0.000000,0.000000,0.000000,0.000000,0.000000,0.000000,0.000000,0.000000,0.000000,0.000000,0.000000,0.000000,0.000000,0.000000,0.000000,0.000000,0.000000,0.000000,0.000000,0.000000,0.000000,0.000000,0.000000,0.000000,0.000000,0.000000,0.000000,0.000000,0.000000,0.000000,0.000000,0.000000,0.000000,0.000000,0.000000,0.000000,0.000000,0.000000,0.000000,0.000000,0.000000,0.000000,0.000000,0.000000,0.000000,0.000000,0.000000,0.000000,0.000000,0.000000,0.000000,0.000000,0.000000,0.000000,0.000000,0.000000,0.000000,0.000000,0.000000,0.000000,0.000000,0.000000,0.000000,0.566425,-0.022938,0.144891,0.998108,0.424654,0.697181,-0.307224,0.017829,0.948538,-0.165223,0.614581,0.051978,-0.552076,0.160837,-0.563876,-0.993946,-0.528208,-0.613712,-0.258158,0.777194,-0.224294,0.690375,0.111226,-0.984771,-0.622527,0.862556,0.208347,0.859094,-0.379760,0.433125,0.544050,0.951399,-0.963647,0.904474,-0.216820,0.675985,0.089426,0.129299,-0.281244,0.656945,-0.471973,-0.015517,0.120349,0.485042
0.000000,0.000000,0.000000,0.000000,0.000000,0.000000,0.000000,0.000000,0.000000,0.000000,0.000000,0.000000,0.000000,0.000000,0.000000,0.000000,0.000000,0.000000,0.000000,0.000000,0.000000,0.000000,0.000000,0.000000,0.000000,0.000000,0.000000,0.000000,0.000000,0.000000,0.000000,0.000000,0.000000,0.000000,0.000000,0.000000,0.000000,0.000000,0.000000,0.000000,0.000000,0.000000,0.000000,0.000000,0.000000,0.000000,0.000000,0.000000,0.000000,0.000000,0.000000,0.000000,0.000000,0.000000,0.000000,0.000000,0.000000,0.000000,0.000000,0.000000,0.000000,0.000000,0.000000,0.000000,0.000000,0.000000,0.000000,0.000000,0.000000,0.000000,0.000000,0.000000,0.000000,0.000000,0.000000,0.000000,0.000000,0.000000,0.000000,0.000000,0.000000,0.000000,0.000000,0.000000,0.000000,1.679088,0.360566,-0.029412,0.318641,0.348287,0.418883,0.646600,0.081445,-0.613444,0.359282,-0.845764,-0.562090,0.584315,-0.129860,-0.003912,0.974794,-0.529655,-0.960895,-0.777255,-0.510996,0.451840,0.551644,0.130978,-0.489907,0.043484,-0.970085,0.363602,0.228595,-0.956407,0.634023,0.526853,-0.383553,0.270753,0.202986,-0.713639,-0.613481,0.366412,0.867103,0.152569,0.135626,0.293363,-0.118843,-0.891656
0.000000,0.000000,0.000000,0.000000,0.000000,0.000000,0.000000,0.000000,0.000000,0.000000,0.000000,0.000000,0.000000,0.000000,0.000000,0.000000,0.000000,0.000000,0.000000,0.000000,0.000000,0.000000,0.000000,0.000000,0.000000,0.000000,0.000000,0.000000,0.000000,0.000000,0.000000,0.000000,0.000000,0.000000,0.000000,0.000000,0.000000,0.000000,0.000000,0.000000,0.000000,0.000000,0.000000,0.000000,0.000000,0.000000,0.000000,0.000000,0.000000,0.000000,0.000000,0.000000,0.000000,0.000000,0.000000,0.000000,0.000000,0.000000,0.000000,0.000000,0.000000,0.000000,0.000000,0.000000,0.000000,0.000000,0.000000,0.000000,0.000000,0.000000,0.000000,0.000000,0.000000,0.000000,0.000000,0.000000,0.000000,0.000000,0.000000,0.000000,0.000000,0.000000,0.000000,0.000000,0.000000,0.000000,1.491260,0.800504,0.609894,0.854847,-0.694337,0.011916,0.169456,-0.580149,-0.598060,0.564066,0.343704,0.294375,-0.466025,0.013539,-0.953860,-0.740108,0.036502,-0.380655,0.931340,-0.057031,-0.832872,-0.964315,0.450516,-0.656987,-0.624375,-0.152386,-0.471879,0.233154,-0.028615,-0.777099,0.569482,-0.148282,0.221669,-0.992115,0.252800,-0.434300,-0.011259,-0.404559,0.992521,-0.538315,0.825719,0.835933
0.000000,0.000000,0.000000,0.000000,0.000000,0.000000,0.000000,0.000000,0.000000,0.000000,0.000000,0.000000,0.000000,0.000000,0.000000,0.000000,0.000000,0.000000,0.000000,0.000000,0.000000,0.000000,0.000000,0.000000,0.000000,0.000000,0.000000,0.000000,0.000000,0.000000,0.000000,0.000000,0.000000,0.000000,0.000000,0.000000,0.000000,0.000000,0.000000,0.000000,0.000000,0.000000,0.000000,0.000000,0.000000,0.000000,0.000000,0.000000,0.000000,0.000000,0.000000,0.000000,0.000000,0.000000,0.000000,0.000000,0.000000,0.000000,0.000000,0.000000,0.000000,0.000000,0.000000,0.000000,0.000000,0.000000,0.000000,0.000000,0.000000,0.000000,0.000000,0.000000,0.000000,0.000000,0.000000,0.000000,0.000000,0.000000,0.000000,0.000000,0.000000,0.000000,0.000000,0.000000,0.000000,0.000000,0.000000,1.552502,-0.391994,-0.237929,0.978678,0.237592,0.089560,-0.928164,0.695686,-0.832389,-0.906055,-0.450284,-0.048423,0.790578,0.580158,-0.604736,-0.255841,0.560481,0.054185,-0.651016,-0.207890,0.251872,0.946451,0.323624,-0.967610,0.410017,-0.498270,0.724318,-0.232220,-0.600770,-0.064106,-0.489604,-0.528357,0.146524,0.534693,0.669909,-0.204660,-0.866392,-0.032050,-0.132437,-0.606042,0.792290
0.000000,0.000000,0.000000,0.000000,0.000000,0.000000,0.000000,0.000000,0.000000,0.000000,0.000000,0.000000,0.000000,0.000000,0.000000,0.000000,0.000000,0.000000,0.000000,0.000000,0.000000,0.000000,0.000000,0.000000,0.000000,0.000000,0.000000,0.000000,0.000000,0.000000,0.000000,0.000000,0.000000,0.000000,0.000000,0.000000,0.000000,0.000000,0.000000,0.000000,0.000000,0.000000,0.000000,0.000000,0.000000,0.000000,0.000000,0.000000,0.000000,0.000000,0.000000,0.000000,0.000000,0.000000,0.000000,0.000000,0.000000,0.000000,0.000000,0.000000,0.000000,0.000000,0.000000,0.000000,0.000000,0.000000,0.000000,0.000000,0.000000,0.000000,0.000000,0.000000,0.000000,0.000000,0.000000,0.000000,0.000000,0.000000,0.000000,0.000000,0.000000,0.000000,0.000000,0.000000,0.000000,0.000000,0.000000,0.000000,2.935371,-0.896506,0.591493,0.291433,-0.477127,0.270312,-0.742714,-0.861187,0.986978,0.272740,-0.493555,-0.099932,0.900176,-0.122550,0.800889,0.737618,-0.311687,0.392018,0.320997,0.542424,-0.268142,-0.895527,-0.657922,0.233107,0.550200,0.512097,0.167363,-0.830484,-0.965423,0.564284,0.098753,0.565424,-0.674423,-0.185154,0.838339,-0.656804,-0.876946,0.306935,0.189073,0.904061
0.000000,0.000000,0.000000,0.000000,0.000000,0.000000,0.000000,0.000000,0.000000,0.000000,0.000000,0.000000,0.000000,0.000000,0.000000,0.000000,0.000000,0.000000,0.000000,0.000000,0.000000,0.000000,0.000000,0.000000,0.000000,0.000000,0.000000,0.000000,0.000000,0.000000,0.000000,0.000000,0.000000,0.000000,0.000000,0.000000,0.000000,0.000000,0.000000,0.000000,0.000000,0.000000,0.000000,0.000000,0.000000,0.000000,0.000000,0.000000,0.000000,0.000000,0.000000,0.000000,0.000000,0.000000,0.000000,0.000000,0.000000,0.000000,0.000000,0.000000,0.000000,0.000000,0.000000,0.000000,0.000000,0.000000,0.000000,0.000000,0.000000,0.000000,0.000000,0.000000,0.000000,0.000000,0.000000,0.000000,0.000000,0.000000,0.000000,0.000000,0.000000,0.000000,0.000000,0.000000,0.000000,0.000000,0.000000,0.000000,0.000000,2.766171,0.498861,-0.961686,-0.039226,0.792204,-0.132698,0.924291,0.304976,-0.781086,0.018544,0.391234,-0.869262,-0.310701,0.434162,-0.685857,-0.303320,0.379821,0.551082,0.037024,0.913715,0.850662,-0.053126,-0.679451,0.545863,-0.513721,0.685643,0.174289,-0.211814,0.112767,0.065618,0.849466,-0.571274,0.856317,-0.937318,0.538407,0.839336,-0.211896,-0.853866,0.609335
0.000000,0.000000,0.000000,0.000000,0.000000,0.000000,0.000000,0.000000,0.000000,0.000000,0.000000,0.000000,0.000000,0.000000,0.000000,0.000000,0.000000,0.000000,0.000000,0.000000,0.000000,0.000000,0.000000,0.000000,0.000000,0.000000,0.000000,0.000000,0.000000,0.000000,0.000000,0.000000,0.000000,0.000000,0.000000,0.000000,0.000000,0.000000,0.000000,0.000000,0.000000,0.000000,0.000000,0.000000,0.000000,0.000000,0.000000,0.000000,0.000000,0.000000,0.000000,0.000000,0.000000,0.000000,0.000000,0.000000,0.000000,0.000000,0.000000,0.000000,0.000000,0.000000,0.000000,0.000000,0.000000,0.000000,0.000000,0.000000,0.000000,0.000000,0.000000,0.000000,0.000000,0.000000,0.000000,0.000000,0.000000,0.000000,0.000000,0.000000,0.000000,0.000000,0.000000,0.000000,0.000000,0.000000,0.000000,0.000000,0.000000,0.000000,2.607162,-0.327485,0.037187,0.618938,-0.615914,0.257952,-0.138739,-0.651168,0.662880,-0.350638,0.868852,0.137868,0.029020,-0.153388,-0.198658,0.635933,0.355002,0.547380,-0.157832,-0.477126,-0.826270,0.553312,-0.169447,0.018447,-0.061314,-0.137724,0.367799,0.217468,0.944108,-0.722192,0.147039,-0.873520,0.615837,0.232623,-0.143242,0.604471,-0.089995,-0.544428
0.000000,0.000000,0.000000,0.000000,0.000000,0.000000,0.000000,0.000000,0.000000,0.000000,0.000000,0.000000,0.000000,0.000000,0.000000,0.000000,0.000000,0.000000,0.000000,0.000000,0.000000,0.000000,0.000000,0.000000,0.000000,0.000000,0.000000,0.000000,0.000000,0.000000,0.000000,0.000000,0.000000,0.000000,0.000000,0.000000,0.000000,0.000000,0.000000,0.000000,0.000000,0.000000,0.000000,0.000000,0.000000,0.000000,0.000000,0.000000,0.000000,0.000000,0.000000,0.000000,0.000000,0.000000,0.000000,0.000000,0.000000,0.000000,0.000000,0.000000,0.000000,0.000000,0.000000,0.000000,0.000000,0.000000,0.000000,0.000000,0.000000,0.000000,0.000000,0.000000,0.000000,0.000000,0.000000,0.000000,0.000000,0.000000,0.000000,0.000000,0.000000,0.000000,0.000000,0.000000,0.000000,0.000000,0.000000,0.000000,0.000000,0.000000,0.000000,1.681252,-0.858336,0.795722,0.461917,0.520632,0.748987,0.583145,-0.136295,-0.762727,-0.253270,0.868169,0.898181,0.535742,-0.591139,-0.611100,0.759543,-0.716168,0.168275,-0.243497,-0.395978,0.354764,0.919138,0.555267,-0.027675,-0.118577,0.815328,0.156214,-0.006722,0.365672,-0.525692,-0.872529,0.710223,0.214523,-0.670246,-0.403904,0.979867,0.268847
0.000000,0.000000,0.000000,0.000000,0.000000,0.000000,0.000000,0.000000,0.000000,0.000000,0.000000,0.000000,0.000000,0.000000,0.000000,0.000000,0.000000,0.000000,0.000000,0.000000,0.000000,0.000000,0.000000,0.000000,0.000000,0.000000,0.000000,0.000000,0.000000,0.000000,0.000000,0.000000,0.000000,0.000000,0.000000,0.000000,0.000000,0.000000,0.000000,0.000000,0.000000,0.000000,0.000000,0.000000,0.000000,0.000000,0.000000,0.000000,0.000000,0.000000,0.000000,0.000000,0.000000,0.000000,0.000000,0.000000,0.000000,0.000000,0.000000,0.000000,0.000000,0.000000,0.000000,0.000000,0.000000,0.000000,0.000000,0.000000,0.000000,0.000000,0.000000,0.000000,0.000000,0.000000,0.000000,0.000000,0.000000,0.000000,0.000000,0.000000,0.000000,0.000000,0.000000,0.000000,0.000000,0.000000,0.000000,0.000000,0.000000,0.000000,0.000000,0.000000,2.090280,-0.855673,0.937983,0.785566,0.095565,-0.381222,0.396110,0.666749,0.572243,0.954095,0.273711,-0.357549,-0.004145,0.632634,-0.469315,-0.537183,0.449669,-0.111145,0.633141,-0.712633,-0.328607,-0.463800,0.395736,0.518658,-0.087995,-0.043941,-0.735936,0.403656,0.984635,0.555844,-0.553775,0.246245,-0.410086,-0.939647,-0.640354,-0.794813
0.000000,0.000000,0.000000,0.000000,0.000000,0.000000,0.000000,0.000000,0.000000,0.000000,0.000000,0.000000,0.000000,0.000000,0.000000,0.000000,0.000000,0.000000,0.000000,0.000000,0.000000,0.000000,0.000000,0.000000,0.000000,0.000000,0.000000,0.000000,0.000000,0.000000,0.000000,0.000000,0.000000,0.000000,0.000000,0.000000,0.000000,0.000000,0.000000,0.000000,0.000000,0.000000,0.000000,0.000000,0.000000,0.000000,0.000000,0.000000,0.000000,0.000000,0.000000,0.000000,0.000000,0.000000,0.000000,0.000000,0.000000,0.000000,0.000000,0.000000,0.000000,0.000000,0.000000,0.000000,0.000000,0.000000,0.000000,0.000000,0.000000,0.000000,0.000000,0.000000,0.000000,0.000000,0.000000,0.000000,0.000000,0.000000,0.000000,0.000000,0.000000,0.000000,0.000000,0.000000,0.000000,0.000000,0.000000,0.000000,0.000000,0.000000,0.000000,0.000000,0.000000,0.989831,0.591209,-0.414336,0.514080,0.897725,0.148546,-0.029182,0.500254,-0.805820,-0.143576,-0.002351,0.662103,0.628435,0.696531,0.395746,0.061112,0.655759,0.746565,-0.039031,0.971324,0.749636,0.020939,-0.861425,-0.551016,0.552797,-0.777691,-0.060400,0.209704,0.756694,0.694228,0.528556,-0.184612,-0.715501,0.339299,-0.637423
0.000000,0.000000,0.000000,0.000000,0.000000,0.000000,0.000000,0.000000,0.000000,0.000000,0.000000,0.000000,0.000000,0.000000,0.000000,0.000000,0.000000,0.000000,0.000000,0.000000,0.000000,0.000000,0.000000,0.000000,0.000000,0.000000,0.000000,0.000000,0.000000,0.000000,0.000000,0.000000,0.000000,0.000000,0.000000,0.000000,0.000000,0.000000,0.000000,0.000000,0.000000,0.000000,0.000000,0.000000,0.000000,0.000000,0.000000,0.000000,0.000000,0.000000,0.000000,0.000000,0.000000,0.000000,0.000000,0.000000,0.000000,0.000000,0.000000,0.000000,0.000000,0.000000,0.000000,0.000000,0.000000,0.000000,0.000000,0.000000,0.000000,0.000000,0.000000,0.000000,0.000000,0.000000,0.000000,0.000000,0.000000,0.000000,0.000000,0.000000,0.000000,0.000000,0.000000,0.000000,0.000000,0.000000,0.000000,0.000000,0.000000,0.000000,0.000000,0.000000,0.000000,0.000000,1.903286,0.961356,0.100620,0.291114,0.355151,0.660777,-0.130039,-0.004980,-0.648056,0.229360,-0.408484,0.015249,0.533114,-0.964860,0.127831,-0.653110,-0.441233,-0.930573,-0.661074,0.973259,0.997046,0.439696,0.223714,0.554014,0.793109,0.038610,-0.929432,0.418792,0.969205,-0.483894,-0.073069,-0.277451,-0.219065,0.442800
0.000000,0.000000,0.000000,0.000000,0.000000,0.000000,0.000000,0.000000,0.000000,0.000000,0.000000,0.000000,0.000000,0.000000,0.000000,0.000000,0.000000,0.000000,0.000000,0.000000,0.000000,0.000000,0.000000,0.000000,0.000000,0.000000,0.000000,0.000000,0.000000,0.000000,0.000000,0.000000,0.000000,0.000000,0.000000,0.000000,0.000000,0.000000,0.000000,0.000000,0.000000,0.000000,0.000000,0.000000,0.000000,0.000000,0.000000,0.000000,0.000000,0.000000,0.000000,0.000000,0.000000,0.000000,0.000000,0.000000,0.000000,0.000000,0.000000,0.000000,0.000000,0.000000,0.000000,0.000000,0.000000,0.000000,0.000000,0.000000,0.000000,0.000000,0.000000,0.000000,0.000000,0.000000,0.000000,0.000000,0.000000,0.000000,0.000000,0.000000,0.000000,0.000000,0.000000,0.000000,0.000000,0.000000,0.000000,0.000000,0.000000,0.000000,0.000000,0.000000,0.000000,0.000000,0.000000,1.446011,0.882168,0.579317,-0.944706,0.637098,0.545715,0.032987,-0.006365,0.671054,-0.150429,-0.681075,-0.374202,-0.469595,0.362118,-0.642253,0.289545,-0.068066,0.679322,-0.030003,0.859608,0.800938,-0.629425,0.372333,-0.570751,0.646609,0.271446,-0.411765,-0.501753,-0.140845,0.601446,0.592323,-0.933248,-0.395426
0.000000,0.000000,0.000000,0.000000,0.000000,0.000000,0.000000,0.000000,0.000000,0.000000,0.000000,0.000000,0.000000,0.000000,0.000000,0.000000,0.000000,0.000000,0.000000,0.000000,0.000000,0.000000,0.000000,0.000000,0.000000,0.000000,0.000000,0.000000,0.000000,0.000000,0.000000,0.000000,0.000000,0.000000,0.000000,0.000000,0.000000,0.000000,0.000000,0.000000,0.000000,0.000000,0.000000,0.000000,0.000000,0.000000,0.000000,0.000000,0.000000,0.000000,0.000000,0.000000,0.000000,0.000000,0.000000,0.000000,0.000000,0.000000,0.000000,0.000000,0.000000,0.000000,0.000000,0.000000,0.000000,0.000000,0.000000,0.000000,0.000000,0.000000,0.000000,0.000000,0.000000,0.000000,0.000000,0.000000,0.000000,0.000000,0.000000,0.000000,0.000000,0.000000,0.000000,0.000000,0.000000,0.000000,0.000000,0.000000,0.000000,0.000000,0.000000,0.000000,0.000000,0.000000,0.000000,0.000000,1.557127,0.171164,-0.700946,-0.329434,0.771194,-0.046905,0.488286,-0.030443,-0.070035,0.243851,-0.481271,-0.500396,0.978708,0.737984,0.475510,-0.725711,-0.939551,-0.649175,0.875462,0.632580,0.046152,0.937561,-0.706836,0.118301,-0.633556,-0.387143,0.880270,0.736557,-0.796402,-0.500912,0.189015,-0.877294
0.000000,0.000000,0.000000,0.000000,0.000000,0.000000,0.000000,0.000000,0.000000,0.000000,0.000000,0.000000,0.000000,0.000000,0.000000,0.000000,0.000000,0.000000,0.000000,0.000000,0.000000,0.000000,0.000000,0.000000,0.000000,0.000000,0.000000,0.000000,0.000000,0.000000,0.000000,0.000000,0.000000,0.000000,0.000000,0.000000,0.000000,0.000000,0.000000,0.000000,0.000000,0.000000,0.000000,0.000000,0.000000,0.000000,0.000000,0.000000,0.000000,0.000000,0.000000,0.000000,0.000000,0.000000,0.000000,0.000000,0.000000,0.000000,0.000000,0.000000,0.000000,0.000000,0.000000,0.000000,0.000000,0.000000,0.000000,0.000000,0.000000,0.000000,0.000000,0.000000,0.000000,0.000000,0.000000,0.000000,0.000000,0.000000,0.000000,0.000000,0.000000,0.000000,0.000000,0.000000,0.000000,0.000000,0.000000,0.000000,0.000000,0.000000,0.000000,0.000000,0.000000,0.000000,0.000000,0.000000,0.000000,1.875212,0.168983,-0.418066,-0.413754,-0.541841,0.871353,-0.222258,0.170538,-0.396851,0.405328,-0.797117,-0.856717,0.488568,0.453336,-0.469997,-0.289907,0.914521,-0.791339,-0.633706,-0.139923,-0.435802,0.298017,0.381203,0.052776,0.222395,-0.133158,0.520775,-0.915803,-0.374217,0.368860,-0.340710
0.000000,0.000000,0.000000,0.000000,0.000000,0.000000,0.000000,0.000000,0.000000,0.000000,0.000000,0.000000,0.000000,0.000000,0.000000,0.000000,0.000000,0.000000,0.000000,0.000000,0.000000,0.000000,0.000000,0.000000,0.000000,0.000000,0.000000,0.000000,0.000000,0.000000,0.000000,0.000000,0.000000,0.000000,0.000000,0.000000,0.000000,0.000000,0.000000,0.000000,0.000000,0.000000,0.000000,0.000000,0.000000,0.000000,0.000000,0.000000,0.000000,0.000000,0.000000,0.000000,0.000000,0.000000,0.000000,0.000000,0.000000,0.000000,0.000000,0.000000,0.000000,0.000000,0.000000,0.000000,0.000000,0.000000,0.000000,0.000000,0.000000,0.000000,0.000000,0.000000,0.000000,0.000000,0.000000,0.000000,0.000000,0.000000,0.000000,0.000000,0.000000,0.000000,0.000000,0.000000,0.000000,0.000000,0.000000,0.000000,0.000000,0.000000,0.000000,0.000000,0.000000,0.000000,0.000000,0.000000,0.000000,0.000000,0.696338,-0.309973,0.422990,-0.756030,0.449263,0.550911,0.270601,-0.511532,0.610591,-0.571115,0.811642,0.413291,-0.890560,0.598574,0.012867,-0.094702,-0.158978,0.213260,0.449157,0.791953,-0.454110,0.261553,0.372685,0.349594,-0.013999,-0.217955,0.524758,-0.399980,-0.583894,0.091658
0.000000,0.000000,0.000000,0.000000,0.000000,0.000000,0.000000,0.000000,0.000000,0.000000,0.000000,0.000000,0.000000,0.000000,0.000000,0.000000,0.000000,0.000000,0.000000,0.000000,0.000000,0.000000,0.000000,0.000000,0.000000,0.000000,0.000000,0.000000,0.000000,0.000000,0.000000,0.000000,0.000000,0.000000,0.000000,0.000000,0.000000,0.000000,0.000000,0.000000,0.000000,0.000000,0.000000,0.000000,0.000000,0.000000,0.000000,0.000000,0.000000,0.000000,0.000000,0.000000,0.000000,0.000000,0.000000,0.000000,0.000000,0.000000,0.000000,0.000000,0.000000,0.000000,0.000000,0.000000,0.000000,0.000000,0.000000,0.000000,0.000000,0.000000,0.000000,0.000000,0.000000,0.000000,0.000000,0.000000,0.000000,0.000000,0.000000,0.000000,0.000000,0.000000,0.000000,0.000000,0.000000,0.000000,0.000000,0.000000,0.000000,0.000000,0.000000,0.000000,0.000000,0.000000,0.000000,0.000000,0.000000,0.000000,0.000000,1.169027,-0.933534,-0.896849,0.390021,0.946292,-0.090623,-0.705878,0.636166,-0.477128,0.991253,0.126528,-0.534735,-0.007990,-0.329237,0.558944,-0.788368,0.714005,0.534674,0.722728,0.789987,-0.540444,0.042012,0.699844,-0.245224,-0.879185,-0.416731,-0.516159,0.740125,-0.072307
0.000000,0.000000,0.000000,0.000000,0.000000,0.000000,0.000000,0.000000,0.000000,0.000000,0.000000,0.000000,0.000000,0.000000,0.000000,0.000000,0.000000,0.000000,0.000000,0.000000,0.000000,0.000000,0.000000,0.000000,0.000000,0.000000,0.000000,0.000000,0.000000,0.000000,0.000000,0.000000,0.000000,0.000000,0.000000,0.000000,0.000000,0.000000,0.000000,0.000000,0.000000,0.000000,0.000000,0.000000,0.000000,0.000000,0.000000,0.000000,0.000000,0.000000,0.000000,0.000000,0.000000,0.000000,0.000000,0.000000,0.000000,0.000000,0.000000,0.000000,0.000000,0.000000,0.000000,0.000000,0.000000,0.000000,0.000000,0.000000,0.000000,0.000000,0.000000,0.000000,0.000000,0.000000,0.000000,0.000000,0.000000,0.000000,0.000000,0.000000,0.000000,0.000000,0.000000,0.000000,0.000000,0.000000,0.000000,0.000000,0.000000,0.000000,0.000000,0.000000,0.000000,0.000000,0.000000,0.000000,0.000000,0.000000,0.000000,0.000000,2.208861,0.924238,-0.401624,0.522399,-0.954472,-0.791768,-0.676270,-0.375163,-0.194026,-0.045968,-0.509337,-0.867569,0.355046,-0.952677,0.618941,0.858310,0.420738,0.191921,0.314037,0.304444,0.863410,0.928612,-0.146577,0.234158,0.605614,-0.997924,0.054032,0.305753
0.000000,0.000000,0.000000,0.000000,0.000000,0.000000,0.000000,0.000000,0.000000,0.000000,0.000000,0.000000,0.000000,0.000000,0.000000,0.000000,0.000000,0.000000,0.000000,0.000000,0.000000,0.000000,0.000000,0.000000,0.000000,0.000000,0.000000,0.000000,0.000000,0.000000,0.000000,0.000000,0.000000,0.000000,0.000000,0.000000,0.000000,0.000000,0.000000,0.000000,0.000000,0.000000,0.000000,0.000000,0.000000,0.000000,0.000000,0.000000,0.000000,0.000000,0.000000,0.000000,0.000000,0.000000,0.000000,0.000000,0.000000,0.000000,0.000000,0.000000,0.000000,0.000000,0.000000,0.000000,0.000000,0.000000,0.000000,0.000000,0.000000,0.000000,0.000000,0.000000,0.000000,0.000000,0.000000,0.000000,0.000000,0.000000,0.000000,0.000000,0.000000,0.000000,0.000000,0.000000,0.000000,0.000000,0.000000,0.000000,0.000000,0.000000,0.000000,0.000000,0.000000,0.000000,0.000000,0.000000,0.000000,0.000000,0.000000,0.000000,0.000000,2.293014,-0.262421,-0.408711,-0.635715,0.115631,0.838607,0.791956,-0.280068,-0.484290,0.577588,0.449960,0.010680,-0.221939,-0.752404,0.570277,0.234929,-0.246237,0.837576,0.319345,0.858478,-0.051175,-0.090764,0.874479,0.919583,0.921535,0.637795,-0.075188
0.000000,0.000000,0.000000,0.000000,0.000000,0.000000,0.000000,0.000000,0.000000,0.000000,0.000000,0.000000,0.000000,0.000000,0.000000,0.000000,0.000000,0.000000,0.000000,0.000000,0.000000,0.000000,0.000000,0.000000,0.000000,0.000000,0.000000,0.000000,0.000000,0.000000,0.000000,0.000000,0.000000,0.000000,0.000000,0.000000,0.000000,0.000000,0.000000,0.000000,0.000000,0.000000,0.000000,0.000000,0.000000,0.000000,0.000000,0.000000,0.000000,0.000000,0.000000,0.000000,0.000000,0.000000,0.000000,0.000000,0.000000,0.000000,0.000000,0.000000,0.000000,0.000000,0.000000,0.000000,0.000000,0.000000,0.000000,0.000000,0.000000,0.000000,0.000000,0.000000,0.000000,0.000000,0.000000,0.000000,0.000000,0.000000,0.000000,0.000000,0.000000,0.000000,0.000000,0.000000,0.000000,0.000000,0.000000,0.000000,0.000000,0.000000,0.000000,0.000000,0.000000,0.000000,0.000000,0.000000,0.000000,0.000000,0.000000,0.000000,0.000000,0.000000,1.025748,-0.233118,0.876595,-0.272891,0.513435,0.846009,0.940784,0.895348,0.110115,-0.016240,0.975281,-0.563642,-0.624939,0.926365,0.378390,0.072608,-0.735900,0.026480,0.888442,0.205783,-0.190743,0.102206,0.772290,0.825697,-0.199824,0.216122
0.000000,0.000000,0.000000,0.000000,0.000000,0.000000,0.000000,0.000000,0.000000,0.000000,0.000000,0.000000,0.000000,0.000000,0.000000,0.000000,0.000000,0.000000,0.000000,0.000000,0.000000,0.000000,0.000000,0.000000,0.000000,0.000000,0.000000,0.000000,0.000000,0.000000,0.000000,0.000000,0.000000,0.000000,0.000000,0.000000,0.000000,0.000000,0.000000,0.000000,0.000000,0.000000,0.000000,0.000000,0.000000,0.000000,0.000000,0.000000,0.000000,0.000000,0.000000,0.000000,0.000000,0.000000,0.000000,0.000000,0.000000,0.000000,0.000000,0.000000,0.000000,0.000000,0.000000,0.000000,0.000000,0.000000,0.000000,0.000000,0.000000,0.000000,0.000000,0.000000,0.000000,0.000000,0.000000,0.000000,0.000000,0.000000,0.000000,0.000000,0.000000,0.000000,0.000000,0.000000,0.000000,0.000000,0.000000,0.000000,0.000000,0.000000,0.000000,0.000000,0.000000,0.000000,0.000000,0.000000,0.000000,0.000000,0.000000,0.000000,0.000000,0.000000,0.000000,1.198007,-0.097829,-0.560235,0.062945,0.156480,-0.324327,-0.455763,-0.697949,-0.720913,0.422922,-0.556724,-0.764046,0.997743,-0.480167,0.792097,0.218372,0.430140,0.121838,-0.638378,0.694103,0.655946,-0.300629,0.527701,0.086081,0.818098
0.000000,0.000000,0.000000,0.000000,0.000000,0.000000,0.000000,0.000000,0.000000,0.000000,0.000000,0.000000,0.000000,0.000000,0.000000,0.000000,0.000000,0.000000,0.000000,0.000000,0.000000,0.000000,0.000000,0.000000,0.000000,0.000000,0.000000,0.000000,0.000000,0.000000,0.000000,0.000000,0.000000,0.000000,0.000000,0.000000,0.000000,0.000000,0.000000,0.000000,0.000000,0.000000,0.000000,0.000000,0.000000,0.000000,0.000000,0.000000,0.000000,0.000000,0.000000,0.000000,0.000000,0.000000,0.000000,0.000000,0.000000,0.000000,0.000000,0.000000,0.000000,0.000000,0.000000,0.000000,0.000000,0.000000,0.000000,0.000000,0.000000,0.000000,0.000000,0.000000,0.000000,0.000000,0.000000,0.000000,0.000000,0.000000,0.000000,0.000000,0.000000,0.000000,0.000000,0.000000,0.000000,0.000000,0.000000,0.000000,0.000000,0.000000,0.000000,0.000000,0.000000,0.000000,0.000000,0.000000,0.000000,0.000000,0.000000,0.000000,0.000000,0.000000,0.000000,0.000000,2.507061,-0.918008,0.758552,0.937133,0.484312,-0.760173,0.614752,0.294978,-0.322347,0.768061,0.131133,0.705856,0.340227,-0.422968,0.950037,0.142011,0.033510,-0.192981,-0.727312,0.372426,-0.138402,0.869225,0.930194,0.535282
0.000000,0.000000,0.000000,0.000000,0.000000,0.000000,0.000000,0.000000,0.000000,0.000000,0.000000,0.000000,0.000000,0.000000,0.000000,0.000000,0.000000,0.000000,0.000000,0.000000,0.000000,0.000000,0.000000,0.000000,0.000000,0.000000,0.000000,0.000000,0.000000,0.000000,0.000000,0.000000,0.000000,0.000000,0.000000,0.000000,0.000000,0.000000,0.000000,0.000000,0.000000,0.000000,0.000000,0.000000,0.000000,0.000000,0.000000,0.000000,0.000000,0.000000,0.000000,0.000000,0.000000,0.000000,0.000000,0.000000,0.000000,0.000000,0.000000,0.000000,0.000000,0.000000,0.000000,0.000000,0.000000,0.000000,0.000000,0.000000,0.000000,0.000000,0.000000,0.000000,0.000000,0.000000,0.000000,0.000000,0.000000,0.000000,0.000000,0.000000,0.000000,0.000000,0.000000,0.000000,0.000000,0.000000,0.000000,0.000000,0.000000,0.000000,0.000000,0.000000,0.000000,0.000000,0.000000,0.000000,0.000000,0.000000,0.000000,0.000000,0.000000,0.000000,0.000000,0.000000,0.000000,1.106237,0.431959,-0.959156,0.652801,-0.012763,0.873479,-0.244480,-0.473653,0.990113,0.061356,0.726365,0.822114,0.036937,-0.088572,0.105772,0.695479,0.929320,-0.343356,0.477261,-0.429251,0.221906,0.609579,0.772973
0.000000,0.000000,0.000000,0.000000,0.000000,0.000000,0.000000,0.000000,0.000000,0.000000,0.000000,0.000000,0.000000,0.000000,0.000000,0.000000,0.000000,0.000000,0.000000,0.000000,0.000000,0.000000,0.000000,0.000000,0.000000,0.000000,0.000000,0.000000,0.000000,0.000000,0.000000,0.000000,0.000000,0.000000,0.000000,0.000000,0.000000,0.000000,0.000000,0.000000,0.000000,0.000000,0.000000,0.000000,0.000000,0.000000,0.000000,0.000000,0.000000,0.000000,0.000000,0.000000,0.000000,0.000000,0.000000,0.000000,0.000000,0.000000,0.000000,0.000000,0.000000,0.000000,0.000000,0.000000,0.000000,0.000000,0.000000,0.000000,0.000000,0.000000,0.000000,0.000000,0.000000,0.000000,0.000000,0.000000,0.000000,0.000000,0.000000,0.000000,0.000000,0.000000,0.000000,0.000000,0.000000,0.000000,0.000000,0.000000,0.000000,0.000000,0.000000,0.000000,0.000000,0.000000,0.000000,0.000000,0.000000,0.000000,0.000000,0.000000,0.000000,0.000000,0.000000,0.000000,0.000000,0.000000,1.621790,-0.260489,-0.493097,-0.733166,-0.270165,0.743956,-0.162381,-0.365414,0.478264,-0.568831,-0.487426,0.871817,-0.836821,-0.170738,0.153502,-0.539479,-0.437975,-0.556309,-0.309629,0.797012,-0.136825,-0.164342
0.000000,0.000000,0.000000,0.000000,0.000000,0.000000,0.000000,0.000000,0.000000,0.000000,0.000000,0.000000,0.000000,0.000000,0.000000,0.000000,0.000000,0.000000,0.000000,0.000000,0.000000,0.000000,0.000000,0.000000,0.000000,0.000000,0.000000,0.000000,0.000000,0.000000,0.000000,0.000000,0.000000,0.000000,0.000000,0.000000,0.000000,0.000000,0.000000,0.000000,0.000000,0.000000,0.000000,0.000000,0.000000,0.000000,0.000000,0.000000,0.000000,0.000000,0.000000,0.000000,0.000000,0.000000,0.000000,0.000000,0.000000,0.000000,0.000000,0.000000,0.000000,0.000000,0.000000,0.000000,0.000000,0.000000,0.000000,0.000000,0.000000,0.000000,0.000000,0.000000,0.000000,0.000000,0.000000,0.000000,0.000000,0.000000,0.000000,0.000000,0.000000,0.000000,0.000000,0.000000,0.000000,0.000000,0.000000,0.000000,0.000000,0.000000,0.000000,0.000000,0.000000,0.000000,0.000000,0.000000,0.000000,0.000000,0.000000,0.000000,0.000000,0.000000,0.000000,0.000000,0.000000,0.000000,0.000000,1.466452,0.928231,-0.765401,0.743751,-0.345678,0.913023,-0.369546,-0.834251,0.040084,-0.544269,0.505980,0.314611,0.372938,-0.613021,0.417261,-0.377338,0.997348,0.463535,0.180823,0.734236,0.178623
0.000000,0.000000,0.000000,0.000000,0.000000,0.000000,0.000000,0.000000,0.000000,0.000000,0.000000,0.000000,0.000000,0.000000,0.000000,0.000000,0.000000,0.000000,0.000000,0.000000,0.000000,0.000000,0.000000,0.000000,0.000000,0.000000,0.000000,0.000000,0.000000,0.000000,0.000000,0.000000,0.000000,0.000000,0.000000,0.000000,0.000000,0.000000,0.000000,0.000000,0.000000,0.000000,0.000000,0.000000,0.000000,0.000000,0.000000,0.000000,0.000000,0.000000,0.000000,0.000000,0.000000,0.000000,0.000000,0.000000,0.000000,0.000000,0.000000,0.000000,0.000000,0.000000,0.000000,0.000000,0.000000,0.000000,0.000000,0.000000,0.000000,0.000000,0.000000,0.000000,0.000000,0.000000,0.000000,0.000000,0.000000,0.000000,0.000000,0.000000,0.000000,0.000000,0.000000,0.000000,0.000000,0.000000,0.000000,0.000000,0.000000,0.000000,0.000000,0.000000,0.000000,0.000000,0.000000,0.000000,0.000000,0.000000,0.000000,0.000000,0.000000,0.000000,0.000000,0.000000,0.000000,0.000000,0.000000,0.000000,1.881875,-0.525369,0.356224,-0.250711,-0.913835,0.632124,-0.896254,0.344600,-0.686558,-0.134861,0.718183,-0.811161,0.334301,0.225237,0.735059,-0.654530,0.599575,-0.099758,-0.142712,-0.276431
0.000000,0.000000,0.000000,0.000000,0.000000,0.000000,0.000000,0.000000,0.000000,0.000000,0.000000,0.000000,0.000000,0.000000,0.000000,0.000000,0.000000,0.000000,0.000000,0.000000,0.000000,0.000000,0.000000,0.000000,0.000000,0.000000,0.000000,0.000000,0.000000,0.000000,0.000000,0.000000,0.000000,0.000000,0.000000,0.000000,0.000000,0.000000,0.000000,0.000000,0.000000,0.000000,0.000000,0.000000,0.000000,0.000000,0.000000,0.000000,0.000000,0.000000,0.000000,0.000000,0.000000,0.000000,0.000000,0.000000,0.000000,0.000000,0.000000,0.000000,0.000000,0.000000,0.000000,0.000000,0.000000,0.000000,0.000000,0.000000,0.000000,0.000000,0.000000,0.000000,0.000000,0.000000,0.000000,0.000000,0.000000,0.000000,0.000000,0.000000,0.000000,0.000000,0.000000,0.000000,0.000000,0.000000,0.000000,0.000000,0.000000,0.000000,0.000000,0.000000,0.000000,0.000000,0.000000,0.000000,0.000000,0.000000,0.000000,0.000000,0.000000,0.000000,0.000000,0.000000,0.000000,0.000000,0.000000,0.000000,0.000000,1.463935,0.039919,-0.786400,-0.149868,0.303962,-0.003615,-0.668341,-0.273897,-0.114077,0.337750,0.801533,0.100751,0.352736,-0.845621,0.908934,-0.369583,-0.291417,-0.554314,-0.830660
0.000000,0.000000,0.000000,0.000000,0.000000,0.000000,0.000000,0.000000,0.000000,0.000000,0.000000,0.000000,0.000000,0.000000,0.000000,0.000000,0.000000,0.000000,0.000000,0.000000,0.000000,0.000000,0.000000,0.000000,0.000000,0.000000,0.000000,0.000000,0.000000,0.000000,0.000000,0.000000,0.000000,0.000000,0.000000,0.000000,0.000000,0.000000,0.000000,0.000000,0.000000,0.000000,0.000000,0.000000,0.000000,0.000000,0.000000,0.000000,0.000000,0.000000,0.000000,0.000000,0.000000,0.000000,0.000000,0.000000,0.000000,0.000000,0.000000,0.000000,0.000000,0.000000,0.000000,0.000000,0.000000,0.000000,0.000000,0.000000,0.000000,0.000000,0.000000,0.000000,0.000000,0.000000,0.000000,0.000000,0.000000,0.000000,0.000000,0.000000,0.000000,0.000000,0.000000,0.000000,0.000000,0.000000,0.000000,0.000000,0.000000,0.000000,0.000000,0.000000,0.000000,0.000000,0.000000,0.000000,0.000000,0.000000,0.000000,0.000000,0.000000,0.000000,0.000000,0.000000,0.000000,0.000000,0.000000,0.000000,0.000000,0.000000,2.475117,-0.519020,-0.434625,-0.636407,0.949771,0.562070,0.859799,0.723447,0.812594,-0.041932,-0.658917,-0.346239,-0.415097,0.434268,-0.948655,-0.715916,0.365770,-0.753115
0.000000,0.000000,0.000000,0.000000,0.000000,0.000000,0.000000,0.000000,0.000000,0.000000,0.000000,0.000000,0.000000,0.000000,0.000000,0.000000,0.000000,0.000000,0.000000,0.000000,0.000000,0.000000,0.000000,0.000000,0.000000,0.000000,0.000000,0.000000,0.000000,0.000000,0.000000,0.000000,0.000000,0.000000,0.000000,0.000000,0.000000,0.000000,0.000000,0.000000,0.000000,0.000000,0.000000,0.000000,0.000000,0.000000,0.000000,0.000000,0.000000,0.000000,0.000000,0.000000,0.000000,0.000000,0.000000,0.000000,0.000000,0.000000,0.000000,0.000000,0.000000,0.000000,0.000000,0.000000,0.000000,0.000000,0.000000,0.000000,0.000000,0.000000,0.000000,0.000000,0.000000,0.000000,0.000000,0.000000,0.000000,0.000000,0.000000,0.000000,0.000000,0.000000,0.000000,0.000000,0.000000,0.000000,0.000000,0.000000,0.000000,0.000000,0.000000,0.000000,0.000000,0.000000,0.000000,0.000000,0.000000,0.000000,0.000000,0.000000,0.000000,0.000000,0.000000,0.000000,0.000000,0.000000,0.000000,0.000000,0.000000,0.000000,0.000000,0.620730,-0.781570,0.381348,-0.721349,-0.707391,-0.539400,0.501821,-0.599294,-0.929249,0.811727,0.752637,-0.630362,-0.469315,-0.622885,0.439069,-0.499982,0.862900
0.000000,0.000000,0.000000,0.000000,0.000000,0.000000,0.000000,0.000000,0.000000,0.000000,0.000000,0.000000,0.000000,0.000000,0.000000,0.000000,0.000000,0.000000,0.000000,0.000000,0.000000,0.000000,0.000000,0.000000,0.000000,0.000000,0.000000,0.000000,0.000000,0.000000,0.000000,0.000000,0.000000,0.000000,0.000000,0.000000,0.000000,0.000000,0.000000,0.000000,0.000000,0.000000,0.000000,0.000000,0.000000,0.000000,0.000000,0.000000,0.000000,0.000000,0.000000,0.000000,0.000000,0.000000,0.000000,0.000000,0.000000,0.000000,0.000000,0.000000,0.000000,0.000000,0.000000,0.000000,0.000000,0.000000,0.000000,0.000000,0.000000,0.000000,0.000000,0.000000,0.000000,0.000000,0.000000,0.000000,0.000000,0.000000,0.000000,0.000000,0.000000,0.000000,0.000000,0.000000,0.000000,0.000000,0.000000,0.000000,0.000000,0.000000,0.000000,0.000000,0.000000,0.000000,0.000000,0.000000,0.000000,0.000000,0.000000,0.000000,0.000000,0.000000,0.000000,0.000000,0.000000,0.000000,0.000000,0.000000,0.000000,0.000000,0.000000,0.000000,2.569103,0.176802,-0.982124,0.767339,0.455523,0.575815,-0.856350,0.417120,0.609179,0.913271,0.160941,0.016084,-0.149206,0.402575,0.841643,0.199510
0.000000,0.000000,0.000000,0.000000,0.000000,0.000000,0.000000,0.000000,0.000000,0.000000,0.000000,0.000000,0.000000,0.000000,0.000000,0.000000,0.000000,0.000000,0.000000,0.000000,0.000000,0.000000,0.000000,0.000000,0.000000,0.000000,0.000000,0.000000,0.000000,0.000000,0.000000,0.000000,0.000000,0.000000,0.000000,0.000000,0.000000,0.000000,0.000000,0.000000,0.000000,0.000000,0.000000,0.000000,0.000000,0.000000,0.000000,0.000000,0.000000,0.000000,0.000000,0.000000,0.000000,0.000000,0.000000,0.000000,0.000000,0.000000,0.000000,0.000000,0.000000,0.000000,0.000000,0.000000,0.000000,0.000000,0.000000,0.000000,0.000000,0.000000,0.000000,0.000000,0.000000,0.000000,0.000000,0.000000,0.000000,0.000000,0.000000,0.000000,0.000000,0.000000,0.000000,0.000000,0.000000,0.000000,0.000000,0.000000,0.000000,0.000000,0.000000,0.000000,0.000000,0.000000,0.000000,0.000000,0.000000,0.000000,0.000000,0.000000,0.000000,0.000000,0.000000,0.000000,0.000000,0.000000,0.000000,0.000000,0.000000,0.000000,0.000000,0.000000,0.000000,1.068209,-0.964852,0.238226,0.729196,-0.868049,-0.204858,0.880094,0.003354,-0.558684,-0.292687,-0.183721,-0.765421,0.321584,0.184329,0.295446
0.000000,0.000000,0.000000,0.000000,0.000000,0.000000,0.000000,0.000000,0.000000,0.000000,0.000000,0.000000,0.000000,0.000000,0.000000,0.000000,0.000000,0.000000,0.000000,0.000000,0.000000,0.000000,0.000000,0.000000,0.000000,0.000000,0.000000,0.000000,0.000000,0.000000,0.000000,0.000000,0.000000,0.000000,0.000000,0.000000,0.000000,0.000000,0.000000,0.000000,0.000000,0.000000,0.000000,0.000000,0.000000,0.000000,0.000000,0.000000,0.000000,0.000000,0.000000,0.000000,0.000000,0.000000,0.000000,0.000000,0.000000,0.000000,0.000000,0.000000,0.000000,0.000000,0.000000,0.000000,0.000000,0.000000,0.000000,0.000000,0.000000,0.000000,0.000000,0.000000,0.000000,0.000000,0.000000,0.000000,0.000000,0.000000,0.000000,0.000000,0.000000,0.000000,0.000000,0.000000,0.000000,0.000000,0.000000,0.000000,0.000000,0.000000,0.000000,0.000000,0.000000,0.000000,0.000000,0.000000,0.000000,0.000000,0.000000,0.000000,0.000000,0.000000,0.000000,0.000000,0.000000,0.000000,0.000000,0.000000,0.000000,0.000000,0.000000,0.000000,0.000000,0.000000,2.026979,-0.966656,-0.651074,-0.668856,-0.804097,0.470952,-0.759726,0.336388,-0.643219,-0.763380,-0.674940,0.016807,0.290965,0.623850
0.000000,0.000000,0.000000,0.000000,0.000000,0.000000,0.000000,0.000000,0.000000,0.000000,0.000000,0.000000,0.000000,0.000000,0.000000,0.000000,0.000000,0.000000,0.000000,0.000000,0.000000,0.000000,0.000000,0.000000,0.000000,0.000000,0.000000,0.000000,0.000000,0.000000,0.000000,0.000000,0.000000,0.000000,0.000000,0.000000,0.000000,0.000000,0.000000,0.000000,0.000000,0.000000,0.000000,0.000000,0.000000,0.000000,0.000000,0.000000,0.000000,0.000000,0.000000,0.000000,0.000000,0.000000,0.000000,0.000000,0.000000,0.000000,0.000000,0.000000,0.000000,0.000000,0.000000,0.000000,0.000000,0.000000,0.000000,0.000000,0.000000,0.000000,0.000000,0.000000,0.000000,0.000000,0.000000,0.000000,0.000000,0.000000,0.000000,0.000000,0.000000,0.000000,0.000000,0.000000,0.000000,0.000000,0.000000,0.000000,0.000000,0.000000,0.000000,0.000000,0.000000,0.000000,0.000000,0.000000,0.000000,0.000000,0.000000,0.000000,0.000000,0.000000,0.000000,0.000000,0.000000,0.000000,0.000000,0.000000,0.000000,0.000000,0.000000,0.000000,0.000000,0.000000,0.000000,0.821406,0.232373,0.547679,-0.375190,-0.840569,-0.688108,-0.816883,0.774424,-0.246597,0.046697,0.537376,-0.257003,0.298205
0.000000,0.000000,0.000000,0.000000,0.000000,0.000000,0.000000,0.000000,0.000000,0.000000,0.000000,0.000000,0.000000,0.000000,0.000000,0.000000,0.000000,0.000000,0.000000,0.000000,0.000000,0.000000,0.000000,0.000000,0.000000,0.000000,0.000000,0.000000,0.000000,0.000000,0.000000,0.000000,0.000000,0.000000,0.000000,0.000000,0.000000,0.000000,0.000000,0.000000,0.000000,0.000000,0.000000,0.000000,0.000000,0.000000,0.000000,0.000000,0.000000,0.000000,0.000000,0.000000,0.000000,0.000000,0.000000,0.000000,0.000000,0.000000,0.000000,0.000000,0.000000,0.000000,0.000000,0.000000,0.000000,0.000000,0.000000,0.000000,0.000000,0.000000,0.000000,0.000000,0.000000,0.000000,0.000000,0.000000,0.000000,0.000000,0.000000,0.000000,0.000000,0.000000,0.000000,0.000000,0.000000,0.000000,0.000000,0.000000,0.000000,0.000000,0.000000,0.000000,0.000000,0.000000,0.000000,0.000000,0.000000,0.000000,0.000000,0.000000,0.000000,0.000000,0.000000,0.000000,0.000000,0.000000,0.000000,0.000000,0.000000,0.000000,0.000000,0.000000,0.000000,0.000000,0.000000,0.000000,0.691700,-0.038189,-0.806962,-0.503432,-0.413318,0.435168,0.348208,0.494160,-0.876490,0.987828,-0.891160,0.651496
0.000000,0.000000,0.000000,0.000000,0.000000,0.000000,0.000000,0.000000,0.000000,0.000000,0.000000,0.000000,0.000000,0.000000,0.000000,0.000000,0.000000,0.000000,0.000000,0.000000,0.000000,0.000000,0.000000,0.000000,0.000000,0.000000,0.000000,0.000000,0.000000,0.000000,0.000000,0.000000,0.000000,0.000000,0.000000,0.000000,0.000000,0.000000,0.000000,0.000000,0.000000,0.000000,0.000000,0.000000,0.000000,0.000000,0.000000,0.000000,0.000000,0.000000,0.000000,0.000000,0.000000,0.000000,0.000000,0.000000,0.000000,0.000000,0.000000,0.000000,0.000000,0.000000,0.000000,0.000000,0.000000,0.000000,0.000000,0.000000,0.000000,0.000000,0.000000,0.000000,0.000000,0.000000,0.000000,0.000000,0.000000,0.000000,0.000000,0.000000,0.000000,0.000000,0.000000,0.000000,0.000000,0.000000,0.000000,0.000000,0.000000,0.000000,0.000000,0.000000,0.000000,0.000000,0.000000,0.000000,0.000000,0.000000,0.000000,0.000000,0.000000,0.000000,0.000000,0.000000,0.000000,0.000000,0.000000,0.000000,0.000000,0.000000,0.000000,0.000000,0.000000,0.000000,0.000000,0.000000,0.000000,2.350672,0.183524,-0.122286,0.514265,0.479716,-0.725643,0.585265,-0.842886,0.001092,0.290164,0.643378
0.000000,0.000000,0.000000,0.000000,0.000000,0.000000,0.000000,0.000000,0.000000,0.000000,0.000000,0.000000,0.000000,0.000000,0.000000,0.000000,0.000000,0.000000,0.000000,0.000000,0.000000,0.000000,0.000000,0.000000,0.000000,0.000000,0.000000,0.000000,0.000000,0.000000,0.000000,0.000000,0.000000,0.000000,0.000000,0.000000,0.000000,0.000000,0.000000,0.000000,0.000000,0.000000,0.000000,0.000000,0.000000,0.000000,0.000000,0.000000,0.000000,0.000000,0.000000,0.000000,0.000000,0.000000,0.000000,0.000000,0.000000,0.000000,0.000000,0.000000,0.000000,0.000000,0.000000,0.000000,0.000000,0.000000,0.000000,0.000000,0.000000,0.000000,0.000000,0.000000,0.000000,0.000000,0.000000,0.000000,0.000000,0.000000,0.000000,0.000000,0.000000,0.000000,0.000000,0.000000,0.000000,0.000000,0.000000,0.000000,0.000000,0.000000,0.000000,0.000000,0.000000,0.000000,0.000000,0.000000,0.000000,0.000000,0.000000,0.000000,0.000000,0.000000,0.000000,0.000000,0.000000,0.000000,0.000000,0.000000,0.000000,0.000000,0.000000,0.000000,0.000000,0.000000,0.000000,0.000000,0.000000,0.000000,1.657776,-0.526284,-0.018681,-0.499584,0.057451,-0.074984,0.561009,-0.519820,-0.600030,-0.051629
0.000000,0.000000,0.000000,0.000000,0.000000,0.000000,0.000000,0.000000,0.000000,0.000000,0.000000,0.000000,0.000000,0.000000,0.000000,0.000000,0.000000,0.000000,0.000000,0.000000,0.000000,0.000000,0.000000,0.000000,0.000000,0.000000,0.000000,0.000000,0.000000,0.000000,0.000000,0.000000,0.000000,0.000000,0.000000,0.000000,0.000000,0.000000,0.000000,0.000000,0.000000,0.000000,0.000000,0.000000,0.000000,0.000000,0.000000,0.000000,0.000000,0.000000,0.000000,0.000000,0.000000,0.000000,0.000000,0.000000,0.000000,0.000000,0.000000,0.000000,0.000000,0.000000,0.000000,0.000000,0.000000,0.000000,0.000000,0.000000,0.000000,0.000000,0.000000,0.000000,0.000000,0.000000,0.000000,0.000000,0.000000,0.000000,0.000000,0.000000,0.000000,0.000000,0.000000,0.000000,0.000000,0.000000,0.000000,0.000000,0.000000,0.000000,0.000000,0.000000,0.000000,0.000000,0.000000,0.000000,0.000000,0.000000,0.000000,0.000000,0.000000,0.000000,0.000000,0.000000,0.000000,0.000000,0.000000,0.000000,0.000000,0.000000,0.000000,0.000000,0.000000,0.000000,0.000000,0.000000,0.000000,0.000000,0.000000,0.626261,-0.541319,-0.292590,-0.024741,-0.461127,0.121273,0.756829,0.087455,-0.426321
0.000000,0.000000,0.000000,0.000000,0.000000,0.000000,0.000000,0.000000,0.000000,0.000000,0.000000,0.000000,0.000000,0.000000,0.000000,0.000000,0.000000,0.000000,0.000000,0.000000,0.000000,0.000000,0.000000,0.000000,0.000000,0.000000,0.000000,0.000000,0.000000,0.000000,0.000000,0.000000,0.000000,0.000000,0.000000,0.000000,0.000000,0.000000,0.000000,0.000000,0.000000,0.000000,0.000000,0.000000,0.000000,0.000000,0.000000,0.000000,0.000000,0.000000,0.000000,0.000000,0.000000,0.000000,0.000000,0.000000,0.000000,0.000000,0.000000,0.000000,0.000000,0.000000,0.000000,0.000000,0.000000,0.000000,0.000000,0.000000,0.000000,0.000000,0.000000,0.000000,0.000000,0.000000,0.000000,0.000000,0.000000,0.000000,0.000000,0.000000,0.000000,0.000000,0.000000,0.000000,0.000000,0.000000,0.000000,0.000000,0.000000,0.000000,0.000000,0.000000,0.000000,0.000000,0.000000,0.000000,0.000000,0.000000,0.000000,0.000000,0.000000,0.000000,0.000000,0.000000,0.000000,0.000000,0.000000,0.000000,0.000000,0.000000,0.000000,0.000000,0.000000,0.000000,0.000000,0.000000,0.000000,0.000000,0.000000,0.000000,0.654952,-0.726667,0.122435,0.367418,-0.900664,-0.628900,-0.361837,-0.360454
0.000000,0.000000,0.000000,0.000000,0.000000,0.000000,0.000000,0.000000,0.000000,0.000000,0.000000,0.000000,0.000000,0.000000,0.000000,0.000000,0.000000,0.000000,0.000000,0.000000,0.000000,0.000000,0.000000,0.000000,0.000000,0.000000,0.000000,0.000000,0.000000,0.000000,0.000000,0.000000,0.000000,0.000000,0.000000,0.000000,0.000000,0.000000,0.000000,0.000000,0.000000,0.000000,0.000000,0.000000,0.000000,0.000000,0.000000,0.000000,0.000000,0.000000,0.000000,0.000000,0.000000,0.000000,0.000000,0.000000,0.000000,0.000000,0.000000,0.000000,0.000000,0.000000,0.000000,0.000000,0.000000,0.000000,0.000000,0.000000,0.000000,0.000000,0.000000,0.000000,0.000000,0.000000,0.000000,0.000000,0.000000,0.000000,0.000000,0.000000,0.000000,0.000000,0.000000,0.000000,0.000000,0.000000,0.000000,0.000000,0.000000,0.000000,0.000000,0.000000,0.000000,0.000000,0.000000,0.000000,0.000000,0.000000,0.000000,0.000000,0.000000,0.000000,0.000000,0.000000,0.000000,0.000000,0.000000,0.000000,0.000000,0.000000,0.000000,0.000000,0.000000,0.000000,0.000000,0.000000,0.000000,0.000000,0.000000,0.000000,0.000000,2.896018,-0.592459,-0.874959,-0.293970,-0.731116,-0.746836,-0.185099
0.000000,0.000000,0.000000,0.000000,0.000000,0.000000,0.000000,0.000000,0.000000,0.000000,0.000000,0.000000,0.000000,0.000000,0.000000,0.000000,0.000000,0.000000,0.000000,0.000000,0.000000,0.000000,0.000000,0.000000,0.000000,0.000000,0.000000,0.000000,0.000000,0.000000,0.000000,0.000000,0.000000,0.000000,0.000000,0.000000,0.000000,0.000000,0.000000,0.000000,0.000000,0.000000,0.000000,0.000000,0.000000,0.000000,0.000000,0.000000,0.000000,0.000000,0.000000,0.000000,0.000000,0.000000,0.000000,0.000000,0.000000,0.000000,0.000000,0.000000,0.000000,0.000000,0.000000,0.000000,0.000000,0.000000,0.000000,0.000000,0.000000,0.000000,0.000000,0.000000,0.000000,0.000000,0.000000,0.000000,0.000000,0.000000,0.000000,0.000000,0.000000,0.000000,0.000000,0.000000,0.000000,0.000000,0.000000,0.000000,0.000000,0.000000,0.000000,0.000000,0.000000,0.000000,0.000000,0.000000,0.000000,0.000000,0.000000,0.000000,0.000000,0.000000,0.000000,0.000000,0.000000,0.000000,0.000000,0.000000,0.000000,0.000000,0.000000,0.000000,0.000000,0.000000,0.000000,0.000000,0.000000,0.000000,0.000000,0.000000,0.000000,0.000000,1.265978,-0.816546,0.208607,0.003400,-0.845801,0.725489
0.000000,0.000000,0.000000,0.000000,0.000000,0.000000,0.000000,0.000000,0.000000,0.000000,0.000000,0.000000,0.000000,0.000000,0.000000,0.000000,0.000000,0.000000,0.000000,0.000000,0.000000,0.000000,0.000000,0.000000,0.000000,0.000000,0.000000,0.000000,0.000000,0.000000,0.000000,0.000000,0.000000,0.000000,0.000000,0.000000,0.000000,0.000000,0.000000,0.000000,0.000000,0.000000,0.000000,0.000000,0.000000,0.000000,0.000000,0.000000,0.000000,0.000000,0.000000,0.000000,0.000000,0.000000,0.000000,0.000000,0.000000,0.000000,0.000000,0.000000,0.000000,0.000000,0.000000,0.000000,0.000000,0.000000,0.000000,0.000000,0.000000,0.000000,0.000000,0.000000,0.000000,0.000000,0.000000,0.000000,0.000000,0.000000,0.000000,0.000000,0.000000,0.000000,0.000000,0.000000,0.000000,0.000000,0.000000,0.000000,0.000000,0.000000,0.000000,0.000000,0.000000,0.000000,0.000000,0.000000,0.000000,0.000000,0.000000,0.000000,0.000000,0.000000,0.000000,0.000000,0.000000,0.000000,0.000000,0.000000,0.000000,0.000000,0.000000,0.000000,0.000000,0.000000,0.000000,0.000000,0.000000,0.000000,0.000000,0.000000,0.000000,0.000000,0.000000,1.211783,0.922762,0.863077,-0.131807,-0.542866
0.000000,0.000000,0.000000,0.000000,0.000000,0.000000,0.000000,0.000000,0.000000,0.000000,0.000000,0.000000,0.000000,0.000000,0.000000,0.000000,0.000000,0.000000,0.000000,0.000000,0.000000,0.000000,0.000000,0.000000,0.000000,0.000000,0.000000,0.000000,0.000000,0.000000,0.000000,0.000000,0.000000,0.000000,0.000000,0.000000,0.000000,0.000000,0.000000,0.000000,0.000000,0.000000,0.000000,0.000000,0.000000,0.000000,0.000000,0.000000,0.000000,0.000000,0.000000,0.000000,0.000000,0.000000,0.000000,0.000000,0.000000,0.000000,0.000000,0.000000,0.000000,0.000000,0.000000,0.000000,0.000000,0.000000,0.000000,0.000000,0.000000,0.000000,0.000000,0.000000,0.000000,0.000000,0.000000,0.000000,0.000000,0.000000,0.000000,0.000000,0.000000,0.000000,0.000000,0.000000,0.000000,0.000000,0.000000,0.000000,0.000000,0.000000,0.000000,0.000000,0.000000,0.000000,0.000000,0.000000,0.000000,0.000000,0.000000,0.000000,0.000000,0.000000,0.000000,0.000000,0.000000,0.000000,0.000000,0.000000,0.000000,0.000000,0.000000,0.000000,0.000000,0.000000,0.000000,0.000000,0.000000,0.000000,0.000000,0.000000,0.000000,0.000000,0.000000,0.000000,2.587132,-0.277428,-0.672899,0.103215
0.000000,0.000000,0.000000,0.000000,0.000000,0.000000,0.000000,0.000000,0.000000,0.000000,0.000000,0.000000,0.000000,0.000000,0.000000,0.000000,0.000000,0.000000,0.000000,0.000000,0.000000,0.000000,0.000000,0.000000,0.000000,0.000000,0.000000,0.000000,0.000000,0.000000,0.000000,0.000000,0.000000,0.000000,0.000000,0.000000,0.000000,0.000000,0.000000,0.000000,0.000000,0.000000,0.000000,0.000000,0.000000,0.000000,0.000000,0.000000,0.000000,0.000000,0.000000,0.000000,0.000000,0.000000,0.000000,0.000000,0.000000,0.000000,0.000000,0.000000,0.000000,0.000000,0.000000,0.000000,0.000000,0.000000,0.000000,0.000000,0.000000,0.000000,0.000000,0.000000,0.000000,0.000000,0.000000,0.000000,0.000000,0.000000,0.000000,0.000000,0.000000,0.000000,0.000000,0.000000,0.000000,0.000000,0.000000,0.000000,0.000000,0.000000,0.000000,0.000000,0.000000,0.000000,0.000000,0.000000,0.000000,0.000000,0.000000,0.000000,0.000000,0.000000,0.000000,0.000000,0.000000,0.000000,0.000000,0.000000,0.000000,0.000000,0.000000,0.000000,0.000000,0.000000,0.000000,0.000000,0.000000,0.000000,0.000000,0.000000,0.000000,0.000000,0.000000,0.000000,0.000000,1.723506,0.700036,0.458563
0.000000,0.000000,0.000000,0.000000,0.000000,0.000000,0.000000,0.000000,0.000000,0.000000,0.000000,0.000000,0.000000,0.000000,0.000000,0.000000,0.000000,0.000000,0.000000,0.000000,0.000000,0.000000,0.000000,0.000000,0.000000,0.000000,0.000000,0.000000,0.000000,0.000000,0.000000,0.000000,0.000000,0.000000,0.000000,0.000000,0.000000,0.000000,0.000000,0.000000,0.000000,0.000000,0.000000,0.000000,0.000000,0.000000,0.000000,0.000000,0.000000,0.000000,0.000000,0.000000,0.000000,0.000000,0.000000,0.000000,0.000000,0.000000,0.000000,0.000000,0.000000,0.000000,0.000000,0.000000,0.000000,0.000000,0.000000,0.000000,0.000000,0.000000,0.000000,0.000000,0.000000,0.000000,0.000000,0.000000,0.000000,0.000000,0.000000,0.000000,0.000000,0.000000,0.000000,0.000000,0.000000,0.000000,0.000000,0.000000,0.000000,0.000000,0.000000,0.000000,0.000000,0.000000,0.000000,0.000000,0.000000,0.000000,0.000000,0.000000,0.000000,0.000000,0.000000,0.000000,0.000000,0.000000,0.000000,0.000000,0.000000,0.000000,0.000000,0.000000,0.000000,0.000000,0.000000,0.000000,0.000000,0.000000,0.000000,0.000000,0.000000,0.000000,0.000000,0.000000,0.000000,0.000000,2.690349,0.469406
0.000000,0.000000,0.000000,0.000000,0.000000,0.000000,0.000000,0.000000,0.000000,0.000000,0.000000,0.000000,0.000000,0.000000,0.000000,0.000000,0.000000,0.000000,0.000000,0.000000,0.000000,0.000000,0.000000,0.000000,0.000000,0.000000,0.000000,0.000000,0.000000,0.000000,0.000000,0.000000,0.000000,0.000000,0.000000,0.000000,0.000000,0.000000,0.000000,0.000000,0.000000,0.000000,0.000000,0.000000,0.000000,0.000000,0.000000,0.000000,0.000000,0.000000,0.000000,0.000000,0.000000,0.000000,0.000000,0.000000,0.000000,0.000000,0.000000,0.000000,0.000000,0.000000,0.000000,0.000000,0.000000,0.000000,0.000000,0.000000,0.000000,0.000000,0.000000,0.000000,0.000000,0.000000,0.000000,0.000000,0.000000,0.000000,0.000000,0.000000,0.000000,0.000000,0.000000,0.000000,0.000000,0.000000,0.000000,0.000000,0.000000,0.000000,0.000000,0.000000,0.000000,0.000000,0.000000,0.000000,0.000000,0.000000,0.000000,0.000000,0.000000,0.000000,0.000000,0.000000,0.000000,0.000000,0.000000,0.000000,0.000000,0.000000,0.000000,0.000000,0.000000,0.000000,0.000000,0.000000,0.000000,0.000000,0.000000,0.000000,0.000000,0.000000,0.000000,0.000000,0.000000,0.000000,0.000000,2.105437
