1.750443,0.975107,0.918330,0.697706,0.550638,0.155119,-0.480493,0.750878,-0.978368,-0.545120,-0.192535,0.172314,0.121759,-0.648368,-0.790404,-0.555342,-0.302582,-0.971893,0.384912,-0.504545,-0.297191,-0.330197,0.023660,0.719599,-0.701220,-0.318546,0.384058,-0.911537,0.659957,0.923650,0.215274,0.913017,-0.173876,-0.169937,-0.787502,-0.929106,-0.510991,-0.043743,0.015365,-0.564849,0.225611,-0.637588,-0.347578,-0.608581,0.393327,0.033145,0.472202,-0.885504,-0.149276,0.933917,-0.892761,-0.163243,-0.919204,-0.706693,-0.074947,-0.684973,0.037511,0.845463,-0.599185,-0.785627,0.650553,-0.079460,0.765222,-0.387753,0.255064,0.846627,-0.656608,0.601457,0.263033,0.625893,-0.658613,-0.131827,-0.742326,0.920164,-0.874617,-0.869033,0.796312,-0.398476,0.194040,-0.425049,0.297517,-0.615061,-0.082261,0.066984,-0.332714,-0.496599,-0.719587,0.412289,-0.663435,-0.415747,-0.326182,-0.091266,0.405137,-0.144110,0.742187,0.359571,0.676973,0.432708,-0.702736,0.955855,0.573173,0.145444,-0.669538,-0.654639,0.228662,-0.167606,0.351719,-0.255145,0.025690,-0.624084,-0.689598,-0.848710,0.639279,0.110773,0.894282,0.498973,0.537526,0.018117,0.630908,0.884127,0.443481,-0.788822,0.302040,-0.759134,-0.845555,0.385801,0.669571,-0.682317,-0.851703,0.773046,-0.735581,-0.929828,0.442109,0.695431,0.028947,0.079850,-0.326279,-0.523074,0.510464,0.698569,-0.357510,-0.452362,-0.464417,-0.898809,-0.437850,-0.948698,0.576815,-0.488146,0.380310,0.086377,0.674927,0.920757,-0.265417,-0.823318,0.499292,-0.957395,-0.554073,-0.893499,0.796297,-0.989406,-0.014516,-0.152002,0.305489,-0.420512,0.747391,0.468691,-0.135411,-0.283948,0.631776,0.514121,-0.202000,-0.317256,-0.922224,-0.836586,-0.892163,-0.951169,-0.694255,0.714284,0.596319,0.691148,0.247601,0.248126,-0.752137,0.397931,-0.439947,0.038507,0.909445,0.741231,-0.533613,0.473301,-0.791819,-0.946515,-0.943651,-0.659507,0.389897,-0.273388,-0.968115,0.976045,0.066757,-0.212240,0.037700,0.039942,-0.059527,0.225898,0.771253,-0.396573,-0.026063,-0.992712,0.719629,-0.388192,-0.457406,0.995074,0.168786,-0.753914,-0.468950,-0.293547,0.972120,-0.138757,-0.539732,0.139462,-0.190481,-0.890079,0.721839,-0.968625,0.796967,0.583717,-0.848354,0.447222,0.541883,0.204614,0.155342,-0.900626,-0.881007,0.454577,-0.788870,-0.516312,-0.002327,-0.671673,0.579679,0.614756,0.684286,-0.900864,-0.144254,0.693835,-0.273561,0.391641,0.178492,-0.305583,-0.447190,0.305486,-0.732752,0.720245,0.152887,-0.776993
0.000000,2.258819,-0.137775,-0.591837,0.922139,0.439296,0.185987,0.697734,0.087740,-0.117059,-0.621106,-0.693219,-0.136061,-0.088051,0.466625,-0.115830,0.186318,0.665037,0.986669,-0.354949,0.803909,0.612102,-0.863987,-0.331682,-0.561914,0.328769,0.110598,-0.010298,0.527128,-0.333383,-0.234495,0.731268,0.944417,0.552715,-0.565858,-0.774697,-0.581590,-0.154477,-0.526606,0.802082,0.341446,-0.166542,-0.452377,-0.238678,-0.047899,0.427645,-0.821317,0.697666,-0.744880,-0.475100,0.987180,-0.619583,-0.797716,0.276811,-0.213742,-0.816329,-0.992515,-0.841677,0.045471,-0.538214,0.555104,0.715017,-0.710334,-0.325960,-0.706852,-0.426615,-0.521591,0.573730,-0.309041,-0.008870,0.347790,0.644513,-0.397582,-0.581559,0.956907,-0.359705,0.342136,0.355682,0.028059,-0.543105,-0.717085,-0.025968,0.021859,0.546734,0.419667,0.824083,0.941721,0.455703,-0.846978,-0.189763,0.217605,0.180390,-0.637112,0.165889,-0.300639,-0.322146,0.668014,-0.156134,0.054792,0.125746,0.125994,-0.573757,0.198907,-0.330753,0.310041,-0.708605,0.988231,0.544087,-0.165497,-0.397296,-0.224396,0.442417,0.310816,0.404185,0.777998,-0.087410,0.339042,-0.116984,0.276196,-0.050353,0.553327,-0.989480,-0.568578,-0.407125,0.890789,0.014092,-0.271296,-0.191376,-0.096355,0.735661,0.924672,0.688329,0.683314,-0.601970,-0.462644,0.192098,0.312275,-0.594589,0.492564,-0.600073,-0.473979,-0.386409,0.691983,0.464168,0.061371,0.639499,0.625856,-0.220334,0.562875,-0.587514,0.006458,-0.763517,-0.146411,0.040732,-0.840163,-0.074774,0.303341,0.228176,-0.891292,-0.809321,-0.297288,0.685371,0.739512,-0.380774,0.437784,0.154781,0.966845,-0.810712,0.095761,0.185075,-0.384663,-0.906094,-0.895791,-0.092764,0.384948,0.400352,-0.638060,0.715944,-0.245675,0.928736,-0.763681,0.672909,0.816676,0.645351,0.617682,-0.277380,0.426686,0.158693,-0.151042,0.986223,-0.419091,-0.173712,0.805722,-0.421983,-0.694638,-0.380001,0.518623,0.719708,-0.771110,0.243425,0.134574,0.337596,0.342113,0.918935,-0.306942,-0.400466,0.162451,-0.141163,-0.052491,-0.861446,-0.703516,0.870750,-0.863417,0.180291,0.509150,-0.976273,-0.554504,-0.245856,0.013635,-0.316809,0.297999,-0.547205,-0.949034,-0.996858,-0.308976,-0.276674,0.897208,-0.910439,0.060130,0.155627,0.398550,0.277469,-0.983721,0.263715,-0.355224,0.545738,-0.623269,0.432411,0.250991,0.304582,-0.648105,0.338348,0.473957,-0.021179,-0.319269,-0.666890,-0.420079,0.527657,-0.181199,0.405426,0.480183,0.348340,0.347077,0.221616
0.000000,0.000000,1.796055,-0.604367,0.685607,0.928528,-0.067032,0.866478,0.995989,-0.027608,0.448711,0.287581,-0.525470,-0.905821,-0.093289,0.574410,-0.349731,0.568877,0.309603,0.391083,-0.428518,-0.059905,-0.636592,-0.506839,-0.820300,-0.746453,-0.578973,0.160468,-0.117578,-0.466121,0.722225,0.050295,0.846219,0.269930,-0.968425,0.826951,0.714927,0.270542,0.069547,-0.094148,-0.035650,0.538441,0.026283,-0.647951,-0.883645,-0.747627,-0.497118,-0.264532,0.784832,-0.521826,-0.360803,-0.553971,0.091484,0.234173,0.064255,0.903713,0.990756,0.674792,0.610592,-0.267894,0.159567,-0.297055,0.568712,-0.656338,-0.566657,-0.922612,0.217879,0.377077,-0.993275,0.021572,-0.246251,0.584762,-0.922219,-0.902869,0.240418,0.183278,0.662180,0.184534,0.898742,-0.371231,-0.204157,0.955349,-0.784952,0.591810,-0.976863,-0.026974,-0.693195,0.197723,0.596340,-0.933915,-0.672455,-0.314779,-0.488402,-0.233560,0.903737,-0.797588,-0.153436,-0.085817,-0.439316,-0.442987,0.429504,0.235688,0.625664,-0.189854,0.213422,0.787176,0.702657,0.840047,-0.462050,0.970842,0.632780,0.589616,0.335157,0.966536,-0.116874,0.483079,0.397623,0.464178,0.502930,-0.618488,-0.301897,-0.215492,0.496000,0.432496,0.666732,0.577038,0.192068,-0.720103,0.270911,0.774119,0.286349,0.791253,0.998106,-0.281596,0.446579,0.079917,-0.090056,-0.520266,-0.508171,-0.630055,0.262967,-0.715894,-0.137227,0.046666,-0.123531,0.709859,-0.113661,-0.834336,0.984399,0.689967,0.320087,0.512647,-0.743619,0.531830,-0.584502,-0.022048,-0.644034,0.507570,-0.508132,-0.493583,-0.781555,0.441213,-0.408311,0.036560,-0.335513,0.549403,-0.547033,0.881669,-0.357320,-0.792297,-0.519390,-0.852118,-0.062523,-0.499498,0.772092,0.034257,-0.533263,-0.097459,-0.608011,-0.642541,-0.398687,-0.783397,-0.622705,0.876094,0.333605,0.842205,-0.486306,0.714027,-0.275454,-0.711610,0.609414,-0.880700,-0.190294,0.638629,0.234370,0.036131,-0.292732,-0.849888,0.981944,-0.650453,-0.489383,-0.528168,0.815883,0.527377,-0.085340,0.910846,-0.894433,0.787341,-0.879145,-0.217739,-0.891990,0.997938,0.828779,0.169598,-0.564311,-0.446445,-0.100913,-0.354440,-0.957372,0.312512,0.226856,0.808621,-0.046292,-0.310582,0.023034,-0.610610,0.251081,0.540066,-0.693077,-0.363234,0.735602,0.011063,0.063673,0.444816,0.155786,-0.860840,0.607923,0.845672,-0.893446,-0.757500,0.403950,0.208948,-0.234966,0.078497,0.406677,0.008953,-0.719623,-0.821128,-0.122283,0.845770,0.115558,-0.283560,0.817412,-0.222736
0.000000,0.000000,0.000000,1.772866,-0.767001,0.474802,0.400606,0.588488,-0.349617,-0.127894,-0.663317,0.929010,-0.827845,0.298027,0.410515,-0.684527,-0.269354,-0.913747,0.113217,0.989876,-0.140230,0.980016,-0.747549,-0.215091,0.803930,0.753391,-0.352817,0.357221,0.772320,0.533755,0.256952,-0.694849,-0.853995,0.229244,0.000551,-0.523927,-0.414460,-0.215826,-0.008958,-0.219482,-0.225417,-0.768534,0.731181,0.218308,-0.707796,-0.152251,-0.166568,0.201242,0.217739,0.290444,0.395806,-0.793292,-0.390156,-0.965304,-0.090717,-0.141140,0.468654,-0.665766,0.262989,-0.386612,-0.236167,0.438574,-0.856904,-0.314434,-0.217354,0.431499,-0.601551,0.894826,0.995524,0.637820,-0.400575,0.327733,-0.833704,0.742559,0.031986,-0.647122,-0.345167,0.601485,0.740454,0.039427,-0.039377,0.501469,0.652379,0.529694,-0.231144,0.283852,0.714720,-0.696479,-0.223727,-0.886762,-0.182245,0.544564,-0.605943,0.083774,-0.926829,0.795300,0.640009,0.048818,0.411574,-0.792168,0.690419,0.430523,-0.760065,0.961379,-0.954939,0.257022,-0.656490,0.438515,-0.859187,-0.837798,-0.067417,0.988019,-0.446968,0.225056,0.037198,0.684239,-0.422821,0.109889,0.901247,-0.334828,-0.121189,0.777627,-0.335002,-0.238652,-0.391762,0.619063,0.860774,0.262198,0.247260,-0.219993,-0.975033,-0.652125,-0.705123,-0.768236,0.308095,-0.727302,-0.828732,-0.234837,-0.501955,-0.708279,-0.707744,-0.487589,0.073700,0.516191,0.705553,0.502836,0.256427,0.815249,0.039474,0.266714,-0.176759,-0.345232,-0.336576,-0.703365,0.593195,-0.889264,0.349370,0.728920,-0.005143,-0.859598,-0.143165,-0.313547,0.971079,0.382530,0.442720,0.031654,0.418829,0.445142,-0.867282,-0.554787,-0.974065,0.019615,0.751600,0.219109,0.000415,0.851932,-0.655563,-0.850791,0.834611,0.805564,0.365945,-0.508042,0.939528,0.530693,0.347789,-0.554177,0.026178,0.645152,0.720520,0.122860,0.045588,0.395368,0.056498,-0.164638,-0.829162,-0.747901,0.520551,-0.950672,-0.895390,0.809287,0.407994,-0.991575,-0.375913,0.526637,-0.164798,-0.062404,-0.082402,-0.595731,0.442783,-0.793987,0.014502,-0.660088,-0.906934,-0.713512,0.738670,-0.647705,-0.443262,-0.723810,0.471090,-0.109102,0.887270,0.328649,0.062778,0.313262,-0.919149,0.901321,0.912859,-0.447720,0.256591,-0.596170,0.094944,0.541578,0.879643,-0.321566,0.387011,0.432854,-0.557702,0.258064,0.310843,0.528152,0.999895,-0.919535,-0.595390,-0.709843,-0.691132,-0.091503,0.757073,-0.102553,0.336961,-0.247002,-0.360673,0.668470,0.311095,-0.298209
0.000000,0.000000,0.000000,0.000000,2.785401,-0.002977,-0.623451,-0.033556,0.349399,-0.265775,0.687569,0.066288,-0.064470,0.717423,-0.074164,-0.171180,-0.792567,-0.275016,-0.205903,-0.638755,0.175646,-0.712316,-0.552620,0.122184,-0.462033,0.279337,0.381026,-0.397419,-0.825225,-0.021096,-0.814203,0.030471,0.452436,0.240660,-0.103465,0.891717,-0.796506,0.760003,0.600258,-0.160523,-0.694266,-0.688266,0.843612,-0.532591,0.748231,0.006590,-0.076531,0.239023,-0.569922,-0.143259,0.876969,-0.523486,0.843167,0.988419,-0.896186,0.062758,-0.656361,0.243429,0.979085,0.793762,0.849697,-0.573300,0.084639,-0.530338,0.798849,-0.617692,-0.692082,-0.975675,-0.636104,-0.620474,-0.845020,0.735482,0.559996,-0.491037,0.566515,-0.155671,0.551041,-0.353985,0.129308,-0.236779,-0.624648,0.171266,0.501662,0.506214,-0.287421,0.037424,0.527557,-0.891005,-0.856223,-0.247555,-0.553057,-0.250708,-0.812494,0.184016,0.343481,0.583681,0.301046,-0.207237,0.869856,0.452664,0.055362,-0.586299,0.297950,0.183441,0.366660,0.562250,0.830099,0.898113,0.260371,0.931912,0.822845,-0.994771,0.275235,-0.643061,-0.409615,-0.405000,-0.033741,-0.978268,-0.528407,-0.941758,0.301117,0.778575,0.995577,-0.102886,-0.479718,0.706207,-0.773683,0.948478,0.429675,0.007869,-0.806699,-0.963608,0.089064,-0.172299,0.685329,0.284611,-0.136207,-0.547986,-0.039156,-0.674011,0.334025,0.211458,0.620143,-0.100941,-0.442703,0.672791,0.381994,0.413418,0.056169,0.751957,-0.544433,-0.196616,0.592465,-0.734078,0.616219,-0.294810,-0.748993,-0.841701,0.686057,0.557231,-0.423917,-0.767276,-0.505531,-0.574025,0.466111,-0.568874,-0.567803,-0.935464,0.193719,0.377959,0.306981,0.137198,0.932150,-0.054523,0.720273,0.292020,-0.831676,0.620177,0.168777,0.307051,-0.639545,-0.125020,0.761165,-0.569138,-0.999750,-0.484983,-0.024915,0.642556,0.286582,0.838127,-0.088871,-0.218370,-0.537164,-0.563875,0.472220,-0.839282,-0.514573,0.771791,0.153842,-0.906825,0.408510,0.013365,0.709043,0.364868,-0.991107,-0.588522,-0.484073,0.404465,0.018628,0.494895,0.025734,-0.345231,-0.792679,-0.594756,-0.198440,0.102909,0.877275,-0.520560,0.332170,-0.694908,0.427506,-0.977318,0.311840,-0.673565,-0.639351,0.117815,-0.249177,-0.057390,-0.382222,0.906934,-0.418688,0.084095,0.708711,0.328362,-0.354446,0.104873,-0.834018,0.091373,-0.137222,0.515867,0.695806,-0.600767,-0.836928,-0.218886,0.068301,-0.246396,0.257122,0.011303,0.873252,-0.181218,-0.835012,-0.396130,0.211788,-0.487950
0.000000,0.000000,0.000000,0.000000,0.000000,1.172471,-0.320855,0.492284,0.880266,-0.299247,-0.609024,-0.158726,-0.296321,0.980050,-0.072263,0.358567,0.827576,0.258123,-0.501243,0.214820,-0.196247,-0.155300,0.958649,-0.442818,-0.062130,-0.680266,-0.642912,0.206969,0.502031,0.272920,-0.341432,-0.880764,-0.059472,0.008539,0.541303,0.280579,0.742517,0.565966,-0.268244,0.264443,0.494573,0.913761,-0.155296,0.296564,-0.214672,0.475656,0.823986,0.838452,-0.685825,-0.591807,0.509859,0.262020,0.810215,-0.372399,0.696042,0.367552,-0.609087,-0.747011,0.405447,-0.683077,0.588658,0.114190,-0.046266,-0.448942,0.967691,0.444334,0.556127,0.537422,0.168031,0.879398,0.167643,0.040091,-0.452579,-0.436528,0.473768,-0.330465,0.457421,0.905414,-0.121385,-0.805349,0.333093,-0.980954,0.574007,0.051306,-0.020536,0.138884,0.032817,-0.352445,-0.436982,-0.169405,0.789819,-0.729259,-0.350471,-0.615399,-0.145726,-0.733003,0.521591,-0.793065,0.330524,-0.464579,-0.055620,-0.600024,0.460447,0.896552,-0.556509,0.906306,-0.349452,0.115694,0.403180,-0.601463,-0.110472,-0.864345,0.394108,-0.166768,0.783289,-0.452016,0.847203,-0.717920,0.213933,-0.384384,-0.636437,-0.812126,0.311285,-0.533664,0.145629,0.958837,-0.368076,-0.930111,-0.714355,-0.761356,-0.073433,0.489301,-0.407111,-0.708314,0.281534,-0.397640,0.150341,0.867573,-0.417306,0.024983,0.613624,0.383436,0.502956,0.545139,0.079832,0.072124,0.437779,0.395297,0.340115,-0.235731,0.657085,-0.527594,-0.688536,-0.309676,-0.492338,0.326365,-0.537964,0.312980,0.026446,-0.695100,-0.483207,0.043454,0.466211,-0.203497,-0.534335,-0.409844,-0.809766,-0.949701,0.946259,-0.807180,-0.750225,0.741928,0.327010,-0.127855,0.298047,0.869970,-0.801245,-0.512578,0.720601,0.561279,0.988513,-0.372182,0.889773,-0.312622,0.430186,0.765486,-0.658436,-0.588723,0.161917,0.687650,-0.842101,0.701762,-0.313759,-0.187547,-0.320278,0.822960,-0.738411,0.148549,-0.703784,0.857189,0.595863,-0.532361,-0.404443,-0.236969,-0.189165,0.634686,0.129067,-0.144101,0.438889,-0.084270,-0.743520,-0.785022,-0.348087,0.205740,-0.730317,0.100268,-0.460781,0.390827,-0.943475,-0.061953,-0.895472,-0.338984,-0.968850,-0.061802,0.534032,-0.799560,0.470445,0.168391,0.009211,0.198967,-0.328206,0.420679,0.559332,0.556448,-0.461080,0.307814,-0.703809,-0.009161,-0.994741,-0.612826,0.263468,0.748723,-0.901943,0.117106,0.273550,0.864782,0.310288,-0.793935,-0.706512,0.271528,-0.568761,0.856611,0.841374,0.897312
0.000000,0.000000,0.000000,0.000000,0.000000,0.000000,1.232382,0.433900,0.326028,-0.928792,-0.468870,-0.586467,-0.258383,0.906107,0.691203,-0.413151,0.060063,-0.615468,-0.445132,-0.869994,0.285213,0.313842,0.677003,0.743104,-0.679881,0.486082,-0.730585,-0.252570,0.031073,-0.901060,-0.686473,-0.457768,-0.744915,0.868193,-0.423362,0.002343,0.993068,0.133285,-0.177008,0.859585,-0.555004,-0.640999,0.070729,-0.145397,0.593972,-0.915980,0.235452,0.421358,0.943834,-0.708474,-0.507514,0.864886,0.261258,-0.923902,-0.845312,0.570881,0.134949,0.130831,0.759731,-0.517804,-0.679138,0.227612,0.764846,-0.469499,0.362589,-0.695242,-0.656183,0.803020,-0.764070,-0.951309,0.549881,-0.274981,-0.206683,0.599715,-0.640128,0.300654,-0.372943,-0.791463,0.374992,-0.362672,0.733208,0.838071,0.698104,-0.355297,-0.526835,0.785601,-0.094106,0.415479,0.654328,-0.444627,-0.761805,0.249655,0.180385,-0.459600,0.169413,0.580715,-0.299978,-0.515365,0.450002,0.571744,0.908579,-0.704828,0.778528,0.530198,0.403800,-0.373893,-0.955614,0.015101,-0.428461,-0.420358,0.854277,-0.694062,0.868465,0.007613,0.676559,-0.432825,0.267841,0.113177,0.848332,-0.641403,-0.590860,0.897929,-0.804071,0.269365,-0.878872,-0.846018,0.194297,0.102736,0.146052,-0.052696,0.484719,0.984377,-0.448438,-0.353121,-0.353901,0.526538,-0.303969,0.353474,-0.108225,0.215609,0.658031,0.028117,-0.049654,-0.466051,0.031809,-0.475175,0.687140,-0.222272,-0.741785,-0.520065,0.069163,0.832575,-0.398877,-0.471228,-0.186880,0.935509,0.690439,-0.700664,0.227507,0.583728,0.536021,-0.022309,0.463663,0.167173,-0.597110,-0.887893,-0.261001,-0.876122,-0.209973,0.657758,0.688588,-0.931852,-0.860929,0.339734,-0.000003,-0.701283,0.611059,-0.567008,-0.843701,0.499014,0.216252,-0.211115,0.385452,0.822761,-0.931635,0.255359,-0.563665,-0.051724,-0.152038,-0.220041,-0.619288,0.605300,-0.240959,0.774393,-0.290663,0.679427,0.088933,-0.228750,0.408064,0.573309,-0.034618,-0.149159,0.154838,0.170327,-0.149042,0.515326,-0.200557,-0.094003,0.210636,0.973698,-0.478628,-0.536094,-0.646225,0.378888,-0.101811,-0.222787,-0.591819,0.782277,-0.113654,0.215387,-0.774941,-0.784056,-0.865291,-0.265308,-0.054227,-0.510844,-0.300645,-0.987480,-0.297823,-0.761657,-0.743231,-0.990988,0.392761,0.862568,0.243091,-0.807596,0.979299,0.951170,-0.063531,-0.784262,0.441479,0.922936,0.557399,0.248406,0.221664,0.955836,-0.853761,-0.700888,0.661623,-0.709774,-0.233407,-0.437001,-0.513111,-0.948556
0.000000,0.000000,0.000000,0.000000,0.000000,0.000000,0.000000,1.915628,-0.197521,0.103180,-0.390984,0.882922,0.182694,0.922414,-0.299988,-0.995421,0.562531,0.654758,-0.882593,0.250738,0.322036,-0.708532,0.105049,-0.513602,-0.967097,0.733822,-0.016610,0.563398,0.445786,0.987411,-0.124093,-0.144899,-0.436489,0.250294,-0.027775,0.457522,-0.286977,-0.738311,0.724871,0.656094,-0.298000,0.380703,-0.015194,0.521944,-0.219735,0.071278,-0.884368,-0.650180,0.563531,-0.236869,-0.929789,-0.664727,-0.176804,0.435826,-0.273030,0.490372,0.716121,-0.317727,0.600751,-0.746239,-0.169433,-0.804875,-0.894944,-0.870945,-0.790496,0.671452,0.087354,0.894776,0.076001,0.257423,-0.631032,0.081162,-0.229395,0.862871,0.867842,-0.603003,0.240262,0.276352,0.125070,-0.751341,0.308031,0.598171,-0.309548,0.029103,-0.767344,0.861377,-0.780924,-0.583246,-0.403043,0.651580,0.401312,-0.985971,-0.632877,0.500302,-0.192331,-0.947573,0.927834,-0.697534,0.020933,-0.503368,0.474939,0.553452,-0.205559,0.316899,0.818147,0.629618,-0.170205,-0.117048,0.773757,-0.931254,-0.954377,-0.588409,0.655243,-0.693574,-0.429441,0.258137,-0.631514,-0.393767,-0.066175,-0.543781,0.984827,-0.673108,0.699874,-0.059800,-0.741753,-0.763028,0.000592,-0.292960,-0.530795,0.917878,-0.073241,0.857622,-0.672001,-0.633068,0.192055,-0.460249,-0.630124,-0.810629,-0.847459,0.506337,-0.435674,0.956838,-0.633758,-0.291107,-0.250183,0.000306,0.741272,0.669540,-0.980087,-0.181490,0.655873,-0.999604,0.067279,-0.481049,-0.174463,-0.159391,-0.216491,0.783900,0.072927,0.807493,0.453485,-0.297760,-0.012873,-0.220283,0.657149,-0.624804,0.872825,0.160849,0.223516,0.033603,0.108993,0.335351,0.310071,-0.571706,0.164880,-0.290747,0.274061,0.095669,-0.640640,0.469468,-0.085973,0.102883,0.345286,0.305744,0.497858,-0.586497,-0.779218,0.338359,-0.528030,-0.770790,-0.737525,-0.374400,0.983574,-0.685479,-0.402927,0.841468,0.926616,-0.542313,0.760905,-0.722164,0.523073,-0.973984,-0.186761,-0.505330,0.408016,-0.967888,-0.070197,0.393458,-0.906590,0.794800,-0.277605,-0.669468,-0.549071,-0.322188,-0.603250,0.021158,0.265863,-0.133140,-0.145936,0.563399,-0.397967,0.245538,0.785843,-0.556971,0.239801,0.895944,0.059591,0.953795,-0.379908,0.128588,-0.377928,-0.992561,0.994616,-0.519880,0.946204,0.306066,0.807867,0.934405,0.135658,0.999383,0.534660,0.047629,0.309887,-0.611457,-0.977935,-0.486421,-0.130058,-0.543895,0.028072,0.315888,0.311588,0.787529,0.932638,0.781390
0.000000,0.000000,0.000000,0.000000,0.000000,0.000000,0.000000,0.000000,2.050437,-0.588472,0.886902,-0.650279,-0.697145,-0.364861,0.147211,0.362945,-0.973415,0.556045,-0.649961,-0.407030,-0.355827,-0.335108,0.520735,-0.918111,-0.606964,-0.955362,0.556599,0.967445,0.319094,0.180278,0.816132,-0.490092,-0.867075,0.019940,-0.479303,-0.097837,-0.087400,-0.362336,-0.027351,-0.239696,-0.773881,0.733451,0.402547,-0.917382,-0.768427,-0.806971,-0.876513,-0.881886,-0.685775,0.695739,0.656467,0.566293,0.229413,0.446987,0.476962,0.778626,0.464686,0.472919,0.608162,0.112710,-0.573942,-0.830915,-0.161913,-0.816629,-0.661392,-0.952320,-0.399587,0.939996,-0.242137,-0.518215,-0.193101,-0.397323,0.347754,0.268934,-0.945314,0.022646,-0.927601,0.354727,0.871617,0.814976,-0.588576,0.485290,0.586132,0.728735,-0.480803,-0.098330,-0.556991,-0.951381,0.318025,-0.137073,-0.503766,0.694208,-0.008639,0.989315,0.586716,0.738422,0.546664,-0.788150,-0.869942,0.830158,-0.723606,-0.217548,0.219822,-0.576203,-0.549430,-0.067517,-0.278210,0.353151,-0.849848,-0.022483,-0.651480,0.213450,-0.767573,-0.604736,0.607778,-0.529666,0.474131,-0.453875,-0.529945,-0.401690,0.761864,-0.205669,-0.512479,0.073279,-0.228717,0.580395,0.980891,0.053149,-0.096502,-0.313929,0.946677,-0.033433,-0.644006,0.938432,0.921764,-0.128550,-0.303628,0.360875,0.657848,-0.002936,-0.338374,-0.397212,-0.346803,-0.763934,0.557241,-0.790080,-0.203371,0.669887,-0.191788,-0.410476,0.896507,-0.746912,0.769708,-0.875846,-0.172941,0.263442,-0.259923,0.069213,-0.591997,0.138069,-0.730883,0.592193,0.167580,-0.036136,-0.890666,-0.000451,0.127139,-0.468665,0.355181,-0.846470,-0.582622,0.475097,-0.705556,-0.508902,0.301711,0.457683,-0.897021,-0.746821,-0.107764,0.185590,-0.092438,0.294140,0.511986,0.899088,-0.300239,-0.673790,-0.471832,-0.703671,-0.211509,0.745135,-0.305880,-0.702355,0.045266,0.983888,-0.623638,0.555750,0.646718,-0.197323,0.239103,-0.135253,-0.475346,-0.147762,-0.809420,0.413912,0.658386,-0.385200,0.132954,-0.535703,-0.745079,0.327237,-0.731785,0.563958,-0.456491,0.637027,-0.262991,-0.262315,0.501146,0.020532,-0.598045,0.700817,-0.319694,-0.794446,-0.167998,0.147924,0.219771,0.671216,0.082814,-0.552579,-0.476667,-0.798319,0.471849,-0.788117,0.211625,0.193895,0.571007,-0.850741,-0.594177,0.819125,0.144474,-0.084620,0.495353,0.805061,-0.473981,0.802951,-0.782611,0.955366,-0.670296,-0.467527,-0.806812,0.607353,0.968464,-0.406047,-0.348776,-0.442040
0.000000,0.000000,0.000000,0.000000,0.000000,0.000000,0.000000,0.000000,0.000000,0.887070,0.574888,-0.878560,0.935548,0.854631,-0.763122,0.059048,0.985703,0.705238,0.430267,-0.955078,-0.863245,0.588034,-0.247110,0.336864,0.478363,-0.155632,-0.713236,-0.226611,0.742097,-0.337828,-0.874701,0.918263,0.361354,0.081714,0.658215,-0.177679,0.970232,0.715146,-0.438911,-0.257904,-0.448514,0.318682,0.278664,0.045012,0.931681,-0.055449,0.567445,0.316190,0.036370,-0.915810,0.314990,0.285190,-0.750252,0.591830,-0.066012,-0.351708,0.647919,-0.313258,0.243702,0.235830,-0.894388,-0.154333,-0.554443,-0.600859,0.309924,-0.977180,0.938158,-0.209218,-0.402393,0.839949,-0.026656,0.228651,0.391701,0.742823,-0.740516,-0.836694,0.987422,-0.982232,0.416390,0.222131,0.105102,0.571656,0.984946,-0.906228,0.229061,0.433555,-0.388121,0.785723,-0.086014,-0.671043,0.708816,0.885851,-0.800970,0.503362,-0.569972,-0.986556,-0.478772,0.709820,-0.717632,-0.738662,0.478095,-0.187281,-0.703028,-0.539999,0.589204,0.246538,0.521858,-0.804454,-0.083791,0.594213,-0.468414,-0.661622,-0.236432,-0.333240,-0.629054,0.907890,-0.033803,0.216153,-0.757786,0.220070,0.110645,0.863859,-0.175366,0.564124,-0.391638,0.157881,0.853941,0.250143,0.422317,0.751969,0.850849,-0.583450,-0.608324,0.100952,0.991033,-0.019695,-0.338190,0.074523,-0.871208,-0.645586,-0.702159,-0.944169,0.444425,-0.349051,-0.662927,0.024488,-0.353111,-0.213964,-0.368936,-0.992033,0.376658,-0.778619,-0.561715,-0.619366,-0.337265,-0.679605,-0.306096,-0.513471,-0.877570,0.741126,-0.388838,-0.809436,0.043053,-0.753449,0.546186,-0.876844,-0.070728,0.887653,-0.682062,-0.597263,0.200930,0.959708,-0.228329,0.297290,-0.695366,0.282794,-0.494676,0.226575,-0.822678,0.049938,-0.525190,0.363417,0.495340,0.696285,0.984791,-0.081290,0.341189,-0.963153,0.810174,0.231486,-0.157310,-0.131375,0.515991,0.666940,0.615807,0.021169,-0.257707,0.891079,0.268399,0.087307,0.196638,0.259733,0.426146,0.106369,0.750711,0.719428,-0.115485,-0.662928,0.153311,0.241479,0.046759,0.781156,-0.813959,-0.425163,0.731580,0.878827,-0.148150,-0.614712,-0.159341,-0.087667,0.039139,-0.451294,-0.374745,0.311175,0.243588,0.324205,-0.245430,-0.327086,-0.296923,0.902353,-0.209510,0.212265,0.045686,0.752444,-0.261766,-0.131711,0.685589,-0.678085,0.188589,-0.200184,0.971583,0.442768,-0.978887,0.678948,0.406359,0.121922,-0.527743,-0.701367,0.256799,-0.120119,0.723241,-0.475253,0.275040,-0.502314
0.000000,0.000000,0.000000,0.000000,0.000000,0.000000,0.000000,0.000000,0.000000,0.000000,2.090793,-0.903311,-0.216585,-0.654629,0.211868,-0.366544,0.543065,-0.770811,0.112426,0.187356,-0.955792,-0.928029,-0.383520,0.218151,0.925260,-0.818433,0.406326,0.385432,0.338948,0.032295,0.933652,0.003550,0.676594,-0.474959,0.612617,0.993091,0.820172,-0.391857,0.692315,-0.809486,0.355415,-0.315708,0.317340,-0.175502,-0.981934,-0.537447,-0.915228,-0.145460,0.680143,0.475994,0.577824,0.614399,-0.256120,0.012051,0.016902,-0.773583,0.196284,0.440360,0.221936,0.491932,-0.762217,0.522818,-0.583720,0.753654,-0.510137,-0.016015,-0.025467,-0.462299,-0.276581,-0.628807,0.140201,0.826056,-0.366785,0.016125,0.723761,-0.095002,0.662521,-0.107219,-0.119515,-0.685520,-0.750042,0.222993,0.654667,-0.729187,0.820188,-0.282240,-0.149486,0.788907,0.792593,0.049718,-0.446470,-0.656121,-0.456840,0.561255,-0.350818,0.389123,-0.609598,-0.042993,-0.295788,0.007225,0.139891,0.981870,0.799790,0.391733,-0.692513,0.838057,0.785172,0.773407,-0.041966,-0.658587,0.508806,-0.222970,-0.310863,-0.218436,0.118141,-0.332962,0.379841,0.295448,0.017725,-0.892054,0.873085,-0.176607,-0.101094,-0.087935,-0.269944,0.349176,-0.972165,0.747017,-0.795122,0.999427,0.256165,-0.867507,0.124874,-0.337384,0.906086,0.510942,0.014029,-0.140445,0.991738,0.334768,0.027859,-0.204112,-0.350834,0.410839,0.175771,0.696370,0.107121,0.164663,-0.045287,0.525242,-0.170016,0.703879,-0.345910,0.385250,0.785942,0.538148,-0.314784,0.412678,-0.586030,-0.883670,0.582763,0.616018,-0.954138,0.895590,-0.108200,0.810544,0.576349,0.801307,0.666751,0.947991,0.258202,-0.545482,-0.220874,0.503758,-0.686061,0.859685,-0.589442,0.751949,-0.032552,0.681240,0.916591,-0.155705,0.393209,-0.546565,0.601571,0.639851,-0.409509,-0.951718,-0.137589,-0.659999,0.637102,-0.477805,0.887386,0.943618,0.817672,0.199229,-0.465144,0.614517,0.403191,0.954337,-0.245496,-0.882464,0.996773,0.676527,-0.557021,0.451256,-0.998620,0.115618,-0.274324,-0.237334,-0.510960,-0.450310,-0.090663,-0.503710,-0.067120,0.154695,0.422223,0.354291,-0.516021,-0.921621,0.665364,0.744626,0.957779,0.919423,0.267628,0.788543,-0.103983,0.574671,0.910669,0.592557,-0.168469,-0.244482,-0.416914,-0.265873,0.641153,0.403001,-0.500242,0.423070,-0.241209,0.115545,-0.259261,0.043259,0.459608,0.462261,0.506365,-0.217922,0.380991,-0.522577,-0.045143,0.166214,0.372964,0.823992,-0.390463,0.690572
0.000000,0.000000,0.000000,0.000000,0.000000,0.000000,0.000000,0.000000,0.000000,0.000000,0.000000,1.277811,0.103819,0.656200,0.446299,0.725739,0.629762,-0.447305,0.985873,0.873997,-0.139651,-0.905581,-0.393007,0.672305,0.901741,0.663344,-0.206514,-0.886927,0.035166,-0.247235,-0.754055,-0.788293,-0.693926,-0.588353,0.507573,-0.236593,-0.126124,0.196763,0.920267,0.512938,0.291425,0.487664,0.438585,0.380499,-0.007186,0.133694,-0.077017,-0.210083,-0.458464,-0.289574,-0.142941,0.158759,-0.000250,-0.784102,-0.320053,-0.247613,0.413852,-0.334216,-0.984088,-0.831327,-0.006003,-0.623009,-0.010755,0.148411,0.866876,0.311160,-0.937919,-0.238539,0.586914,-0.478875,0.849946,0.058021,-0.815105,-0.516659,0.812598,0.982920,0.726032,-0.358647,0.537638,-0.555545,-0.230955,0.394336,0.937803,-0.121603,-0.008327,-0.559663,-0.193555,-0.873963,0.717172,-0.953331,0.367049,-0.453557,-0.047781,-0.436883,-0.199859,0.093556,0.281787,0.880572,-0.335598,0.169715,0.803444,-0.419536,0.730100,0.915110,0.694987,0.139721,0.444231,-0.037868,0.194512,0.948948,-0.497759,0.585094,0.012466,-0.646253,0.287071,0.584854,0.137512,0.674866,-0.268263,0.827537,0.296640,0.606319,-0.454030,-0.107743,0.819235,-0.898209,-0.192037,0.560637,0.487629,0.703246,0.478781,0.894184,-0.003481,0.248580,0.695412,0.403382,-0.795887,-0.266007,0.105182,0.509435,0.087135,0.555098,0.675219,-0.469743,0.232196,0.114221,-0.545365,-0.020244,0.097137,0.634680,-0.078021,-0.838168,-0.025408,0.675902,0.142511,-0.362270,0.841942,-0.688697,-0.346245,-0.125731,0.475956,0.671494,-0.882879,0.584072,0.441057,0.789305,0.800886,0.555051,-0.619595,-0.372257,0.872639,0.196347,0.077521,0.831419,0.748397,0.454992,0.764505,-0.772330,0.515088,0.931280,-0.902046,-0.553909,0.587937,0.040094,-0.826763,-0.464084,-0.351881,-0.357875,0.755345,0.324073,0.469835,-0.972860,-0.144976,-0.364359,0.703851,0.907739,-0.153318,0.946121,-0.971282,-0.348561,0.549862,-0.279801,0.841925,-0.563070,0.591333,-0.596595,-0.605790,-0.108501,0.889881,0.170910,0.270066,-0.980535,-0.886770,-0.866132,0.639284,-0.526296,-0.342324,0.219906,0.167909,-0.178941,-0.991400,-0.100795,0.477765,-0.529521,0.416716,-0.969694,0.816016,0.900078,-0.995077,-0.084363,-0.172356,0.683767,0.081443,0.222731,-0.594988,-0.845871,0.384662,0.241352,0.664657,0.689367,0.262071,0.076723,0.828017,0.602528,0.764850,0.991682,-0.192988,0.433869,0.376136,-0.651715,0.273097,-0.143821,-0.098729,-0.639724
0.000000,0.000000,0.000000,0.000000,0.000000,0.000000,0.000000,0.000000,0.000000,0.000000,0.000000,0.000000,2.361848,0.395882,0.064580,-0.686562,0.113730,-0.799733,-0.321256,-0.255284,0.766851,-0.168876,0.196940,0.749558,-0.148481,0.767407,-0.727077,-0.270314,-0.810546,0.121859,0.914564,0.313904,0.252151,-0.443683,0.862214,-0.056930,-0.465996,0.975400,-0.153752,-0.257002,-0.930077,-0.643410,0.618383,-0.034610,0.909749,-0.832228,0.231887,0.439968,0.242366,0.059755,0.156597,0.379099,0.726527,-0.327311,-0.080692,0.271819,-0.371568,-0.642434,0.932338,-0.610542,-0.534534,0.237372,-0.845263,-0.931905,-0.871973,-0.753473,-0.141606,0.658521,-0.316056,-0.144937,0.200502,-0.395711,-0.134924,-0.227377,-0.316233,-0.223214,-0.977765,0.772521,0.954694,0.724992,-0.988515,0.501771,0.146200,-0.811650,0.865718,0.552434,-0.709407,0.928083,-0.747602,-0.090640,-0.682049,-0.699618,0.935611,0.144246,-0.481650,0.552799,0.750489,0.835208,0.865970,0.811164,0.277865,-0.315067,0.851135,-0.755007,-0.662400,-0.132345,-0.432670,0.231466,0.810604,-0.017937,0.107741,-0.153733,0.415138,-0.798622,-0.902820,0.282677,0.069757,-0.185284,-0.332015,-0.896385,0.361112,-0.157065,-0.109464,0.786890,0.475096,-0.561114,0.314333,-0.735489,-0.611872,0.428298,-0.748219,-0.439612,0.796121,0.476631,0.858919,0.763667,-0.374841,0.264755,-0.242609,0.394209,-0.303086,-0.997365,-0.812124,0.542025,-0.831990,0.198845,0.715557,0.482202,-0.173122,-0.582792,0.845075,0.132799,-0.189160,0.884115,-0.569965,-0.115436,-0.782709,-0.750239,-0.202807,0.399321,-0.322212,0.379196,0.610381,0.755156,-0.910561,0.547463,-0.705716,0.396525,-0.256675,0.415587,-0.572352,0.289981,-0.748972,-0.660509,0.228924,-0.326457,0.407556,0.370319,0.243268,0.461081,0.587870,0.822847,-0.838968,0.143098,0.497554,-0.566117,-0.472758,-0.466071,0.144666,-0.267659,0.332189,0.220479,0.314224,-0.495365,0.534743,0.328071,-0.738701,-0.599654,-0.398070,0.872083,-0.347300,-0.960242,-0.716749,-0.935656,-0.194322,0.594307,-0.099128,0.677988,-0.904941,-0.060554,0.574151,0.349444,0.705651,-0.452331,0.001702,0.353757,-0.663020,0.631613,-0.377060,-0.813385,0.531403,0.410036,0.767360,0.784149,-0.442948,0.282726,0.998246,-0.512387,-0.054247,0.820333,-0.793841,0.856500,-0.023689,0.786082,0.242743,0.342871,0.545972,-0.865728,0.255537,0.847874,0.912247,0.936643,0.291666,0.266574,0.104930,0.215107,0.224236,-0.915183,-0.822257,0.238833,-0.371567,-0.397149,-0.613119,0.602140
0.000000,0.000000,0.000000,0.000000,0.000000,0.000000,0.000000,0.000000,0.000000,0.000000,0.000000,0.000000,0.000000,2.910821,0.255516,0.890840,0.767768,-0.564146,-0.692948,-0.576826,-0.807581,0.165758,-0.434700,0.825833,0.226816,-0.280779,0.969281,0.906389,0.557230,0.583367,0.954540,0.200912,0.760040,-0.870345,0.108125,0.005033,-0.924552,-0.826096,-0.956322,-0.411970,-0.892978,-0.153681,0.625493,0.227660,0.347580,-0.936987,0.679053,-0.707619,-0.394698,0.033588,0.859987,0.996298,0.565321,0.458628,0.055365,0.331255,-0.711152,-0.461608,0.969286,0.959230,-0.354055,-0.517903,-0.540964,-0.030271,-0.552467,0.296993,-0.850360,-0.792646,-0.446131,0.554886,-0.353421,-0.058366,0.313244,0.577080,-0.385782,0.461939,-0.427865,0.288932,-0.098240,0.853256,0.964187,0.548246,0.830929,-0.726992,0.308928,-0.603264,-0.446063,0.045646,0.483975,0.442988,0.738919,0.118550,0.852685,0.775777,0.698115,-0.540960,0.062896,0.472473,0.952205,-0.976705,-0.345771,-0.315299,-0.422931,0.634849,-0.909857,-0.281130,0.423369,-0.186521,-0.711873,0.221705,0.045220,0.963678,0.497052,0.972352,-0.627295,0.523190,0.103276,0.425019,-0.064897,-0.575218,-0.908527,0.676577,0.629617,-0.674921,0.290362,0.475467,0.115250,-0.365542,0.761892,0.284881,0.440435,0.304229,0.442577,-0.709866,0.845189,-0.428378,0.673102,0.786768,0.302447,0.196602,-0.781904,-0.127558,0.223289,-0.836261,-0.777076,0.986963,-0.335532,-0.300535,-0.496942,0.292040,-0.053848,0.580862,0.024990,-0.969168,-0.034625,-0.889625,0.653573,-0.772684,-0.566092,-0.080070,-0.609632,0.078440,-0.078603,0.905045,-0.823253,0.153464,0.440799,-0.744746,0.272924,0.728478,0.575111,0.870341,0.441171,-0.212026,0.840903,-0.549286,0.167405,0.531316,0.744562,0.833084,-0.830049,0.452118,-0.591791,0.558239,0.401379,-0.637295,0.665660,-0.076422,0.087712,0.942808,0.313251,0.177126,-0.966474,-0.601570,-0.946869,-0.333375,-0.310983,0.060660,0.379537,-0.641310,0.203309,0.833953,-0.629984,0.318176,-0.908822,0.062295,0.483079,-0.931916,-0.332669,0.755914,-0.549040,0.445749,0.224477,-0.672625,0.483415,0.064162,-0.775948,0.898743,-0.016076,0.490162,-0.564599,-0.725634,0.482614,0.347648,-0.451785,0.492567,0.009985,-0.302805,0.573784,0.233565,0.014537,0.546214,0.089657,0.877069,0.636111,-0.283625,-0.070161,0.914666,0.790409,-0.617629,-0.451392,-0.271159,0.759698,0.854835,0.604680,-0.448583,0.774130,-0.934238,-0.154393,-0.244743,0.070479,0.121281,-0.549191,-0.590889
0.000000,0.000000,0.000000,0.000000,0.000000,0.000000,0.000000,0.000000,0.000000,0.000000,0.000000,0.000000,0.000000,0.000000,2.508916,-0.847606,-0.013428,-0.616707,-0.360866,-0.445411,0.417044,-0.087959,-0.401116,0.662704,-0.828410,0.532721,-0.503374,0.836038,-0.988882,0.113327,0.244530,0.154601,0.630031,-0.775672,-0.168888,0.727474,0.777471,-0.003311,0.115934,0.527817,0.559221,0.776163,0.687715,-0.171153,0.299507,-0.033529,-0.764077,0.643362,0.203527,-0.883990,0.353737,-0.433798,-0.861470,0.213178,0.464417,0.034569,-0.988703,0.153765,-0.986782,0.852817,-0.465390,0.742013,-0.975781,-0.805567,-0.097183,0.517215,0.885123,0.042190,-0.289079,-0.910891,0.167419,-0.239912,0.818267,-0.039882,0.530894,0.696421,-0.803445,-0.118307,0.787435,-0.151089,0.130309,0.746208,-0.534813,0.789163,-0.205943,0.186067,-0.343921,0.054238,-0.901428,-0.869480,-0.170554,-0.330096,0.231584,-0.924180,-0.664663,-0.580816,-0.119016,-0.506330,-0.724675,0.195147,0.487744,0.370536,-0.447640,0.708890,0.223644,0.229333,-0.574303,-0.515574,-0.050500,-0.524358,0.376155,-0.382891,-0.696168,-0.696772,-0.745544,-0.120500,-0.993920,0.084745,-0.403394,0.104958,0.870851,0.738095,0.152860,-0.163859,0.396725,0.846279,-0.020906,-0.801385,0.532176,-0.979042,0.529277,-0.830167,-0.786767,0.563414,0.379043,0.123806,0.641170,0.702737,-0.084975,0.992597,-0.284840,-0.656984,0.691953,-0.168859,0.748999,-0.877667,-0.777896,-0.919455,0.204022,0.663728,-0.194678,-0.818609,-0.253062,-0.303908,0.286944,0.304303,-0.793953,-0.159646,0.285029,-0.482278,-0.185839,0.227390,-0.194259,-0.938278,-0.554768,0.552162,-0.502992,0.635423,-0.066184,-0.054158,0.541032,-0.233413,-0.523039,-0.789935,0.343820,-0.060115,0.618814,-0.084651,-0.170379,-0.402296,-0.601144,0.660874,-0.809577,0.804255,-0.946182,0.044505,-0.883343,0.559214,-0.577007,0.131845,0.832892,0.298518,-0.643360,0.593356,-0.117041,-0.973647,-0.026470,0.624969,-0.140085,0.516856,0.411052,-0.086175,-0.353435,0.453080,-0.262163,-0.659826,-0.358274,0.753678,-0.433222,-0.530079,-0.733160,-0.889644,0.953385,0.073554,0.459289,0.545947,-0.295366,0.597812,0.922968,0.483524,0.423466,-0.135532,0.682640,-0.822325,0.499367,-0.276013,0.131948,0.785928,0.210039,-0.948837,0.445210,0.858049,0.284024,0.722840,0.650592,0.722585,-0.311799,-0.051673,0.696067,0.820797,-0.706317,-0.636935,-0.306341,0.540596,0.749962,0.160480,-0.773464,-0.392504,0.714046,-0.304890,-0.794386,-0.395863,0.613413,-0.013041
0.000000,0.000000,0.000000,0.000000,0.000000,0.000000,0.000000,0.000000,0.000000,0.000000,0.000000,0.000000,0.000000,0.000000,0.000000,0.928932,-0.374735,0.907163,-0.136085,-0.116801,-0.693861,-0.390891,0.629372,0.572398,-0.129002,0.787305,-0.239482,0.728659,-0.936869,-0.305539,0.710137,0.802619,0.512848,0.339732,0.631010,0.415116,-0.491558,-0.067526,0.321410,0.175606,0.770195,-0.052311,-0.644025,-0.570836,0.692113,-0.982558,0.738261,-0.888824,-0.216683,0.600352,-0.184769,0.644696,-0.799402,0.023084,0.164948,0.781737,-0.812757,-0.322799,0.318696,0.959860,0.696549,0.692990,0.034365,0.128598,0.717160,0.739251,0.604549,0.637143,0.759260,-0.772436,-0.414721,0.952227,0.089552,-0.647072,0.006111,0.291568,0.656444,0.624353,-0.901517,-0.092950,-0.958862,0.776312,-0.652188,0.249749,0.141237,0.251059,0.126833,0.431177,0.252220,-0.819400,-0.266464,0.093187,-0.349605,0.520662,-0.364205,0.657368,-0.706533,0.538785,-0.633069,0.056031,-0.358951,0.274669,-0.574519,0.590819,0.147168,0.914546,0.423541,0.214791,0.658317,-0.560635,0.265485,-0.219192,0.487582,-0.951061,-0.144576,0.303404,-0.078721,-0.524057,-0.071301,0.699489,-0.586322,-0.265656,0.980671,0.825634,-0.932063,0.060664,-0.869174,0.847810,-0.116910,-0.163126,-0.454108,0.137638,-0.710003,0.597910,-0.017579,0.132926,0.681609,-0.629702,-0.649634,-0.158397,0.572256,-0.882909,0.590340,0.001513,0.123527,0.128772,-0.887665,-0.500458,0.510595,-0.175464,0.121034,0.889737,-0.907456,-0.100639,-0.277452,-0.787101,0.901589,0.922919,-0.377024,0.893433,-0.929653,0.961792,0.671864,-0.571340,0.199094,0.596599,-0.361402,-0.292496,0.257946,-0.705812,-0.763579,-0.500389,0.482519,-0.266802,0.014716,-0.609099,-0.611789,0.300903,-0.783249,0.335681,-0.198596,0.342542,-0.236541,0.692104,-0.888888,0.786595,-0.462678,-0.914916,0.124809,-0.551292,-0.081594,0.604628,0.583094,0.200771,0.955744,-0.072498,-0.921223,0.638850,-0.557412,-0.647522,-0.859980,-0.344200,-0.347682,-0.394457,0.186386,0.503084,0.875533,-0.811900,-0.699236,0.179685,-0.803729,-0.258471,0.249104,0.561090,-0.564801,0.335971,0.291739,0.719232,-0.372505,0.500184,0.504000,-0.521611,0.242316,0.350324,-0.451143,-0.096400,-0.128445,0.547019,-0.998617,0.002053,-0.631318,0.293684,0.360738,0.002253,0.084059,-0.369884,-0.373355,0.490234,-0.736537,0.543007,0.310026,0.768949,-0.479711,0.012358,-0.922021,0.825013,0.350783,0.245750,0.465378,-0.431342,0.207721,0.601844,-0.819411,0.917634
0.000000,0.000000,0.000000,0.000000,0.000000,0.000000,0.000000,0.000000,0.000000,0.000000,0.000000,0.000000,0.000000,0.000000,0.000000,0.000000,2.729717,0.926038,0.616697,-0.411378,0.163111,-0.759675,0.508333,-0.692721,0.733648,-0.518886,-0.679176,-0.858191,0.422730,-0.627592,-0.604664,-0.660607,-0.388410,0.882423,-0.026757,-0.478244,-0.659218,-0.962197,-0.270015,-0.779877,-0.945976,-0.794041,-0.362957,0.501727,-0.866027,0.357348,0.241085,0.763980,-0.632026,0.588535,0.729730,0.952968,0.617099,-0.752464,0.894258,0.629984,-0.575350,-0.669605,0.872828,-0.688603,0.554207,-0.189481,0.447611,-0.816297,0.450117,0.023823,0.800757,-0.623203,-0.781288,-0.607559,-0.842849,0.960301,-0.754287,-0.598298,0.619371,-0.506491,-0.555413,0.344620,-0.202470,0.670958,0.276539,-0.423571,0.195847,0.732923,-0.271034,0.472941,-0.168334,0.086147,0.467400,-0.878945,-0.090101,-0.809573,0.450011,0.215613,-0.346141,-0.847437,0.851605,-0.369993,-0.449246,-0.797990,0.154706,-0.468693,0.685706,0.365534,-0.992170,0.131349,-0.536331,-0.969266,0.238734,-0.590171,0.799272,0.146761,-0.581630,0.958255,0.092883,-0.669056,0.034484,0.918698,-0.151580,-0.149309,-0.077747,-0.439793,-0.676433,0.157855,0.788400,0.471459,-0.807625,-0.198302,-0.989408,-0.384119,0.338753,-0.419531,0.681117,-0.045232,0.338336,0.767730,0.365621,0.794652,0.616131,0.134128,-0.405534,-0.403715,0.750662,-0.892232,0.882874,-0.345880,0.477742,-0.339940,0.906603,-0.927052,-0.293362,0.734922,-0.451887,-0.448761,0.797504,0.661165,-0.788458,0.160360,-0.553210,-0.569723,0.230808,-0.752268,-0.060442,-0.488357,0.707845,0.108988,-0.569782,0.852931,0.645793,-0.469416,0.922102,-0.464522,-0.414714,-0.228073,-0.670390,0.374032,0.114675,0.788925,-0.518250,-0.659538,-0.282753,-0.707783,0.892302,0.434893,0.592383,0.496087,-0.514362,-0.718687,-0.141133,0.658038,-0.338969,-0.980874,0.320121,-0.599874,0.085670,-0.970240,0.017700,-0.212783,0.760824,0.443628,-0.927944,0.579045,0.582455,0.326819,0.858593,0.606507,-0.562203,-0.236908,-0.300154,0.009816,0.907427,0.231197,-0.374122,0.883035,0.400543,-0.467839,0.813026,-0.311574,0.032423,-0.041554,0.847262,-0.468673,-0.333387,0.320320,0.773231,-0.770232,-0.580233,0.896069,0.554594,-0.307860,-0.284730,-0.060932,0.347599,0.122082,0.552240,-0.891666,0.638081,-0.883897,0.761948,-0.913491,-0.744335,-0.639631,-0.553898,-0.196476,0.310964,0.785207,0.049006,0.064979,-0.361390,0.601361,-0.779028,-0.397794,-0.806037,-0.571638
0.000000,0.000000,0.000000,0.000000,0.000000,0.000000,0.000000,0.000000,0.000000,0.000000,0.000000,0.000000,0.000000,0.000000,0.000000,0.000000,0.000000,1.966495,-0.748079,-0.798764,0.651822,-0.763402,0.216107,-0.295978,0.792734,0.415100,-0.881140,0.790936,-0.172202,-0.403545,0.345564,0.435948,-0.393498,-0.296687,-0.687339,0.186887,0.913818,-0.166751,0.992412,-0.647171,0.592199,0.856217,0.376109,-0.781347,-0.346917,-0.828668,0.203496,0.996298,-0.250491,-0.674110,-0.462720,0.141604,0.137924,-0.540358,0.501409,-0.823975,0.246081,-0.148602,-0.745650,0.268770,0.346099,-0.119959,0.595986,0.018633,-0.428491,0.907203,0.888088,-0.808757,0.892163,0.550965,-0.786712,0.038651,-0.930097,0.177714,0.866375,-0.263581,0.017250,-0.544879,0.081892,0.605149,-0.569483,0.106974,-0.290713,0.495744,0.404077,0.397579,-0.244394,0.198559,0.302170,0.361628,0.150513,0.733609,-0.502403,-0.888386,0.925007,-0.878533,0.805911,0.224570,0.837481,0.129908,0.642017,0.442581,0.050224,-0.273353,-0.994282,-0.498189,0.903534,-0.449076,0.503705,0.016995,-0.382971,0.982187,-0.906051,0.164154,-0.076964,-0.846947,-0.571808,0.388484,-0.783343,0.602050,0.250122,-0.798285,-0.426371,-0.725644,0.595203,0.065919,-0.994340,0.085807,-0.034393,0.286153,-0.930312,-0.929148,-0.301264,0.377076,0.333116,-0.443473,-0.567865,0.366251,-0.945775,0.113567,-0.151803,-0.521826,0.040596,-0.565665,0.128643,-0.702052,-0.188614,0.020853,-0.936598,0.221434,0.500631,0.912147,-0.593747,-0.582609,-0.390338,0.781528,-0.186286,-0.396412,0.482362,-0.924020,0.097629,-0.099620,0.249716,0.462199,-0.350023,0.272834,0.048657,-0.732064,0.763452,0.509180,0.843308,0.440809,-0.510387,-0.138948,-0.226263,-0.928356,-0.178904,-0.308861,-0.992152,0.694247,-0.712251,0.001904,0.569356,0.208963,-0.661298,0.236422,0.515194,0.709529,-0.362692,-0.932157,0.215896,-0.548463,0.561790,0.359763,0.546374,0.935062,0.169095,0.808627,0.283787,-0.636511,0.598616,0.387397,0.955880,-0.513136,-0.333749,0.642982,-0.874221,0.266400,0.070952,-0.662356,-0.669757,0.620395,-0.969110,0.493683,0.465334,0.299360,-0.180965,-0.943359,0.603553,-0.748586,-0.438425,0.893566,-0.396278,-0.489722,0.946741,-0.828136,-0.678619,-0.123365,0.575346,0.768718,0.511271,0.952350,-0.966308,0.239013,-0.767308,0.820725,0.870614,-0.393944,0.655417,0.260551,-0.799022,0.205536,0.952114,-0.383812,-0.997718,0.953583,-0.172033,-0.138134,0.425224,0.208771,-0.396027,-0.800044,0.654725,-0.033246
0.000000,0.000000,0.000000,0.000000,0.000000,0.000000,0.000000,0.000000,0.000000,0.000000,0.000000,0.000000,0.000000,0.000000,0.000000,0.000000,0.000000,0.000000,2.181186,0.721009,-0.964555,0.718771,0.503591,0.893643,-0.532818,-0.355155,0.322957,0.851586,0.985339,-0.166525,0.078459,-0.658898,0.387951,0.674741,0.597299,-0.308314,0.926528,-0.759307,-0.012060,0.109194,0.073028,0.515782,0.219214,-0.845741,-0.640297,0.064478,0.389095,0.028349,-0.288984,-0.897731,0.571762,-0.005612,0.077578,-0.062084,-0.469309,-0.447253,-0.872998,0.415198,-0.456254,-0.402877,0.987000,-0.228375,0.021394,-0.227054,-0.419618,-0.988299,0.709773,-0.053693,0.439781,0.917313,-0.994337,0.350079,-0.762719,-0.084070,0.693564,-0.857008,0.979227,0.161672,-0.210013,-0.960979,0.173646,-0.010219,-0.569366,-0.019105,-0.974421,0.998955,-0.335771,-0.039556,0.569556,0.425557,0.777118,0.882651,-0.621644,-0.219200,0.373634,-0.909951,0.433890,-0.990233,0.828177,0.436339,0.130998,-0.142198,0.976050,0.473023,0.614586,0.650770,-0.956250,-0.890631,-0.603270,0.310435,0.247898,-0.349673,0.945998,-0.813787,0.553440,-0.038246,-0.162332,-0.948870,0.455599,0.543151,-0.362085,0.033926,0.212884,-0.264710,0.231164,-0.131746,0.756140,0.437026,-0.779000,0.599206,-0.324989,0.871137,0.206743,-0.944844,0.468725,-0.738531,0.754535,0.896661,0.390512,0.065746,0.204126,-0.142290,-0.832834,0.857687,-0.341627,-0.374304,-0.617350,0.984816,0.885129,-0.301135,-0.479989,0.610739,-0.154780,0.935576,0.802433,0.518903,-0.820151,0.404255,0.974509,-0.253415,0.763138,-0.183716,0.942648,0.307183,-0.806999,-0.041909,-0.900542,-0.209849,0.830762,-0.535596,0.901136,-0.800154,0.329623,0.931371,0.308307,0.798008,0.982061,0.283687,0.564528,-0.936030,-0.145379,-0.423469,0.648371,0.355156,0.228828,0.863117,-0.822264,0.907683,-0.798471,-0.305965,0.260547,-0.317048,0.365073,0.550837,0.657012,-0.641313,-0.635847,-0.895372,-0.018296,-0.724933,-0.362806,0.680869,0.897318,0.644152,-0.998703,0.136048,-0.666680,-0.248506,-0.144162,0.885882,0.267477,-0.464690,0.285590,0.903731,-0.881682,0.631975,-0.566205,-0.693784,0.797734,-0.996301,0.482171,-0.825543,0.235991,0.241794,0.725552,0.645213,0.370329,-0.238905,-0.667189,0.271366,-0.006060,-0.844115,0.911124,-0.371161,-0.995718,0.803381,0.154102,0.466121,-0.694668,-0.190789,0.290122,-0.498071,0.402998,-0.532770,-0.581744,-0.976751,-0.436187,-0.506526,0.528713,0.139420,-0.644351,0.136255,-0.549113,-0.148995
0.000000,0.000000,0.000000,0.000000,0.000000,0.000000,0.000000,0.000000,0.000000,0.000000,0.000000,0.000000,0.000000,0.000000,0.000000,0.000000,0.000000,0.000000,0.000000,2.720520,0.438512,0.302200,-0.437033,-0.750837,0.505898,0.135781,0.245520,0.950227,-0.303358,0.601495,0.117914,-0.529480,-0.894223,0.232022,-0.404768,0.390957,0.401454,-0.089079,0.072794,0.253094,-0.062790,0.754741,-0.848131,0.959636,-0.933098,-0.583807,0.416616,-0.830079,-0.475654,-0.692047,0.447143,0.157867,-0.871043,-0.079732,-0.582994,0.935397,-0.784164,0.196110,-0.036306,0.156169,0.912986,-0.317436,0.497533,-0.105067,0.321523,-0.268685,-0.545756,-0.832767,-0.796497,0.918861,0.576913,-0.510082,0.058294,0.428465,-0.294924,-0.120024,0.436764,-0.545091,0.052689,-0.579824,-0.993845,0.380527,0.414530,0.991445,-0.637969,0.479161,0.895935,0.289161,0.926281,0.988882,0.603249,0.998572,0.251649,-0.005889,0.835273,0.661912,-0.779776,-0.394555,-0.478710,0.710523,-0.533509,-0.391910,0.037577,-0.847761,0.922459,-0.017874,-0.619133,-0.458359,0.596167,0.268013,-0.070748,-0.336797,0.801369,0.545129,0.436224,-0.107999,0.962320,0.420141,-0.152751,0.921104,0.791450,0.479930,0.533992,-0.152745,0.014701,-0.616905,0.190792,-0.260167,-0.305123,0.896456,-0.670433,0.659947,-0.437063,-0.942689,-0.919074,-0.141645,-0.091078,-0.359498,0.337559,-0.029314,-0.851774,-0.303858,-0.796075,-0.874169,-0.583387,0.401151,0.392003,0.722778,0.512839,0.070991,-0.374776,-0.988377,0.294275,-0.420574,-0.499800,0.949651,-0.651520,-0.935131,0.898781,-0.387987,-0.213160,-0.838130,-0.191870,0.944443,0.388039,-0.052350,-0.385057,-0.267912,0.222456,-0.491100,-0.696105,0.392457,0.738940,0.803078,0.682837,0.061199,0.577662,0.852711,-0.953275,-0.175804,-0.591749,0.993538,0.859132,0.604372,-0.408240,0.904205,-0.941499,-0.623921,0.233748,0.586013,0.767262,-0.398983,-0.218391,-0.090345,-0.946052,0.727939,-0.324103,-0.601443,-0.181606,0.421127,0.741831,-0.569247,-0.654774,0.887566,0.101786,-0.268456,-0.601361,0.990496,0.438369,-0.564229,-0.817481,-0.601435,-0.504515,-0.777829,-0.540697,-0.766441,-0.244537,-0.027609,-0.089430,0.658420,-0.492009,0.774188,0.816246,0.919599,-0.638034,-0.508498,0.247665,-0.718217,-0.828757,-0.852606,0.212299,0.609356,-0.482229,0.867068,0.583871,-0.845079,-0.185394,-0.863970,0.830388,0.485604,0.373090,0.365404,-0.429635,0.867078,0.845553,0.478978,-0.062140,-0.905769,-0.943377,-0.723731,0.191529,0.596199,0.896932,-0.649276
0.000000,0.000000,0.000000,0.000000,0.000000,0.000000,0.000000,0.000000,0.000000,0.000000,0.000000,0.000000,0.000000,0.000000,0.000000,0.000000,0.000000,0.000000,0.000000,0.000000,1.188820,-0.891799,0.978094,0.561830,-0.038572,0.151131,0.124349,-0.491278,-0.629219,-0.406049,-0.505693,0.115056,-0.383594,0.457890,0.135879,0.064528,0.902588,-0.355181,0.270540,-0.999899,0.473847,0.005088,-0.583230,-0.996979,0.413888,0.325401,0.330814,-0.125090,0.278595,0.142670,-0.522210,0.037536,0.029186,0.647246,-0.133022,-0.127829,0.968809,0.788928,-0.515428,0.820586,-0.724067,0.706782,-0.633353,-0.148793,0.967843,-0.805902,0.679576,-0.010532,-0.778017,0.904983,0.098463,0.761282,0.738214,-0.970731,-0.470319,-0.326157,0.069728,-0.856268,-0.222066,0.629276,-0.653618,0.402553,-0.079341,-0.858590,-0.645252,-0.717939,0.239436,-0.825351,0.646094,0.613318,-0.839876,0.776394,0.918322,-0.913064,0.900659,-0.441076,0.329524,-0.650369,0.634912,0.683827,0.956683,0.985067,-0.848285,0.315927,-0.453908,-0.748844,-0.702409,0.872874,0.367298,-0.899078,0.968460,0.615624,-0.381641,-0.058267,0.453152,0.352064,-0.073838,0.024780,-0.913585,0.001266,-0.319506,-0.429898,-0.460755,0.297894,-0.141485,-0.148395,-0.681626,0.923727,-0.552148,-0.187782,-0.619590,0.406286,-0.127743,-0.172700,0.750190,0.518960,0.039750,-0.062819,0.919803,0.912924,0.409542,0.520296,0.798186,0.928618,-0.835450,0.994678,0.406044,0.185490,-0.173666,-0.327220,0.608420,0.308870,-0.598590,0.219822,-0.717668,-0.006250,0.166915,0.271368,-0.709476,-0.808803,-0.482584,0.214060,0.863366,0.558247,0.491421,-0.339535,-0.776585,0.783879,0.001707,-0.798978,0.069937,0.350820,-0.360200,-0.981502,0.243214,-0.919809,-0.134413,0.649550,0.997695,-0.259394,-0.959746,-0.014194,-0.447449,0.785550,0.423006,-0.191353,0.524056,-0.317588,0.043527,0.845571,-0.599685,-0.373884,0.771187,-0.076243,-0.364222,-0.925403,-0.162094,0.001202,-0.187334,-0.445082,-0.261740,0.284890,0.782559,0.299352,0.292325,0.633750,-0.669714,-0.397805,-0.898818,-0.300724,0.997648,-0.341375,0.719546,-0.828445,-0.080575,-0.297074,-0.596834,-0.254987,0.302556,-0.019384,0.688668,0.809893,-0.036214,0.963453,-0.855958,-0.447322,-0.166577,0.165403,0.091859,0.135954,0.792501,-0.444870,0.633707,0.116001,-0.019019,-0.401173,-0.391862,-0.223040,0.527021,-0.046534,-0.692333,0.519726,0.326760,0.898478,0.058828,0.308844,-0.041339,0.361560,-0.127766,-0.724287,0.973366,0.440727,0.217252,-0.037158
0.000000,0.000000,0.000000,0.000000,0.000000,0.000000,0.000000,0.000000,0.000000,0.000000,0.000000,0.000000,0.000000,0.000000,0.000000,0.000000,0.000000,0.000000,0.000000,0.000000,0.000000,2.278573,-0.746450,-0.347773,-0.750601,-0.747950,-0.957305,0.511787,-0.545383,0.664015,0.808869,-0.662868,0.417728,-0.079389,0.837922,-0.031166,-0.242252,-0.410870,0.807243,-0.547641,0.655430,-0.611625,0.286794,-0.097869,-0.790783,-0.748134,-0.436982,0.533303,0.457880,-0.589759,-0.047596,-0.806026,0.431893,0.586604,0.787024,0.771492,-0.324215,-0.490932,0.793179,-0.707986,-0.881312,-0.371514,0.520600,0.388400,0.974111,-0.280933,-0.448305,-0.243585,0.564513,-0.571400,0.895496,0.025099,0.566290,0.654524,-0.042370,0.482743,-0.270611,0.621856,0.647806,0.132412,-0.563704,0.940446,0.893960,0.239641,0.967762,0.005593,-0.249031,-0.078994,-0.908186,0.098244,0.332465,-0.780960,-0.488805,0.442368,0.587180,0.971734,-0.493553,0.682879,-0.655794,-0.738243,0.458407,-0.108255,0.587847,-0.434870,-0.573612,0.097597,-0.769379,-0.442502,-0.667526,-0.359905,0.530997,-0.758515,0.223738,0.169532,0.076261,-0.031505,0.327721,0.703621,-0.675927,0.628263,-0.877049,-0.035751,0.022931,-0.604828,-0.820654,-0.850178,-0.925532,0.147186,-0.689051,0.617409,0.797905,-0.415184,-0.671067,-0.180776,0.763140,-0.200362,-0.783327,0.969336,-0.000649,-0.315257,0.787242,0.854807,-0.006391,-0.386567,-0.034732,-0.561436,-0.043524,-0.541138,0.244406,0.519778,0.938856,0.685141,-0.827730,-0.576954,0.063384,-0.484818,-0.971270,0.509582,-0.284456,-0.867800,0.017673,0.954417,0.357077,-0.682468,0.028591,0.803445,-0.891513,0.275786,0.442546,0.408023,-0.699659,0.814557,-0.355457,-0.896516,-0.833558,-0.084845,-0.920036,0.559105,0.731647,-0.973254,0.620027,0.962413,-0.939264,0.449934,0.998188,0.594237,0.010714,0.769646,0.415865,-0.415097,-0.551360,0.025089,-0.254019,-0.341064,-0.644150,0.690572,0.410029,-0.337357,-0.524666,-0.743724,-0.774974,0.250956,-0.782366,0.920425,-0.441730,-0.948390,0.710659,-0.264825,-0.314068,-0.762759,0.320844,-0.282413,0.645989,0.261237,0.759825,0.245122,0.558556,0.393079,-0.074815,0.377348,0.327234,-0.986593,0.397276,-0.475681,0.083646,-0.777335,-0.953955,-0.969761,-0.683611,-0.960215,-0.735205,0.118347,-0.199454,0.961496,0.617389,-0.706448,-0.166421,-0.138058,-0.275766,-0.008820,0.339749,0.281779,-0.285802,0.410091,-0.421029,0.670936,0.928744,-0.410527,0.569377,0.626852,-0.018473,-0.824505,0.572364,-0.185044
0.000000,0.000000,0.000000,0.000000,0.000000,0.000000,0.000000,0.000000,0.000000,0.000000,0.000000,0.000000,0.000000,0.000000,0.000000,0.000000,0.000000,0.000000,0.000000,0.000000,0.000000,0.000000,1.020178,0.253300,-0.126124,-0.824855,0.967349,-0.510676,0.021930,0.334577,-0.769821,0.478820,0.296578,-0.012494,0.056660,0.909590,0.821796,-0.776033,-0.262496,0.033543,0.839952,0.633127,-0.227035,0.772421,-0.243684,-0.457614,0.219785,-0.288196,0.244815,-0.180632,0.591538,0.908622,-0.459382,0.020020,0.448865,-0.682962,0.591812,0.165944,-0.700519,0.736459,-0.146597,-0.646761,-0.609207,0.571013,0.871432,-0.243500,-0.842344,-0.798354,0.308957,-0.258497,-0.147737,-0.325905,-0.068923,0.287099,0.082278,-0.671517,-0.017423,-0.078774,0.091474,-0.778660,-0.692946,0.060488,-0.449130,0.258063,-0.254497,-0.558531,0.312790,-0.212185,-0.684775,0.617618,-0.136483,0.830141,-0.613198,0.752700,0.631820,-0.792168,0.063363,0.307366,-0.009036,-0.219474,0.887684,0.401642,0.931740,0.692461,0.634263,0.451265,0.292158,0.773724,0.226820,-0.849423,0.165127,-0.794330,0.898602,0.293338,0.111293,-0.604358,0.031534,-0.314938,0.350772,0.208820,-0.001386,-0.494518,0.051486,-0.076606,0.702532,0.788675,0.518498,-0.360720,-0.923821,0.850672,0.984025,-0.745958,0.371232,-0.149707,-0.702959,0.996203,0.866458,0.965218,-0.712207,-0.016151,0.791548,0.350317,-0.130796,0.033388,-0.922797,0.223034,0.719431,-0.994413,-0.680071,0.035980,0.121929,-0.313295,-0.944131,0.487200,-0.514150,0.289155,0.118293,-0.138324,0.180579,0.390077,0.144489,0.115051,-0.127845,-0.139931,-0.018068,-0.095844,-0.121951,-0.579260,0.449676,-0.734095,0.817421,0.249692,-0.902199,0.317997,-0.276971,0.859530,0.872151,0.691857,0.135698,0.838355,0.299616,0.750258,-0.679894,0.808361,0.323181,-0.393452,0.995627,0.373768,0.816832,-0.988829,0.104677,0.425065,-0.972526,0.525118,0.302896,-0.450481,0.377890,-0.738198,0.648074,0.732450,-0.029046,0.014884,-0.195891,-0.309332,0.745797,-0.390254,-0.194300,-0.400167,0.313426,0.628437,-0.671328,-0.490515,-0.791785,-0.679632,-0.186237,0.551753,0.083236,-0.893447,0.250173,0.590608,-0.213064,-0.509975,0.527875,-0.952188,0.631182,0.608519,0.775972,-0.821040,-0.784483,0.745506,-0.049474,-0.215323,0.146587,-0.882834,0.287432,0.890166,0.351440,-0.070930,0.921762,0.377033,-0.886079,0.340093,-0.880608,-0.385540,0.231367,-0.568768,-0.923622,0.235907,-0.428285,0.065928,-0.477709,0.372858,0.791403,-0.826870
0.000000,0.000000,0.000000,0.000000,0.000000,0.000000,0.000000,0.000000,0.000000,0.000000,0.000000,0.000000,0.000000,0.000000,0.000000,0.000000,0.000000,0.000000,0.000000,0.000000,0.000000,0.000000,0.000000,2.465797,-0.687810,-0.341180,-0.285269,-0.587380,-0.849531,0.536973,0.587255,0.993667,0.869208,-0.130715,-0.733224,-0.978600,0.063035,0.721133,-0.464193,-0.602117,-0.122093,0.787066,-0.096652,0.445426,-0.074948,-0.254082,-0.118176,0.536801,0.508812,-0.136484,-0.464765,-0.721746,-0.997261,-0.773485,-0.670689,0.379876,0.635832,0.473891,0.446466,0.988641,0.925195,-0.462306,-0.709799,-0.693404,0.791213,-0.795306,-0.319712,0.060693,0.226901,0.191465,0.572815,0.143387,0.702093,-0.830740,0.717931,0.180006,-0.554135,0.955486,0.879469,0.691452,0.823192,-0.235717,-0.544390,-0.634192,0.747520,0.653263,0.961877,0.696504,0.264732,-0.715436,-0.670305,-0.052601,0.535591,-0.653449,0.831035,0.367581,-0.375382,0.771519,0.197261,0.466317,-0.229116,-0.212899,-0.974765,0.075804,0.521594,0.937649,0.784454,-0.826018,0.961040,-0.701039,-0.917771,0.497860,0.811773,0.899566,0.649952,-0.590188,-0.691994,-0.882063,0.163938,-0.025558,-0.781433,-0.070346,0.134647,0.445909,-0.171605,-0.363295,0.331358,0.368447,-0.459143,-0.960354,0.891381,0.510573,-0.597791,0.131331,0.189895,-0.748023,-0.616686,0.913413,0.016022,-0.617116,0.595150,-0.058853,0.276824,-0.404997,-0.884192,-0.670112,0.946074,0.247177,0.662170,-0.956961,0.530925,-0.030096,0.330616,-0.283590,0.241738,-0.928760,-0.908823,0.597673,-0.751069,-0.972032,0.824913,-0.468936,0.164764,0.677834,0.491814,-0.906744,0.121897,0.083596,-0.299840,0.507126,0.928011,-0.705627,-0.709552,0.469472,-0.091167,0.590438,-0.717845,-0.920285,0.395868,0.989422,-0.810404,0.728676,-0.229421,-0.966421,0.020044,-0.442292,0.386806,-0.424339,-0.036600,-0.598869,0.656204,0.850863,-0.193328,-0.102240,0.965367,-0.715769,0.617239,0.134557,0.761469,-0.415143,-0.407684,-0.348360,-0.966738,-0.660214,0.989173,-0.502103,-0.960166,-0.442919,-0.183220,0.095575,-0.862868,0.580858,0.651003,-0.573679,0.596836,-0.277146,-0.153780,0.872777,0.783809,-0.249779,-0.023779,-0.426952,0.030869,0.363816,-0.814665,0.839682,0.437748,-0.806495,0.737978,0.487366,-0.373746,0.042866,0.720261,0.936251,-0.437845,0.301116,0.720494,0.976334,-0.858563,0.007244,0.747332,-0.993684,-0.125530,0.168397,0.052981,0.465545,-0.868956,0.570833,-0.433659,0.648459,-0.161024,-0.914163,0.927830,0.561099
0.000000,0.000000,0.000000,0.000000,0.000000,0.000000,0.000000,0.000000,0.000000,0.000000,0.000000,0.000000,0.000000,0.000000,0.000000,0.000000,0.000000,0.000000,0.000000,0.000000,0.000000,0.000000,0.000000,0.000000,1.369540,-0.459945,0.177927,0.974589,-0.419666,0.896542,-0.339226,0.408196,-0.236531,-0.829896,0.872379,-0.672144,0.889383,-0.793386,-0.466105,0.841847,0.317082,-0.621033,0.184187,-0.639218,0.748884,-0.900343,0.059555,-0.873054,0.390046,0.871594,0.662133,-0.256544,-0.526190,-0.757945,0.747248,-0.837782,0.257658,-0.265465,0.991557,0.017647,0.097582,0.835778,0.939274,0.167273,0.592364,0.269533,-0.145199,-0.885369,0.435488,0.400526,-0.766595,-0.539862,0.464256,-0.700576,0.381870,0.435954,-0.293312,-0.483636,-0.253921,-0.281607,0.214040,0.487697,0.723505,-0.940015,0.453103,-0.371628,0.677284,-0.848566,0.102349,0.097347,-0.346977,0.940613,-0.786154,-0.727206,0.288519,0.028598,-0.471066,-0.391456,-0.685953,0.735528,0.139038,-0.510331,-0.213158,0.813370,0.773682,-0.861787,0.308200,-0.694058,-0.578233,0.728415,0.790381,-0.834616,0.747847,0.456987,0.551421,0.583631,0.014467,0.893815,-0.599281,0.009930,-0.362895,0.644862,-0.834599,-0.132643,0.546955,-0.375318,-0.519047,-0.474902,0.427180,-0.426435,-0.194633,0.091336,0.881520,0.588695,-0.629437,0.766168,0.689535,0.490449,0.033812,-0.860370,0.423010,0.036684,-0.380450,-0.980124,-0.537902,0.211380,-0.775387,0.310837,0.639344,-0.363643,-0.836029,-0.720602,-0.284182,0.626869,0.268557,0.735775,0.988854,-0.594868,0.389643,-0.066967,-0.013044,-0.348837,-0.314976,0.352564,0.241606,-0.362993,-0.762838,0.156483,0.478793,0.117244,-0.992699,-0.435369,0.557159,0.485096,-0.979179,-0.059408,-0.125364,0.304563,-0.750040,0.242830,0.893836,-0.256501,-0.325287,-0.943453,-0.885210,0.863145,0.951004,-0.988717,0.801359,-0.652080,0.122717,0.356282,-0.281883,0.057976,0.255084,-0.612147,0.988513,-0.592236,-0.979323,0.888569,-0.141745,-0.202761,-0.448657,-0.948336,-0.470864,-0.213399,0.040658,-0.084712,0.758072,0.822660,-0.365690,0.919109,0.729868,0.855270,0.412662,-0.603456,-0.609544,0.817303,0.014091,0.780935,0.441096,-0.574975,-0.230480,0.935650,-0.960834,0.429168,0.957559,-0.791706,-0.456014,0.094026,0.687530,0.013024,-0.880808,-0.745631,-0.248113,-0.354919,-0.560643,0.680257,-0.946237,0.658688,0.843360,0.260222,0.250701,-0.701965,0.136635,-0.249651,-0.541900,0.166659,-0.997619,-0.447174,0.312084,-0.089919,-0.708719,-0.997364
0.000000,0.000000,0.000000,0.000000,0.000000,0.000000,0.000000,0.000000,0.000000,0.000000,0.000000,0.000000,0.000000,0.000000,0.000000,0.000000,0.000000,0.000000,0.000000,0.000000,0.000000,0.000000,0.000000,0.000000,0.000000,1.176098,0.098119,0.069091,-0.737856,0.227394,0.997849,0.169734,0.055276,0.245266,0.759342,0.891999,-0.917933,-0.590012,-0.768472,0.544708,-0.908874,0.805270,-0.958889,0.205094,-0.448848,-0.058873,-0.116228,0.497787,-0.006716,-0.157558,0.460554,0.851614,0.587845,0.473434,-0.024556,0.800432,-0.027373,0.860572,0.605845,-0.699480,-0.906016,0.481711,0.371678,0.204178,0.952479,0.090806,-0.304200,0.129932,-0.943176,0.158528,0.804860,-0.991340,0.690608,0.603858,-0.787794,0.693661,0.527091,-0.017907,-0.509572,-0.423799,0.224550,-0.507392,-0.349289,0.861677,0.458657,0.472148,0.911873,-0.988412,-0.511028,0.315948,-0.123457,-0.774390,0.562467,-0.905855,0.087702,0.124929,0.271923,-0.368747,-0.952798,0.777967,0.858410,-0.036023,-0.958719,0.161742,-0.368140,-0.635029,-0.662095,-0.641489,-0.338318,-0.438760,0.672850,-0.009371,-0.144705,-0.708333,0.751782,-0.890356,-0.520937,0.242945,0.404625,0.602313,-0.179417,-0.306520,-0.422897,0.136189,-0.302729,-0.343812,-0.966218,0.896632,-0.878812,-0.458257,0.842839,0.470696,0.156280,0.321628,-0.805880,0.617295,-0.499786,0.912428,-0.537251,0.250729,0.090649,-0.713794,-0.274146,0.562586,-0.574824,0.925715,-0.409033,0.253443,0.237734,-0.058444,0.310721,0.487154,0.238006,0.119989,0.213255,-0.196088,-0.858254,-0.680603,0.213408,0.854348,-0.948519,0.088070,-0.495877,0.123480,0.499315,0.470906,0.449772,0.557847,-0.854779,0.019156,-0.476443,0.842541,0.565758,-0.784910,-0.513508,-0.089559,0.925817,-0.780654,0.135945,-0.317425,0.292681,0.297413,-0.518817,0.571619,-0.817475,0.636278,-0.576066,0.179159,-0.305381,0.219560,-0.465164,0.137927,-0.983603,-0.251091,0.652779,-0.073987,-0.001478,0.243154,-0.131581,0.734153,-0.193351,0.885105,0.753876,-0.157824,-0.268398,0.353256,0.510613,-0.628277,-0.517910,-0.707495,0.521384,0.428804,-0.621892,0.073750,0.528479,0.894057,-0.642955,-0.391340,-0.303320,0.249955,-0.727162,-0.613142,0.560874,0.084107,-0.679228,-0.223135,-0.731012,-0.274620,-0.199601,-0.775779,-0.880333,0.763204,0.775296,-0.994842,0.282408,-0.812642,0.620283,0.759125,0.233230,0.226311,-0.257037,-0.501062,-0.001458,-0.732566,0.344450,-0.059826,-0.644797,0.176629,0.590656,0.177599,0.059323,0.695435,-0.978489,0.233495
0.000000,0.000000,0.000000,0.000000,0.000000,0.000000,0.000000,0.000000,0.000000,0.000000,0.000000,0.000000,0.000000,0.000000,0.000000,0.000000,0.000000,0.000000,0.000000,0.000000,0.000000,0.000000,0.000000,0.000000,0.000000,0.000000,1.524230,-0.612868,0.959156,-0.192372,-0.329474,-0.661983,0.995532,0.712103,-0.860055,0.131508,-0.705198,0.431563,-0.031833,-0.779222,0.114078,0.821351,-0.317611,-0.898389,0.890414,-0.716402,-0.049896,0.089354,-0.525825,-0.645164,-0.773722,-0.860089,0.016253,0.684042,-0.746482,0.401238,-0.174758,-0.929552,0.071945,-0.495983,0.210508,-0.301354,0.332905,0.837007,-0.510911,0.879681,-0.591382,-0.858610,-0.614598,0.629833,0.355112,0.941668,0.419655,-0.174737,0.784862,0.916257,0.583310,0.113279,0.651532,-0.641911,0.800700,0.999118,0.330280,-0.608222,-0.711127,0.918829,0.742706,0.497358,0.898239,0.006808,0.775493,-0.674359,-0.634381,0.024686,-0.334981,-0.134961,0.596394,-0.893185,0.441688,-0.823541,0.695002,-0.596200,0.469878,0.183759,-0.228756,-0.464927,-0.885081,-0.293240,-0.598942,-0.728175,0.476996,-0.574970,-0.553684,-0.319037,-0.074694,0.027425,0.329093,0.177044,-0.036632,-0.212120,-0.468428,0.419885,-0.364997,0.699163,0.172325,0.267889,0.017580,0.857112,-0.156809,-0.146063,0.786029,0.209814,-0.101703,-0.475698,-0.509911,0.602869,-0.441068,-0.988525,-0.961079,0.956805,0.119676,-0.021951,0.835752,-0.296625,0.589995,0.443620,-0.045807,0.549264,0.931557,-0.598785,-0.964981,0.642909,-0.192826,0.088805,-0.555075,0.683578,0.442412,0.906733,-0.049496,0.953130,0.021711,0.242844,0.348255,-0.020457,0.125560,-0.553386,-0.275274,0.403986,-0.922022,0.400826,-0.392449,-0.456328,0.386977,-0.570110,0.923367,0.981358,-0.083799,-0.197163,-0.841925,0.556437,-0.674552,0.866096,0.981185,-0.755180,0.366012,-0.068016,0.082292,-0.640851,0.447042,-0.666775,0.770600,-0.092051,0.269736,0.843582,0.475879,0.081696,-0.194645,-0.075730,-0.316654,0.892368,-0.494284,-0.181307,0.556448,-0.271317,0.773222,-0.513855,-0.937310,0.257502,0.016507,0.866116,-0.153735,-0.728819,-0.340509,-0.213576,0.166264,-0.450999,0.100627,0.816092,-0.152539,0.303139,-0.542203,0.602654,-0.460659,0.159606,-0.399505,-0.865195,-0.360675,-0.575939,0.785348,-0.467676,0.948846,-0.015308,-0.557870,-0.217312,-0.633138,0.667367,-0.760061,0.747056,-0.908166,-0.400784,-0.720227,0.370531,0.024643,0.878679,-0.267638,-0.918502,0.523318,0.159001,0.654871,-0.147723,0.476362,-0.657869,0.999053,-0.652706
0.000000,0.000000,0.000000,0.000000,0.000000,0.000000,0.000000,0.000000,0.000000,0.000000,0.000000,0.000000,0.000000,0.000000,0.000000,0.000000,0.000000,0.000000,0.000000,0.000000,0.000000,0.000000,0.000000,0.000000,0.000000,0.000000,0.000000,2.574502,-0.575124,0.565016,0.722505,0.753282,-0.048563,-0.142374,0.667582,0.158978,0.242554,-0.527866,-0.107686,-0.261102,0.330643,-0.607033,-0.188496,0.697464,0.092891,0.792088,-0.534945,-0.120193,0.000832,-0.198865,0.368987,-0.702560,0.038801,-0.722455,0.258395,0.660496,-0.960006,-0.086128,-0.014593,0.440508,-0.850560,-0.187958,0.570962,0.064289,0.499692,-0.271980,0.840175,-0.845309,-0.817671,0.056972,-0.058352,0.276935,-0.541888,-0.547943,0.498219,-0.416470,0.454583,0.281414,-0.833346,0.422259,0.759031,0.633293,-0.982276,0.079428,0.826674,0.197451,-0.419348,-0.610911,0.369895,0.542508,0.825170,0.811433,-0.321440,0.207754,-0.796962,-0.811075,-0.857063,0.854288,-0.695135,-0.035348,-0.133855,-0.350458,0.075461,-0.994418,-0.239701,-0.041312,0.606609,0.401927,0.699524,-0.247404,-0.718189,-0.197887,0.926119,-0.571345,-0.650489,0.888675,0.899846,-0.701526,0.538906,-0.140515,-0.015569,-0.002624,0.936743,-0.630678,0.546127,-0.988652,0.257220,0.305356,0.507412,0.851925,0.507670,0.464288,-0.492425,0.985679,-0.063182,-0.165100,0.003755,-0.211887,0.187275,-0.300751,-0.520110,0.855990,0.855657,-0.007509,0.924295,-0.168566,-0.225242,0.833812,0.265834,0.525035,-0.174512,-0.185997,-0.833393,0.933488,-0.544082,-0.011466,-0.770779,0.293907,-0.218249,0.535324,0.056757,-0.741041,-0.978519,-0.575103,0.448693,0.657028,-0.317330,0.071850,-0.519973,0.760886,0.930414,0.505880,-0.822227,-0.125763,0.981011,-0.541230,0.340943,0.877127,0.546407,0.217720,0.013410,0.857629,-0.210533,0.802538,-0.137894,0.513090,0.831428,0.101286,-0.380240,-0.898027,0.618520,0.244020,-0.473909,0.754823,0.840606,0.774332,0.203036,0.953163,0.749611,-0.791479,0.962212,0.097613,0.840072,0.520683,0.295133,-0.346655,-0.945940,-0.446527,0.371641,0.726230,-0.995307,-0.584052,0.346135,-0.432730,-0.716594,-0.836128,0.275758,0.189720,0.717227,-0.370325,-0.726563,0.598310,0.976372,-0.279221,0.730699,0.525091,0.823171,-0.151255,-0.797397,-0.763288,0.526397,0.726664,-0.085967,-0.880858,-0.866588,0.197201,0.837249,-0.200833,0.301240,0.084016,0.779516,0.664775,-0.601303,0.355086,0.695006,0.860499,0.179854,-0.648178,0.116464,0.331638,-0.455022,0.946003,-0.541347,0.822705
0.000000,0.000000,0.000000,0.000000,0.000000,0.000000,0.000000,0.000000,0.000000,0.000000,0.000000,0.000000,0.000000,0.000000,0.000000,0.000000,0.000000,0.000000,0.000000,0.000000,0.000000,0.000000,0.000000,0.000000,0.000000,0.000000,0.000000,0.000000,1.562952,-0.998892,0.086578,0.256572,0.738727,0.081126,-0.811741,0.853627,0.130710,-0.456938,0.797717,-0.758173,-0.805034,0.070018,0.249768,0.021918,0.857984,-0.474358,0.980470,-0.961301,-0.762932,-0.628647,-0.840849,-0.123564,0.730744,0.641519,0.489514,-0.985181,0.731412,-0.207002,0.463276,0.453837,-0.644958,0.030790,0.852362,-0.473903,0.430056,0.916102,-0.278738,-0.224733,-0.094875,0.618078,-0.121431,-0.027508,-0.555365,0.976690,0.784708,0.200509,0.921120,0.373996,0.918211,-0.676928,-0.549085,0.770365,-0.160251,-0.257685,0.508671,0.260651,-0.311857,-0.204279,-0.183232,-0.747337,-0.540892,0.075061,0.563654,-0.161903,-0.233294,0.301032,-0.685492,-0.238499,-0.583728,0.303292,-0.775272,-0.104354,0.192364,0.667351,0.449103,0.885726,0.359757,-0.301621,-0.536552,-0.886835,-0.444825,-0.726303,-0.261550,0.405156,0.384068,-0.363667,0.017105,-0.566457,0.005953,0.020164,-0.397406,-0.481064,0.959149,0.074247,0.124153,-0.984412,-0.636318,-0.286756,0.931961,-0.649517,-0.393421,0.980314,-0.037783,-0.363184,0.268718,-0.007395,0.914898,-0.833610,0.581096,-0.441827,0.613339,0.695441,0.698446,0.733391,0.436255,-0.715192,-0.896195,-0.318470,-0.009860,-0.394758,0.484414,0.444887,0.943849,-0.198854,0.571455,0.482400,0.977499,0.547231,-0.432851,-0.969455,0.936332,0.432138,0.625213,0.586488,0.471522,0.502949,0.858916,0.828223,-0.241547,-0.938077,-0.922637,-0.106723,0.669959,0.695222,-0.191221,-0.396777,0.013203,0.665086,0.272992,-0.720388,-0.275532,0.110852,0.076525,0.661268,0.864344,-0.799074,-0.551185,-0.215686,-0.407204,-0.183419,-0.918558,-0.867973,0.676723,-0.794836,0.648150,-0.386976,-0.381553,-0.798506,-0.973473,-0.289423,0.670714,0.839911,-0.876829,-0.938184,-0.682399,0.532580,-0.590234,-0.538379,0.777885,0.749898,0.340578,-0.671972,-0.237702,-0.527645,0.343691,0.559862,-0.715733,0.795912,-0.074348,0.590012,-0.896725,-0.278838,-0.970438,0.436969,-0.841098,-0.323428,0.563497,0.497933,0.280579,0.388041,0.302463,0.282552,-0.300691,-0.943669,-0.116348,-0.909081,-0.062265,-0.071842,-0.642557,0.568523,0.408419,0.119079,0.851817,-0.425626,-0.475936,-0.633128,0.088880,-0.589286,0.737791,-0.391380,-0.018138,0.059022,-0.384707,0.476839
0.000000,0.000000,0.000000,0.000000,0.000000,0.000000,0.000000,0.000000,0.000000,0.000000,0.000000,0.000000,0.000000,0.000000,0.000000,0.000000,0.000000,0.000000,0.000000,0.000000,0.000000,0.000000,0.000000,0.000000,0.000000,0.000000,0.000000,0.000000,0.000000,2.230182,0.521622,0.211841,-0.079635,-0.102166,0.433069,-0.245930,-0.125480,-0.672658,0.359261,-0.846151,0.981024,-0.712525,-0.234043,-0.524439,-0.418684,-0.355094,0.436673,-0.646501,-0.472287,-0.797588,-0.337080,0.882483,-0.239782,0.554677,-0.076592,-0.100801,0.647942,-0.946361,0.729773,-0.029583,-0.297746,0.813670,-0.320281,0.955395,0.872713,-0.464154,-0.318795,0.624335,-0.608780,0.463903,-0.741698,-0.588789,0.001012,0.491763,0.478857,0.217845,-0.455775,-0.169244,-0.507571,-0.445965,-0.353552,0.197695,-0.584810,-0.914861,0.384909,-0.956387,0.941570,-0.299429,-0.986837,0.769171,0.199609,0.634785,-0.129951,-0.291636,0.310379,-0.187998,0.112417,-0.444354,-0.334709,-0.835618,0.562744,-0.302298,0.949998,-0.480482,-0.049895,-0.388936,0.387851,0.616732,-0.025979,-0.266145,0.489503,-0.617090,0.198933,0.467249,-0.461461,0.311399,0.470452,-0.765167,-0.352185,-0.187388,0.551915,0.135010,-0.100877,-0.362455,-0.991877,-0.959560,-0.519108,-0.766619,-0.760827,0.205479,0.210911,-0.910456,0.187871,-0.708363,-0.245549,0.979368,0.044011,-0.931624,-0.304684,0.341796,-0.550804,0.928898,-0.149413,-0.957825,0.081132,0.352379,-0.088018,0.856342,0.803864,-0.722080,-0.840104,-0.375382,0.216265,0.203191,-0.456714,0.902201,-0.385337,0.608399,0.663960,-0.803130,-0.534894,-0.569617,0.839303,-0.297790,0.672943,-0.043964,-0.085562,0.806843,-0.118197,0.489704,-0.151245,-0.796261,-0.893810,-0.583520,0.444536,-0.252701,-0.091785,-0.796247,0.246075,0.606896,0.249366,0.969228,-0.967317,-0.968660,0.000011,-0.467184,0.373021,0.586420,-0.795128,0.834676,-0.940154,0.376808,-0.230998,0.334878,-0.804727,0.874161,0.874817,0.038802,0.019169,0.269616,0.160138,0.087093,0.178382,0.717260,0.222134,-0.608331,0.827824,-0.568079,-0.669677,0.994116,-0.573167,-0.799813,0.124014,0.654387,-0.878499,-0.019792,-0.862995,-0.142618,-0.312080,-0.725741,0.862042,0.269774,0.686113,0.811889,0.860371,0.496229,-0.386103,0.657865,0.040366,-0.456692,-0.228452,-0.397553,-0.067592,0.562670,-0.030265,-0.464283,-0.825194,0.711512,-0.165263,-0.116155,0.527443,0.699453,0.022290,0.264736,-0.521687,0.870136,0.135843,0.439210,-0.771574,0.273842,-0.262100,-0.099874,0.364324,0.592655
0.000000,0.000000,0.000000,0.000000,0.000000,0.000000,0.000000,0.000000,0.000000,0.000000,0.000000,0.000000,0.000000,0.000000,0.000000,0.000000,0.000000,0.000000,0.000000,0.000000,0.000000,0.000000,0.000000,0.000000,0.000000,0.000000,0.000000,0.000000,0.000000,0.000000,1.373413,0.746474,-0.562019,0.125796,-0.697469,-0.421500,0.790823,-0.976886,0.831222,-0.343196,0.391591,-0.816563,0.282543,0.818923,0.110404,-0.275757,0.587155,0.425451,-0.764615,0.331403,0.329312,0.503842,-0.367386,-0.197444,0.920076,0.146914,0.017010,0.973699,-0.540885,-0.204126,0.519767,0.426201,0.933401,0.308601,-0.373810,-0.204696,-0.820574,0.847441,-0.742664,0.091407,-0.197210,-0.731553,-0.414015,0.267138,-0.937497,0.931979,0.818191,-0.830797,0.736707,-0.342858,-0.864991,-0.387774,0.617775,0.331663,-0.522881,0.438353,0.415642,0.485723,0.081313,0.637891,0.282724,-0.749202,0.620512,-0.352464,0.410069,0.350263,-0.328175,-0.676633,0.389916,0.698047,0.676463,0.253010,-0.545185,-0.367580,0.509255,-0.178292,0.464995,-0.381100,-0.987364,0.206980,0.201833,0.255109,-0.463629,0.622142,-0.025066,0.524776,0.222187,-0.167858,0.359254,0.149955,0.021422,0.297121,-0.828122,0.820522,-0.329836,-0.550614,0.543593,-0.537556,0.991539,-0.159015,-0.406751,-0.875870,-0.916392,-0.809719,-0.989934,-0.345820,-0.379091,-0.139817,-0.534154,-0.874518,-0.857675,-0.635707,-0.366821,-0.704016,-0.269764,0.844440,-0.476794,-0.663201,0.329553,-0.018238,-0.905492,0.575615,0.430686,0.954597,0.876613,0.168497,0.372043,-0.180986,0.776934,0.105618,-0.348897,-0.981017,0.172900,0.050868,0.623754,-0.625991,0.630803,-0.969433,0.174627,-0.206295,-0.336959,-0.133408,-0.552817,-0.633149,0.610214,-0.544483,0.473944,0.422721,-0.933199,0.762145,0.578710,0.592134,0.618382,0.165106,0.986762,-0.641696,-0.855328,0.408335,-0.412126,0.216466,-0.216597,-0.332952,0.786497,-0.715913,-0.622029,0.335682,0.565202,0.664429,-0.537701,0.764227,0.219101,0.646437,-0.862956,-0.286211,0.049728,0.153914,-0.801857,0.077316,0.330973,-0.276810,0.001478,-0.414867,0.741001,0.198413,0.102548,0.888715,0.329863,-0.440353,0.283506,0.923247,-0.952883,0.253182,-0.686330,0.632919,0.281369,0.873979,0.339156,-0.965562,0.020708,0.807336,-0.535394,-0.834207,0.439776,0.005017,-0.904809,-0.440170,-0.346503,0.335723,-0.056800,-0.025619,0.613207,-0.443166,0.345145,-0.264885,-0.163260,0.111805,0.391294,0.890391,-0.461978,-0.792510,-0.142416,0.093432,-0.543993,0.780992
0.000000,0.000000,0.000000,0.000000,0.000000,0.000000,0.000000,0.000000,0.000000,0.000000,0.000000,0.000000,0.000000,0.000000,0.000000,0.000000,0.000000,0.000000,0.000000,0.000000,0.000000,0.000000,0.000000,0.000000,0.000000,0.000000,0.000000,0.000000,0.000000,0.000000,0.000000,2.497118,-0.012672,-0.099872,-0.918517,0.073779,0.191494,0.783264,0.002196,-0.685245,-0.639886,-0.680265,0.877070,0.586779,0.649532,0.680867,-0.808731,0.404354,0.408673,-0.550357,-0.018668,0.324862,0.794673,-0.779149,0.784386,0.844830,0.847220,-0.990330,-0.558002,0.382490,-0.356520,-0.877833,0.525884,-0.942816,-0.107957,0.895152,-0.119534,0.823775,-0.181992,-0.306628,-0.785234,-0.283818,-0.326027,0.693102,0.839830,-0.956140,-0.803487,0.286457,-0.030514,-0.406243,-0.480186,-0.550651,0.050902,-0.965040,0.477769,-0.399224,-0.146337,0.054104,-0.577281,0.767405,0.364187,0.740593,-0.049099,-0.135079,-0.525715,0.089681,0.186327,-0.160153,-0.709235,-0.453791,-0.971497,-0.361722,0.161518,0.911422,-0.644206,-0.889071,-0.407377,-0.686405,0.391038,-0.988502,0.961734,0.711333,-0.018659,0.841884,0.256119,0.987530,-0.443388,0.993812,-0.639505,-0.293163,0.870648,-0.258915,-0.580327,-0.881026,-0.702084,-0.289553,-0.157536,0.084902,0.627176,-0.973170,0.682232,0.154499,0.512956,0.513958,0.806405,-0.813240,0.143031,0.818059,0.438413,-0.806830,0.227929,0.599762,-0.450276,0.264986,0.680824,0.047734,-0.611626,0.099364,0.176008,-0.194294,0.359233,-0.133334,0.754810,0.583251,0.609544,0.052153,-0.607304,0.448844,-0.862157,0.035150,-0.894042,0.056837,0.371844,-0.161604,-0.166194,-0.754412,-0.396301,-0.111453,0.727124,0.795960,0.907160,-0.799473,-0.407578,-0.074174,0.283488,0.405597,0.572033,-0.008252,0.113169,0.921141,-0.519943,0.607519,0.423636,-0.719820,0.852983,0.710712,0.559009,-0.746453,-0.720659,0.366397,-0.785460,-0.773369,-0.199441,-0.989244,0.442967,0.080414,-0.843652,0.087165,-0.891824,-0.858608,-0.029068,-0.000353,-0.322010,0.243543,-0.225283,0.173921,-0.300430,0.429934,0.158572,-0.679913,0.372538,0.567872,-0.868252,0.219921,0.580859,-0.770694,0.803305,-0.170402,0.475680,0.798100,0.979274,0.167850,0.408548,-0.496601,-0.419907,0.701539,-0.203512,0.644868,-0.898806,-0.563493,-0.659812,0.054135,-0.838939,-0.312259,0.972490,0.588434,0.521183,-0.729771,-0.270882,0.361176,-0.956750,-0.132047,0.857180,-0.835320,0.812519,-0.610957,-0.621786,-0.609128,0.862512,0.207490,0.501578,-0.267185,0.746502,0.163874
0.000000,0.000000,0.000000,0.000000,0.000000,0.000000,0.000000,0.000000,0.000000,0.000000,0.000000,0.000000,0.000000,0.000000,0.000000,0.000000,0.000000,0.000000,0.000000,0.000000,0.000000,0.000000,0.000000,0.000000,0.000000,0.000000,0.000000,0.000000,0.000000,0.000000,0.000000,0.000000,1.999587,0.504642,0.547285,0.363727,-0.762180,0.733453,-0.478202,0.992388,-0.228984,-0.760005,-0.367827,0.147068,-0.217108,0.657363,0.364413,-0.573099,0.077707,0.575064,0.782468,-0.210111,0.848929,-0.928061,0.353382,0.563969,-0.149717,-0.978051,0.374070,-0.314872,-0.696374,-0.685782,0.538328,-0.625221,-0.031803,0.940779,0.517637,0.094387,0.056551,-0.665345,-0.107153,-0.710201,-0.832836,-0.781726,0.213222,-0.612894,-0.701309,0.734262,-0.755974,0.411270,-0.165999,0.158159,-0.953289,-0.999962,0.634497,-0.049118,-0.857386,-0.313088,0.012709,-0.729013,0.092676,0.057501,0.205670,0.620524,-0.174442,0.777120,-0.050652,-0.085702,0.311371,0.235042,-0.977130,0.964861,0.885387,-0.437428,0.117167,0.540970,0.840936,0.171813,-0.962120,0.361356,-0.813844,0.342356,0.174855,0.281339,-0.621485,-0.012780,0.235914,-0.399414,-0.636753,-0.554639,0.716033,-0.070913,0.322147,0.029778,0.668255,0.016990,-0.813349,-0.604031,-0.973469,0.663049,0.326546,0.518404,0.430040,0.648959,0.973939,0.306943,-0.495469,-0.797220,0.179496,0.541514,0.123143,-0.392890,0.439470,-0.104055,-0.426822,0.682169,0.153038,-0.433104,-0.342791,0.143330,-0.154153,-0.678962,0.220940,0.378220,-0.999782,0.073739,0.154323,-0.335872,-0.322537,-0.364682,-0.109344,0.623880,-0.061948,0.987297,-0.247683,0.398525,0.097931,0.524577,0.776729,0.023367,-0.011042,0.885438,0.867319,0.993993,-0.687048,-0.992863,-0.125379,0.466680,-0.854288,-0.252797,0.162919,-0.574905,0.462284,-0.540925,0.681344,-0.303453,0.197297,0.088308,-0.407107,-0.121857,0.691946,0.096689,-0.888826,0.426065,-0.635095,-0.027874,-0.062922,-0.027026,-0.937972,-0.455223,-0.898529,-0.170087,0.242673,0.308148,-0.870904,-0.762222,0.323014,0.062375,0.666824,-0.589716,-0.759315,-0.275952,0.274134,-0.028066,-0.802813,-0.857416,0.355387,-0.406064,0.338965,-0.410170,-0.370412,-0.580371,0.967434,-0.967859,-0.745495,0.672580,-0.723677,-0.438606,-0.474430,0.393971,-0.177598,0.681176,0.494854,0.062203,-0.501876,0.584838,0.731981,0.672565,-0.896572,0.395917,0.407877,0.886151,-0.473043,0.572694,0.378193,0.757454,0.386616,0.704909,-0.280849,-0.684751,-0.273296,0.630103,-0.736700,0.275890
0.000000,0.000000,0.000000,0.000000,0.000000,0.000000,0.000000,0.000000,0.000000,0.000000,0.000000,0.000000,0.000000,0.000000,0.000000,0.000000,0.000000,0.000000,0.000000,0.000000,0.000000,0.000000,0.000000,0.000000,0.000000,0.000000,0.000000,0.000000,0.000000,0.000000,0.000000,0.000000,0.000000,2.968890,0.790030,0.342367,0.585261,-0.767047,-0.002332,0.063825,0.565392,-0.434813,-0.787029,0.396228,-0.014812,0.684588,-0.037021,0.692542,0.015670,0.565397,0.441490,-0.467835,-0.381203,0.798391,-0.537986,0.395001,-0.709760,0.510317,-0.553420,0.188131,0.128487,-0.592971,-0.017193,0.758496,0.361059,0.985309,0.569109,0.286911,0.126404,0.874857,0.054027,-0.194654,0.668987,0.880489,-0.042166,-0.725523,0.216746,0.481765,-0.252728,0.495758,0.062103,-0.397288,0.259042,-0.222105,0.573651,-0.993840,0.636356,-0.386849,0.919253,0.518330,-0.517919,0.957598,-0.000839,0.045848,0.819036,0.836806,0.393765,0.956899,-0.342259,-0.535327,-0.941487,-0.307310,0.205267,-0.389242,0.159241,-0.903228,-0.291818,0.496010,-0.791346,0.429675,0.526622,0.137523,0.772175,0.909127,-0.930645,0.358166,-0.525651,-0.183633,0.246309,0.424545,0.680382,0.410774,0.554798,0.198142,-0.765882,-0.957139,0.059566,0.431082,-0.782269,-0.141408,-0.487645,0.134186,-0.218994,-0.597065,-0.991215,-0.356950,0.032324,0.858418,-0.545048,0.024510,0.132993,0.298455,-0.342867,-0.801036,0.842712,0.905511,-0.123538,0.161150,-0.941947,-0.905569,-0.846665,0.477493,-0.545531,-0.631106,-0.983329,-0.954205,-0.189232,0.083356,0.158118,-0.084178,-0.080877,0.506284,-0.420860,-0.524564,0.708648,0.378528,-0.046267,-0.449190,-0.726836,-0.925158,0.704731,0.186771,-0.908341,-0.682825,-0.440871,-0.473857,0.096782,-0.201113,0.764433,0.438821,0.821465,0.725637,0.842738,0.960023,-0.376607,-0.580639,-0.669695,0.256177,0.361933,-0.824325,0.642143,0.566133,0.256948,-0.128775,-0.692685,0.011185,-0.681661,0.209958,-0.380071,-0.505387,-0.117897,0.161426,-0.265072,0.927207,-0.988205,0.825722,-0.998632,-0.566576,0.992702,0.456191,0.288997,0.452186,-0.183408,0.568419,-0.690264,0.587785,0.879053,0.715374,0.479322,0.302755,0.042184,-0.209553,0.731307,0.294917,-0.130199,0.569583,-0.891792,0.626239,0.621404,-0.542941,-0.924657,0.427416,-0.600257,0.992044,-0.981635,-0.540416,-0.915875,0.565311,0.157391,0.696869,0.925227,0.220230,-0.536493,-0.814701,0.732522,-0.509773,0.787036,0.756575,0.255618,0.207992,0.901653,0.512030,0.366564,-0.128518
0.000000,0.000000,0.000000,0.000000,0.000000,0.000000,0.000000,0.000000,0.000000,0.000000,0.000000,0.000000,0.000000,0.000000,0.000000,0.000000,0.000000,0.000000,0.000000,0.000000,0.000000,0.000000,0.000000,0.000000,0.000000,0.000000,0.000000,0.000000,0.000000,0.000000,0.000000,0.000000,0.000000,0.000000,1.709996,-0.222158,0.892642,0.276238,0.560727,-0.925601,0.704853,-0.164723,0.474321,-0.919949,0.787746,0.319691,-0.084998,-0.392884,-0.377952,-0.393204,-0.737948,-0.072381,-0.093027,-0.176127,0.406188,-0.160370,-0.821993,0.704119,-0.149798,0.310571,0.859793,0.534830,0.077598,0.090045,0.699062,0.647265,-0.642695,0.253002,0.731431,0.606615,-0.750568,-0.128614,0.036466,-0.484381,0.358999,-0.047547,-0.404983,-0.326271,0.713337,0.732400,0.624751,0.827738,0.904613,-0.016344,-0.806593,0.600142,0.266864,-0.238966,0.951066,-0.322630,0.815268,0.185169,-0.926716,0.720670,0.524424,0.284975,0.229174,-0.562329,-0.571028,-0.941655,-0.691725,-0.327037,0.081450,-0.738383,0.115144,-0.473360,-0.492078,0.895888,0.984689,0.622877,-0.891216,0.457263,-0.643149,0.138443,0.787427,-0.239609,0.857683,0.416744,-0.397976,-0.810166,0.630703,-0.083881,-0.854613,-0.793755,0.933923,-0.513996,0.933182,0.362319,-0.399018,-0.232544,0.554077,-0.129170,-0.850498,-0.540372,0.720690,0.392348,0.002032,-0.509009,-0.050819,0.577698,-0.836914,0.989536,0.719525,-0.364068,0.741153,0.363429,0.332709,-0.720580,0.811789,-0.099316,0.606456,-0.400952,-0.383993,0.929378,-0.006680,-0.880219,0.671413,-0.545540,0.757508,0.832880,-0.854468,0.164858,0.963048,0.861839,0.050487,0.360986,0.208524,-0.593493,0.305995,-0.333718,-0.324056,-0.160024,0.704354,-0.523308,-0.498417,-0.985320,-0.689986,0.957359,-0.132260,-0.609671,0.931364,-0.945764,-0.031667,0.609204,0.545650,-0.621565,0.415579,0.244577,0.350552,-0.467790,0.621469,0.118475,0.450156,0.879147,0.710995,0.564675,-0.420703,-0.891834,0.149289,-0.930974,0.428380,0.473643,0.125823,-0.663696,0.751443,0.191842,0.029784,0.135184,-0.834226,0.480874,-0.878449,0.156776,-0.661486,-0.584596,-0.533491,-0.971389,0.783678,0.608471,-0.937427,-0.886028,0.565754,-0.986393,-0.062002,-0.785405,0.183264,0.996681,-0.655957,0.913368,0.730957,0.971710,0.532377,0.713989,0.189195,0.734568,-0.776975,0.483309,0.257447,-0.880307,-0.416819,-0.567786,-0.189649,-0.603293,-0.450341,-0.407940,0.199622,-0.730252,-0.517798,-0.365704,-0.101864,-0.923823,0.998423,-0.399216,-0.425310,0.109741
0.000000,0.000000,0.000000,0.000000,0.000000,0.000000,0.000000,0.000000,0.000000,0.000000,0.000000,0.000000,0.000000,0.000000,0.000000,0.000000,0.000000,0.000000,0.000000,0.000000,0.000000,0.000000,0.000000,0.000000,0.000000,0.000000,0.000000,0.000000,0.000000,0.000000,0.000000,0.000000,0.000000,0.000000,0.000000,2.635080,-0.086381,-0.502322,0.131751,-0.034115,-0.153850,0.967766,0.991901,0.123888,-0.863992,0.133835,0.904944,0.851385,-0.568998,-0.619761,-0.695488,0.639569,-0.019890,-0.323907,-0.350386,-0.449174,0.765240,-0.180640,-0.511965,0.420810,0.270909,0.430731,0.643912,-0.797533,-0.996023,-0.898868,0.413587,0.868993,-0.337789,0.562388,0.458369,0.956123,-0.058414,-0.667854,0.530463,0.637638,0.414600,0.726363,-0.257635,0.380630,-0.472303,-0.107120,-0.515016,-0.690933,-0.928094,0.342849,0.750546,-0.371161,-0.141529,-0.992906,-0.174290,-0.437356,0.148400,0.817034,0.012305,0.351065,0.410966,-0.695136,-0.306859,-0.773709,-0.118507,0.774571,-0.038131,-0.087694,-0.581353,-0.379565,0.873199,-0.394009,0.462773,-0.915717,-0.743372,-0.377044,0.802842,-0.561417,0.453489,-0.664951,0.225684,0.173656,0.243896,-0.427447,-0.675794,0.772971,0.138888,-0.575914,-0.173342,-0.865817,-0.049248,-0.152218,-0.734548,-0.111255,0.279065,0.856981,0.406370,0.004871,0.540102,-0.440129,0.337563,-0.989876,-0.854898,0.248531,-0.614901,0.377459,0.273507,-0.872667,-0.215007,0.226004,0.426963,0.632168,-0.339114,0.673432,-0.291491,-0.986026,0.220012,-0.516663,-0.751237,-0.483284,0.655828,0.828003,0.923393,-0.394339,-0.088143,0.605052,-0.364195,-0.229714,-0.525451,0.144735,0.318533,-0.363121,-0.951539,0.471816,0.233195,-0.562002,-0.370705,0.914227,0.260407,0.190956,0.279381,0.908889,-0.320282,-0.438168,-0.246515,0.601898,-0.758082,-0.586351,-0.543509,0.272755,0.283166,-0.256227,-0.447615,0.509304,-0.936547,0.477475,-0.579452,0.805554,-0.172614,0.284594,-0.758061,-0.492231,0.401217,0.100711,0.540955,0.126805,0.138662,0.716518,-0.150620,0.790089,-0.255570,-0.342812,0.558843,-0.976907,-0.655616,-0.856469,0.024210,0.256142,-0.979248,-0.677073,-0.394917,-0.411547,-0.805735,-0.654305,0.694104,0.401162,-0.407811,-0.473185,-0.839602,-0.302188,-0.203861,0.808363,0.486231,-0.041692,-0.730285,0.312323,0.872025,-0.843910,0.697216,-0.639771,0.402562,-0.632288,0.200027,-0.524751,0.083396,0.200316,0.237041,0.365598,-0.861941,0.406775,-0.690805,0.354065,-0.751925,-0.041171,-0.226463,0.934693,0.261618,-0.823588
0.000000,0.000000,0.000000,0.000000,0.000000,0.000000,0.000000,0.000000,0.000000,0.000000,0.000000,0.000000,0.000000,0.000000,0.000000,0.000000,0.000000,0.000000,0.000000,0.000000,0.000000,0.000000,0.000000,0.000000,0.000000,0.000000,0.000000,0.000000,0.000000,0.000000,0.000000,0.000000,0.000000,0.000000,0.000000,0.000000,2.252216,-0.611723,-0.427699,-0.243114,0.552451,0.888162,0.848670,-0.658633,-0.879173,0.657066,-0.423563,0.165652,0.957255,-0.627156,-0.250288,0.735198,0.299961,0.875106,0.263439,-0.392860,0.610217,0.518528,0.867238,-0.047666,0.005679,-0.352354,-0.462483,0.993056,0.954511,0.059293,0.910171,-0.287689,0.699989,0.269736,0.434132,0.436406,0.271657,0.704656,-0.215973,0.698378,-0.633170,-0.600081,0.434686,0.500260,0.804602,-0.450634,-0.887861,0.014943,0.750681,0.942932,0.715653,-0.020087,0.726764,-0.572058,0.842339,0.133692,-0.221273,0.163282,0.568016,-0.519757,-0.796240,0.466240,0.904938,0.273956,-0.714833,0.286771,-0.766736,-0.392950,-0.936805,-0.024997,-0.357292,-0.804956,-0.381945,0.295140,-0.421837,-0.713856,0.089595,0.506455,0.660283,-0.055806,0.422145,0.666655,0.345778,0.054543,-0.880121,-0.419931,-0.360370,-0.209977,0.901785,-0.582249,0.083110,0.982436,0.237589,-0.582179,0.920382,-0.327415,-0.904259,-0.137276,-0.518689,0.637728,-0.560088,0.639708,-0.927658,0.858315,-0.915613,0.877080,-0.852617,0.745167,0.662664,0.188848,-0.928028,0.242286,0.235693,0.114395,0.263051,0.936215,0.991014,0.040992,-0.816399,-0.732062,0.440702,0.963927,-0.127890,-0.803923,-0.293911,-0.229979,0.993191,0.373167,-0.764268,-0.325847,-0.902883,0.306121,0.345479,-0.885007,-0.328960,0.805677,0.653632,0.148425,-0.030753,0.985704,0.444391,0.905270,-0.856830,-0.575698,-0.937778,0.735835,0.388463,-0.644697,0.948381,0.911594,-0.550804,0.294020,0.336206,-0.991966,0.377560,-0.557320,0.802638,0.677014,0.810587,0.515108,-0.670189,-0.278891,0.417863,-0.353350,0.420066,-0.327683,-0.644541,0.036328,0.372456,0.034391,0.283735,-0.123898,0.556663,0.299933,0.149213,-0.129257,0.071455,-0.897981,0.333439,-0.591177,0.720298,0.624688,0.055909,0.694262,0.341606,-0.717480,0.481546,0.991613,-0.918045,-0.510161,0.195481,-0.169611,0.275112,0.172809,0.575979,-0.858194,-0.118768,0.720108,-0.274476,0.007578,-0.956843,-0.551652,-0.072690,-0.202064,0.429310,0.223760,0.760565,0.709541,-0.517560,-0.964723,0.708942,-0.341758,-0.305781,-0.683210,0.386015,-0.439782,-0.646514,0.006781
0.000000,0.000000,0.000000,0.000000,0.000000,0.000000,0.000000,0.000000,0.000000,0.000000,0.000000,0.000000,0.000000,0.000000,0.000000,0.000000,0.000000,0.000000,0.000000,0.000000,0.000000,0.000000,0.000000,0.000000,0.000000,0.000000,0.000000,0.000000,0.000000,0.000000,0.000000,0.000000,0.000000,0.000000,0.000000,0.000000,0.000000,2.376040,-0.460803,0.444078,-0.076050,-0.192455,-0.280958,-0.708838,-0.334732,0.758503,-0.795666,0.916600,-0.785007,-0.275937,0.212612,0.675683,-0.712834,-0.717796,0.256756,-0.414507,0.289004,0.641166,-0.846259,0.688988,-0.924829,0.797652,0.951236,0.334910,0.968511,0.643984,-0.911269,-0.992378,-0.958403,-0.096186,0.246765,-0.037056,0.354261,-0.100795,-0.914872,-0.547667,0.985248,-0.308272,-0.350469,-0.694416,0.974287,-0.539081,0.293653,-0.915905,-0.867055,0.433503,0.270336,0.360325,-0.538059,0.969778,0.116750,0.939096,-0.671659,-0.189801,-0.328629,0.510150,0.495143,-0.026912,-0.967704,-0.649589,-0.899469,0.694029,-0.420457,-0.764155,-0.291655,-0.845421,0.957714,-0.369984,0.866133,0.365457,0.132214,-0.049006,0.374760,0.372551,-0.978958,0.815567,-0.264073,-0.293454,-0.186819,0.370566,-0.247965,-0.252338,-0.873070,-0.166717,-0.701043,0.711179,-0.330978,0.921735,0.369056,0.512303,0.895502,-0.522130,0.134582,-0.918548,-0.798483,-0.266826,0.365004,0.663387,-0.487192,0.498154,-0.551418,-0.987889,-0.891174,0.171117,-0.005705,-0.459150,-0.986904,0.136021,0.635213,-0.862910,0.472949,0.269085,-0.041290,-0.903317,0.847143,-0.045118,-0.200786,0.722951,0.691156,0.454522,0.658720,-0.751343,0.521831,-0.343932,0.734990,-0.259537,-0.891392,-0.171240,0.513554,0.001864,0.527268,-0.929453,-0.645672,0.127216,-0.229372,0.360351,0.925108,0.319724,-0.165274,0.084728,0.825653,0.345978,0.606359,-0.396963,0.488642,-0.721137,0.499551,0.763117,0.800465,-0.766820,0.659764,-0.780127,-0.043206,0.365043,-0.031502,-0.320181,0.367642,0.321758,0.165785,0.056857,0.411480,-0.193926,-0.862464,0.074909,0.446911,-0.401680,-0.718498,0.823682,0.727499,0.236868,0.573214,0.937611,0.138518,-0.511637,0.277624,0.829187,0.380296,-0.947519,0.834265,0.507351,-0.196338,0.974984,0.443359,0.650882,0.886333,-0.920843,0.548840,-0.227307,0.738150,0.757792,0.657237,0.558401,0.588566,-0.406895,-0.186944,-0.769890,0.661183,0.292013,0.225433,-0.507844,0.230072,-0.090897,0.990538,0.726137,0.051966,0.616911,-0.670990,-0.797199,0.261302,0.453572,-0.893887,-0.598073,0.074536,-0.874367
0.000000,0.000000,0.000000,0.000000,0.000000,0.000000,0.000000,0.000000,0.000000,0.000000,0.000000,0.000000,0.000000,0.000000,0.000000,0.000000,0.000000,0.000000,0.000000,0.000000,0.000000,0.000000,0.000000,0.000000,0.000000,0.000000,0.000000,0.000000,0.000000,0.000000,0.000000,0.000000,0.000000,0.000000,0.000000,0.000000,0.000000,0.000000,1.560132,-0.035840,0.843619,-0.368647,-0.662663,-0.984983,-0.756784,0.501732,-0.110156,-0.602550,0.866055,0.575077,-0.771271,-0.462085,0.698883,0.384863,0.891090,-0.847501,0.550822,-0.847177,-0.326676,0.501338,0.422020,-0.995764,-0.596114,0.557147,-0.747705,-0.347242,-0.632221,-0.777091,0.673251,-0.877317,0.072100,0.385341,-0.884820,0.266854,-0.331869,0.667090,0.595319,0.587810,-0.202673,0.645096,0.259964,-0.242633,-0.838660,-0.866362,-0.497197,-0.400831,0.855057,0.999876,-0.712652,0.885536,0.413080,-0.002784,0.909373,0.427386,0.187309,-0.580946,-0.511112,0.823003,-0.569922,-0.935388,-0.467546,-0.038889,-0.236070,0.871606,-0.162852,0.778105,0.189326,0.048249,-0.679609,-0.457936,0.734334,0.559914,-0.105153,0.818044,0.638357,-0.775831,0.211861,0.597686,0.616688,-0.817318,-0.550778,-0.173921,-0.496738,-0.782124,0.257601,0.014947,-0.690020,0.172764,-0.875970,-0.233918,0.585036,0.780099,-0.509531,0.719018,0.783516,0.213765,0.964356,-0.507648,-0.862052,0.686886,-0.018139,-0.307092,-0.889534,-0.870751,-0.818567,-0.632715,0.940802,-0.437192,0.634095,-0.961172,-0.356370,0.812385,-0.629918,-0.431953,0.653030,-0.757217,-0.893634,0.931954,-0.190416,0.315743,-0.745768,-0.559645,-0.080038,0.350306,-0.413504,0.769268,0.562288,0.103116,-0.081578,0.239085,0.463326,-0.730099,0.705283,-0.021194,0.870688,0.911085,-0.938566,-0.231038,0.052447,0.079191,0.644787,-0.717792,0.244965,0.885194,0.993382,-0.979829,0.945135,-0.755580,0.073901,-0.507260,0.212782,-0.925947,-0.523335,-0.398849,0.831214,0.167259,0.416419,0.352030,-0.215423,-0.971958,-0.785958,-0.082383,0.882590,-0.502484,0.396637,0.653192,0.813571,-0.413027,0.862566,0.215965,0.016814,0.556785,-0.522575,0.625160,0.299925,0.598732,0.711444,0.234695,-0.926530,-0.404505,0.756039,0.253913,0.780113,-0.230943,0.009455,0.725185,0.524063,-0.244998,-0.954739,0.760679,0.572714,-0.101678,0.092481,-0.591376,-0.175798,-0.673609,-0.578861,0.692739,-0.275055,0.629447,-0.052200,-0.858444,-0.276946,-0.683453,0.387153,0.822788,0.526151,0.556875,0.723733,0.553329,0.137147,0.428553,-0.168090,-0.858424
0.000000,0.000000,0.000000,0.000000,0.000000,0.000000,0.000000,0.000000,0.000000,0.000000,0.000000,0.000000,0.000000,0.000000,0.000000,0.000000,0.000000,0.000000,0.000000,0.000000,0.000000,0.000000,0.000000,0.000000,0.000000,0.000000,0.000000,0.000000,0.000000,0.000000,0.000000,0.000000,0.000000,0.000000,0.000000,0.000000,0.000000,0.000000,0.000000,2.263949,0.443322,-0.552555,0.907883,-0.894977,0.471918,0.936957,-0.381700,0.824931,0.652873,0.488219,0.907583,0.308114,-0.010239,0.351362,-0.176352,-0.350226,-0.835509,-0.243983,0.606390,0.890872,0.950303,-0.586948,0.142864,0.151496,-0.647905,0.163256,-0.274474,0.884813,-0.489596,0.669922,0.793711,0.471745,-0.570645,-0.479262,0.942236,-0.848342,-0.765828,0.957139,0.553790,0.492768,-0.679584,-0.022122,0.681525,-0.342259,-0.614470,-0.978109,0.245085,-0.412379,0.727345,-0.432964,-0.696848,0.920895,0.929554,0.370048,0.856771,-0.676333,-0.079318,-0.591682,-0.042433,0.582356,0.689856,-0.991671,-0.220993,0.988137,0.178630,-0.407608,-0.222011,-0.354873,-0.104803,-0.111027,0.013727,-0.070988,0.032227,-0.944022,-0.891146,-0.257712,0.769883,0.581665,-0.779693,-0.010338,0.209175,-0.037622,0.395133,0.994526,-0.807052,0.031068,0.024743,0.124758,-0.666065,0.276716,-0.911318,0.482247,0.326319,-0.339153,0.977979,0.657557,0.079071,0.981021,0.660181,-0.724045,0.182121,0.161715,0.305890,0.881513,-0.015936,-0.845237,-0.041337,0.575589,-0.282782,-0.945790,-0.393514,0.364300,-0.827981,-0.248070,-0.733738,-0.048143,-0.716973,-0.781926,0.395598,-0.683997,-0.690408,0.185038,-0.912812,-0.934015,-0.137107,-0.269809,0.089239,0.986969,-0.130587,0.152117,0.838487,-0.033642,0.562241,0.097305,0.274414,0.865005,-0.998592,0.801880,-0.004616,0.213529,-0.099884,-0.478163,-0.867986,0.890251,0.247752,0.746941,-0.418383,-0.444002,-0.328431,-0.537924,-0.004059,0.872483,0.752125,-0.009799,-0.302475,0.223376,0.224516,0.367528,0.071200,-0.946489,-0.847907,0.947550,0.492471,0.896494,-0.320949,0.069899,-0.356096,0.817870,-0.424533,0.387623,-0.649889,-0.789497,-0.688731,0.058911,0.689082,0.998559,0.245366,0.067207,0.573765,-0.872512,0.618794,0.516759,0.059083,-0.954026,-0.595606,-0.260575,0.882444,0.276978,0.020185,-0.023147,0.559951,-0.352740,-0.810950,0.354087,-0.341968,-0.348814,-0.090570,-0.514532,0.843405,0.693941,0.982177,0.929098,-0.371089,-0.238804,0.396516,-0.968308,0.987778,-0.978314,0.062972,0.337401,0.828293,0.288273,0.193938,-0.399281
0.000000,0.000000,0.000000,0.000000,0.000000,0.000000,0.000000,0.000000,0.000000,0.000000,0.000000,0.000000,0.000000,0.000000,0.000000,0.000000,0.000000,0.000000,0.000000,0.000000,0.000000,0.000000,0.000000,0.000000,0.000000,0.000000,0.000000,0.000000,0.000000,0.000000,0.000000,0.000000,0.000000,0.000000,0.000000,0.000000,0.000000,0.000000,0.000000,0.000000,1.977303,0.499403,0.031183,0.559271,-0.860774,-0.329245,0.919628,-0.353111,0.243711,0.039770,0.873248,-0.674456,-0.401224,0.724755,0.332405,0.086099,-0.210199,-0.177369,0.869845,0.342151,0.858197,0.944372,0.094016,0.219778,0.312730,0.678338,0.318143,-0.770705,0.884860,0.321869,0.739835,-0.150525,-0.050567,0.377713,0.552808,-0.843083,-0.185314,0.539713,0.984472,-0.976715,-0.470384,-0.070303,-0.554117,-0.946156,0.079086,0.298797,-0.167876,-0.260244,0.971221,-0.044943,0.596139,-0.425652,0.660377,0.647399,-0.464596,0.311710,0.364030,-0.114769,0.547560,-0.386229,-0.031456,0.980303,-0.642649,-0.704435,-0.715603,0.996219,-0.680173,-0.619522,0.389573,0.518993,0.054123,0.965338,-0.922182,0.241642,0.212939,-0.357510,0.798881,0.105763,-0.507319,-0.823283,-0.785762,0.794658,-0.499382,0.814011,-0.759764,0.967871,0.666698,-0.767543,-0.827887,0.606874,-0.843867,-0.475638,0.602500,0.815160,0.535304,0.779786,0.119777,0.559222,-0.311627,0.570428,0.359482,0.149660,0.984603,-0.060441,0.238494,0.019811,-0.478977,-0.339269,0.957572,-0.215779,0.358813,0.134195,0.779611,0.515380,-0.838697,-0.289116,0.423827,-0.677286,0.006878,-0.364462,-0.870492,0.994292,0.858729,0.495052,-0.597948,0.977052,0.261585,0.932151,-0.914842,-0.653059,0.354494,0.814359,-0.648436,-0.365804,0.176355,0.999322,0.599330,0.847126,0.350025,0.754743,0.014090,-0.751683,0.419115,0.202950,-0.029300,-0.450018,0.568406,0.640820,-0.271629,0.855533,-0.260517,-0.784875,-0.666943,-0.010969,-0.840274,0.436825,0.590192,0.098937,0.786697,0.908573,-0.104838,-0.821746,-0.537472,0.315232,-0.188431,0.370019,0.333470,0.210736,-0.684335,-0.428169,-0.244277,0.648836,0.364446,0.289869,0.344275,0.006404,-0.920737,-0.597759,-0.719396,-0.872007,-0.361047,0.575460,-0.769736,-0.777155,-0.751472,-0.460357,-0.595586,-0.972078,-0.446995,0.992589,-0.327027,-0.577482,-0.008572,-0.541263,0.119290,-0.198688,0.793683,0.855839,0.426123,-0.568612,-0.052203,-0.389154,0.596555,-0.941652,0.324983,-0.353546,-0.037991,-0.354010,-0.270420,0.348725,0.190989,-0.511822,-0.912725,0.712044
0.000000,0.000000,0.000000,0.000000,0.000000,0.000000,0.000000,0.000000,0.000000,0.000000,0.000000,0.000000,0.000000,0.000000,0.000000,0.000000,0.000000,0.000000,0.000000,0.000000,0.000000,0.000000,0.000000,0.000000,0.000000,0.000000,0.000000,0.000000,0.000000,0.000000,0.000000,0.000000,0.000000,0.000000,0.000000,0.000000,0.000000,0.000000,0.000000,0.000000,0.000000,1.730767,0.237460,-0.023001,0.237880,0.253945,-0.969919,0.066518,0.004216,-0.808365,0.491764,-0.528281,-0.890949,0.606318,0.730264,-0.518610,0.375091,-0.990099,0.442300,-0.070359,0.584966,-0.213932,-0.297849,0.681570,-0.922707,-0.625670,-0.175742,0.192676,-0.989775,0.150295,-0.243015,0.260004,0.813948,-0.118256,0.109157,-0.074420,-0.762956,0.586226,0.770391,0.622933,0.895193,-0.063943,0.304644,-0.663317,0.953616,0.161108,-0.476674,0.610749,0.172982,0.899350,0.539955,0.754530,0.093300,0.034617,0.514653,-0.789972,-0.891937,0.967404,0.832591,0.911322,-0.875272,-0.461397,0.803085,-0.821041,-0.097131,-0.317417,0.759701,0.036152,-0.419252,0.048602,-0.775108,0.462405,0.236675,0.201418,-0.124311,-0.411512,-0.869239,0.894065,-0.166892,-0.008157,-0.248466,0.975755,0.592344,-0.808480,0.216350,-0.030731,0.586704,0.994632,0.488613,0.729858,0.005271,-0.252804,0.286559,0.498837,-0.544932,0.006775,-0.772418,-0.567294,0.763718,-0.710536,0.622697,-0.254809,0.327043,0.820653,0.561797,0.651882,-0.477702,-0.276651,0.465584,0.554469,0.580105,0.480216,-0.536755,-0.421827,0.884082,0.107721,0.508901,0.198391,0.849004,0.737564,-0.477250,0.769419,-0.399921,-0.118039,0.702467,-0.351962,-0.418456,0.337314,0.999353,-0.737886,0.402121,0.053911,-0.178765,0.499717,0.109673,0.595622,0.487708,0.970238,0.621732,-0.866400,0.559159,0.299406,-0.820419,0.210978,0.501607,-0.605611,-0.130177,0.084973,-0.173695,0.752010,-0.662194,0.543111,0.556182,-0.103940,0.078956,-0.692875,-0.609685,0.063330,-0.550638,0.612931,0.232436,-0.886843,-0.284247,0.716852,-0.445112,0.439436,-0.812400,0.861067,-0.101309,-0.016869,0.139660,-0.273135,0.450571,-0.970833,-0.675591,-0.622358,0.270680,0.781202,-0.872721,0.704917,0.639027,-0.846749,-0.713543,-0.299909,-0.770661,0.516572,0.008139,-0.178471,0.449895,-0.414209,0.743063,0.307933,-0.306989,0.079745,-0.481103,0.969961,-0.128791,0.793548,0.956041,0.071585,0.459991,0.144494,-0.816865,0.904836,-0.086727,0.788126,0.311211,-0.789618,-0.165894,-0.608304,-0.660280,0.430177,-0.939960,0.932281
0.000000,0.000000,0.000000,0.000000,0.000000,0.000000,0.000000,0.000000,0.000000,0.000000,0.000000,0.000000,0.000000,0.000000,0.000000,0.000000,0.000000,0.000000,0.000000,0.000000,0.000000,0.000000,0.000000,0.000000,0.000000,0.000000,0.000000,0.000000,0.000000,0.000000,0.000000,0.000000,0.000000,0.000000,0.000000,0.000000,0.000000,0.000000,0.000000,0.000000,0.000000,0.000000,1.624808,-0.020485,-0.401142,-0.828768,0.176485,-0.310491,0.248145,0.111540,-0.566178,-0.076692,-0.383874,-0.520552,0.539409,-0.976187,-0.462234,0.062171,-0.047708,0.880331,0.687315,0.503205,0.028156,-0.142187,-0.926861,0.643336,-0.138574,-0.358065,0.213269,0.508276,0.046103,-0.700834,0.843293,-0.774301,0.939143,-0.115046,0.893246,0.829300,-0.187465,0.600051,-0.820455,-0.834531,-0.288087,0.219570,-0.981358,0.030350,0.951294,0.716891,-0.535059,0.056138,-0.657182,-0.473480,0.846002,0.995556,-0.514878,-0.575864,-0.232281,-0.108287,-0.821503,-0.704583,-0.150345,-0.529159,0.689870,0.503093,0.072677,-0.134741,0.661976,-0.668009,0.774776,-0.901845,0.846789,-0.722380,0.624198,-0.963910,0.630156,0.168142,-0.961931,0.548420,-0.796885,0.079811,-0.335992,0.518337,0.706443,-0.071447,0.515880,0.833250,0.378401,-0.356019,-0.073376,-0.540005,-0.083183,-0.508219,0.614499,0.219835,0.266492,-0.779473,-0.997079,0.578373,0.084613,0.863107,0.074478,-0.570643,0.396953,0.401966,-0.868935,0.387302,-0.574944,-0.490959,-0.937171,0.254744,0.463459,-0.539017,0.585078,0.524063,-0.180468,-0.863550,-0.439629,-0.669142,0.917636,0.635489,-0.843247,0.026920,-0.466227,-0.935764,-0.355397,-0.744829,-0.554536,-0.346919,-0.182219,-0.063115,0.040395,-0.259998,-0.003301,-0.164283,0.928878,-0.864718,0.171903,-0.612706,-0.249124,0.092932,0.519619,0.955462,-0.012757,-0.486042,0.583150,-0.556855,0.015681,0.693423,-0.192403,0.113956,-0.760900,-0.888064,0.972565,-0.642209,-0.328902,0.009370,-0.251057,-0.805322,-0.606172,-0.013105,-0.122397,0.596388,-0.376424,0.880630,-0.434379,-0.337403,0.898627,0.680967,-0.366064,-0.209431,0.684521,-0.827821,-0.410647,0.063112,0.657808,0.129233,-0.020442,0.924235,-0.767179,0.560132,-0.745930,0.465655,0.086179,-0.470708,0.086674,0.758832,-0.055633,-0.986843,-0.886789,0.265274,0.355863,-0.196450,-0.514439,0.431933,-0.391678,-0.851977,-0.180779,0.078277,0.931258,0.184443,-0.583360,0.664387,-0.417036,0.918556,-0.349375,0.819036,0.757908,0.727985,-0.921229,0.699740,0.442600,-0.331403,-0.019803,0.279830
0.000000,0.000000,0.000000,0.000000,0.000000,0.000000,0.000000,0.000000,0.000000,0.000000,0.000000,0.000000,0.000000,0.000000,0.000000,0.000000,0.000000,0.000000,0.000000,0.000000,0.000000,0.000000,0.000000,0.000000,0.000000,0.000000,0.000000,0.000000,0.000000,0.000000,0.000000,0.000000,0.000000,0.000000,0.000000,0.000000,0.000000,0.000000,0.000000,0.000000,0.000000,0.000000,0.000000,2.858842,0.560169,-0.142999,0.290841,-0.628258,-0.152115,0.582603,0.213179,0.566498,0.019633,-0.239713,0.485081,-0.812490,0.957214,0.896748,0.760737,0.768556,0.022112,-0.004109,0.640164,-0.433487,0.699828,-0.598240,0.758215,0.082170,0.686422,-0.013714,0.216864,0.853572,-0.163575,-0.559427,-0.818039,0.179958,0.222170,0.241410,-0.925668,-0.945169,0.790834,0.391004,-0.773366,-0.850726,-0.676286,0.613838,0.446172,0.277306,0.281582,0.717748,-0.333083,-0.355540,-0.149146,0.979352,0.109798,0.093802,0.619188,-0.643871,-0.189198,0.282725,0.976034,-0.691061,-0.095946,0.811164,0.451062,0.227560,-0.485783,-0.625579,-0.251575,-0.489784,0.616952,0.441407,0.670396,-0.657835,-0.380061,0.537103,-0.672903,-0.708790,-0.233882,-0.627126,-0.842195,-0.374451,0.751199,-0.886934,0.132210,0.126008,0.061681,0.011017,-0.965527,-0.905098,0.022414,0.936619,-0.184048,-0.055346,0.964126,0.558227,0.540220,0.009471,0.795825,0.162353,0.313395,0.575111,-0.186830,0.906541,0.976014,0.174276,-0.555889,0.549804,-0.355723,0.154207,-0.826593,0.614781,0.918174,-0.811557,0.463198,0.721678,-0.780988,-0.506407,-0.216258,0.673521,-0.013137,-0.726073,-0.487258,-0.065244,-0.921472,0.261994,-0.949356,0.561743,0.467702,0.730880,-0.684575,0.205170,0.562055,0.031498,-0.738391,-0.802149,0.211795,-0.004785,0.859120,0.667682,0.447498,0.964794,0.389221,-0.815275,-0.844874,0.631738,-0.278593,0.848568,-0.763505,-0.602426,0.546335,0.694949,0.734393,-0.801721,-0.236395,0.292773,0.837591,-0.521970,0.200686,-0.712961,0.494557,-0.744951,0.999965,-0.815466,0.370674,0.554078,-0.484020,-0.490343,0.192294,0.260949,0.441052,0.160588,-0.651066,0.848287,-0.666777,0.130477,0.840006,0.825939,-0.664187,-0.522795,0.203701,-0.325671,0.461766,0.044809,-0.467820,-0.177924,0.382222,0.570283,-0.260878,-0.790029,-0.293446,0.260941,0.519664,0.759318,0.923884,0.058728,0.760415,-0.475844,0.119303,0.078770,0.537388,0.546246,-0.429314,0.771723,0.782986,0.896483,-0.084711,0.974829,0.569823,0.306375,-0.135484,0.684862,0.528275,0.171117
0.000000,0.000000,0.000000,0.000000,0.000000,0.000000,0.000000,0.000000,0.000000,0.000000,0.000000,0.000000,0.000000,0.000000,0.000000,0.000000,0.000000,0.000000,0.000000,0.000000,0.000000,0.000000,0.000000,0.000000,0.000000,0.000000,0.000000,0.000000,0.000000,0.000000,0.000000,0.000000,0.000000,0.000000,0.000000,0.000000,0.000000,0.000000,0.000000,0.000000,0.000000,0.000000,0.000000,0.000000,2.992865,-0.501077,0.283508,-0.357746,-0.084314,-0.322107,-0.330890,-0.246348,-0.886641,-0.920278,0.449845,-0.378183,-0.957571,-0.837038,-0.608302,-0.903575,0.892294,0.136722,-0.211951,0.065424,-0.774360,0.403691,0.939181,-0.738686,-0.694800,0.257327,-0.696140,-0.747894,0.340968,0.237315,-0.564526,0.646358,-0.789498,-0.334850,0.477735,0.227802,0.200142,0.372548,0.292925,0.748541,0.137535,-0.197431,0.532179,-0.481521,0.519184,-0.440032,-0.039238,0.478387,0.255318,-0.828622,-0.106881,0.623711,0.993530,-0.066404,-0.828149,-0.267629,-0.020154,-0.853143,0.728518,0.077582,-0.167769,-0.205631,-0.943383,0.037751,-0.048848,-0.308229,0.317355,-0.177936,0.143528,0.770085,-0.272227,-0.204152,0.731808,-0.283812,-0.121274,0.601624,0.183734,0.867772,-0.058674,-0.041947,-0.914143,-0.605394,0.079999,-0.625779,-0.092833,-0.433366,-0.958373,-0.049781,0.292540,-0.323533,0.553054,-0.707892,-0.817417,0.869683,0.843313,-0.186912,-0.160136,0.702071,0.061042,-0.765772,-0.770253,-0.737739,0.561530,0.203793,-0.400468,-0.675853,-0.753073,0.482775,0.771725,0.062157,0.545420,-0.433743,0.171328,-0.123922,-0.824612,-0.025266,0.693573,-0.896435,-0.045788,0.746526,0.580144,-0.013100,-0.657311,0.697052,-0.693731,-0.446359,-0.751450,-0.081982,0.258396,0.654237,-0.077325,0.941441,0.191714,0.208820,-0.649424,-0.619768,0.153252,0.441759,-0.590587,-0.031965,-0.287600,-0.122472,-0.555738,-0.718554,-0.358998,0.737833,0.610452,-0.796692,-0.824383,-0.014098,-0.445236,0.646852,-0.027638,0.705415,-0.783602,0.940154,0.534203,0.463753,0.880432,-0.059395,-0.702222,-0.006199,0.630448,0.719086,-0.022909,0.464604,-0.506095,-0.538906,0.172519,-0.156498,-0.677895,0.522725,0.064295,0.040785,-0.621381,-0.517719,0.385416,0.703806,-0.645576,0.624691,0.576190,0.629824,0.163488,-0.296316,0.542042,-0.040109,-0.556272,-0.195226,-0.084566,0.010690,0.795127,-0.177670,-0.430378,0.924696,-0.516104,-0.977767,0.699642,0.908892,0.364264,-0.184701,0.087509,0.664003,0.770681,-0.794948,0.735993,0.234700,-0.935443,-0.783029,-0.908932,0.897117
0.000000,0.000000,0.000000,0.000000,0.000000,0.000000,0.000000,0.000000,0.000000,0.000000,0.000000,0.000000,0.000000,0.000000,0.000000,0.000000,0.000000,0.000000,0.000000,0.000000,0.000000,0.000000,0.000000,0.000000,0.000000,0.000000,0.000000,0.000000,0.000000,0.000000,0.000000,0.000000,0.000000,0.000000,0.000000,0.000000,0.000000,0.000000,0.000000,0.000000,0.000000,0.000000,0.000000,0.000000,0.000000,1.566295,0.431231,-0.996565,0.586344,-0.035929,0.847205,0.041795,0.577600,0.258933,0.041077,0.896488,-0.008802,0.784777,-0.927845,0.314838,0.823323,0.798551,-0.029893,-0.055806,0.621027,-0.329968,0.874323,-0.498632,-0.851204,0.543848,-0.190551,-0.288445,-0.358180,0.960884,0.143353,0.983829,-0.312838,-0.172062,-0.576475,-0.139272,-0.875989,-0.998884,-0.093853,0.492048,-0.125870,0.036011,-0.108768,0.053609,0.551208,0.607573,0.676116,-0.575140,-0.084311,0.662011,0.883758,0.085967,-0.014000,0.529190,0.983389,-0.148136,-0.669801,0.668614,0.420850,-0.709848,-0.352981,0.106447,0.462931,0.561293,-0.688537,-0.566499,0.488245,-0.767775,-0.003680,0.091984,-0.321291,0.592672,-0.889168,0.554889,0.292065,0.014435,0.744745,-0.595507,0.601548,-0.624451,0.980892,-0.934470,0.106395,-0.663966,-0.184050,-0.704107,-0.612349,-0.878039,-0.983993,0.438612,-0.093079,-0.908816,0.877940,0.331220,-0.471454,-0.122610,-0.021467,0.139856,0.714901,0.179801,0.957452,0.453618,0.977034,0.101498,0.356898,0.475797,0.509494,-0.951141,-0.745051,-0.544555,-0.457011,0.810736,0.445206,-0.713437,-0.147290,-0.513757,0.659727,0.835594,-0.671420,-0.166858,0.905674,0.314179,0.736194,-0.284613,-0.580595,0.382607,-0.725147,0.679804,0.509674,-0.390187,-0.002577,0.598388,0.869821,-0.295679,0.579984,-0.611066,0.807080,0.372500,-0.694521,0.479658,0.448115,0.484595,-0.310245,0.479600,0.653140,-0.305742,-0.584085,0.775760,0.241388,-0.079226,0.759488,-0.727989,0.621169,-0.018357,-0.914951,0.945225,0.556133,-0.570488,0.847391,0.870691,0.600931,-0.745659,-0.627237,0.508066,0.827612,-0.569964,-0.078344,-0.690412,-0.043984,0.285058,-0.962890,0.285854,0.279500,-0.089983,0.790805,-0.730362,-0.897376,-0.008338,0.066069,-0.466622,0.923255,-0.492546,-0.459676,0.621973,0.845647,0.072279,-0.961892,-0.289130,-0.552120,0.022036,0.365144,-0.215127,0.074720,0.519721,-0.507706,-0.608064,0.611270,-0.925953,-0.698807,-0.975287,0.110770,0.200171,0.062061,-0.171462,0.058058,-0.612124,0.652485,0.961546,0.081246,-0.251289
0.000000,0.000000,0.000000,0.000000,0.000000,0.000000,0.000000,0.000000,0.000000,0.000000,0.000000,0.000000,0.000000,0.000000,0.000000,0.000000,0.000000,0.000000,0.000000,0.000000,0.000000,0.000000,0.000000,0.000000,0.000000,0.000000,0.000000,0.000000,0.000000,0.000000,0.000000,0.000000,0.000000,0.000000,0.000000,0.000000,0.000000,0.000000,0.000000,0.000000,0.000000,0.000000,0.000000,0.000000,0.000000,0.000000,2.479457,-0.613856,-0.358453,0.879961,-0.627412,-0.775769,0.092707,0.174835,0.194300,-0.671044,0.442289,-0.515438,0.896205,-0.544086,-0.965377,0.135690,-0.594304,0.257148,-0.541573,-0.143831,-0.640971,-0.142377,-0.726959,-0.324054,-0.602137,0.632204,0.458708,-0.666361,-0.834191,-0.948511,-0.546656,-0.039645,-0.200234,0.942998,0.584491,-0.843627,-0.682135,-0.946802,-0.723547,0.058834,-0.846524,-0.880264,-0.763677,0.338827,-0.961284,0.939252,-0.238427,-0.326825,-0.050374,0.035724,-0.159973,-0.027348,-0.320532,-0.355985,-0.945369,0.343601,0.234544,0.337641,0.882110,-0.053831,0.763541,-0.112114,-0.044772,0.265905,-0.568197,-0.565288,0.019664,-0.862780,-0.526684,0.586824,-0.072533,-0.946756,-0.878517,0.839031,0.913437,0.282208,-0.630110,-0.263828,-0.389066,0.570313,0.074179,0.559313,-0.278979,0.739023,-0.141675,-0.165252,-0.021803,0.183612,0.788224,-0.084489,0.860272,-0.212663,-0.350855,-0.409909,-0.957696,0.698288,-0.841533,-0.331337,-0.499086,0.488873,0.865174,0.633420,-0.360003,-0.088485,-0.505926,0.847960,-0.762511,0.903909,0.627314,0.423155,0.547987,-0.321306,-0.408227,-0.237158,-0.636774,0.492720,-0.049912,0.771620,0.756763,-0.688292,-0.562363,-0.178720,-0.762371,0.378868,0.475191,0.442701,-0.059579,0.686432,0.211691,0.987224,0.630876,0.444518,-0.753394,0.665200,-0.388856,-0.162171,-0.074479,-0.337379,-0.783122,-0.601272,0.606933,0.304540,0.885683,0.642137,-0.195560,0.572412,0.152858,-0.427398,0.950179,0.856982,-0.775603,0.678843,-0.844627,0.857638,0.248332,-0.666836,0.634525,0.031564,-0.880900,0.596855,0.576676,-0.035880,0.462219,-0.919703,-0.363787,0.346445,-0.538789,-0.099177,0.863894,0.653504,0.115993,0.153433,0.774012,0.726118,-0.823407,-0.068845,-0.618293,-0.833560,-0.415209,0.221288,0.588741,0.824953,-0.154088,-0.155354,-0.693495,-0.610317,-0.795010,0.951801,-0.744805,0.513285,-0.364471,0.074296,0.745420,0.872335,-0.519539,0.822539,-0.495895,0.609594,-0.969499,0.070463,0.451625,0.677878,0.682258,-0.402264,0.706299,-0.352706,-0.532465,-0.997053
0.000000,0.000000,0.000000,0.000000,0.000000,0.000000,0.000000,0.000000,0.000000,0.000000,0.000000,0.000000,0.000000,0.000000,0.000000,0.000000,0.000000,0.000000,0.000000,0.000000,0.000000,0.000000,0.000000,0.000000,0.000000,0.000000,0.000000,0.000000,0.000000,0.000000,0.000000,0.000000,0.000000,0.000000,0.000000,0.000000,0.000000,0.000000,0.000000,0.000000,0.000000,0.000000,0.000000,0.000000,0.000000,0.000000,0.000000,1.089288,-0.763122,0.349873,-0.710425,0.170767,-0.747064,0.408837,-0.428909,-0.382607,0.280771,0.877891,0.983202,-0.285473,0.892653,0.224643,0.812937,-0.944296,-0.933654,-0.850852,0.608786,-0.724087,-0.646830,0.170800,0.914892,0.134225,0.465192,-0.624531,0.828348,-0.888247,-0.434362,-0.092552,-0.547656,0.327522,0.357585,-0.576284,-0.982817,-0.851366,-0.999144,0.810787,0.243331,-0.723129,-0.814974,0.635190,0.622079,0.854759,-0.681453,0.044550,-0.757048,0.591279,-0.175030,0.391651,-0.939373,0.555862,-0.541027,0.685609,-0.628283,0.580194,-0.731789,0.326834,0.558517,-0.227534,-0.511335,-0.310945,-0.406817,0.266133,-0.910877,-0.917127,-0.424455,-0.446053,-0.645860,0.433630,-0.952474,0.848470,0.514974,-0.194085,0.717869,0.236307,0.140459,-0.373964,0.326209,-0.720611,0.049799,-0.767780,-0.109706,0.232542,-0.688993,-0.555761,0.626515,-0.488574,-0.808888,-0.338620,0.870280,0.387565,0.150869,0.680839,0.320375,0.622291,0.314314,0.728516,0.248016,-0.470250,-0.917764,-0.789360,0.024892,0.943537,0.518923,0.550885,0.327574,0.806976,0.470919,-0.483273,-0.001035,-0.191314,-0.669218,-0.555246,-0.429686,-0.652713,-0.565383,0.832787,-0.313522,0.655033,-0.871220,0.963619,0.529583,0.813432,0.051823,0.269076,-0.278362,-0.135938,0.501486,-0.900063,-0.926897,0.749842,-0.779985,0.442060,-0.600914,-0.267582,-0.412900,-0.019329,0.653323,0.751068,-0.555911,-0.324703,0.673834,-0.820730,-0.766206,-0.040837,0.580289,-0.328048,-0.861136,0.935735,0.877823,0.303803,0.363753,0.867391,0.287727,0.576825,-0.072968,-0.543995,0.665064,0.368764,-0.420876,0.246551,0.632968,-0.459310,0.536304,-0.855313,0.249898,0.997867,0.732749,0.751316,0.360714,-0.077626,0.354431,-0.357615,0.105537,0.079360,0.087461,-0.176025,-0.294396,-0.339291,-0.550538,-0.122906,-0.764509,0.803147,-0.860632,0.674837,-0.517503,0.706438,0.440532,0.841950,0.740466,0.402175,-0.696642,0.098091,-0.320344,0.771551,0.744457,-0.371925,0.343399,-0.323430,0.356381,0.227742,0.021896,0.756812,-0.507899,0.594933
0.000000,0.000000,0.000000,0.000000,0.000000,0.000000,0.000000,0.000000,0.000000,0.000000,0.000000,0.000000,0.000000,0.000000,0.000000,0.000000,0.000000,0.000000,0.000000,0.000000,0.000000,0.000000,0.000000,0.000000,0.000000,0.000000,0.000000,0.000000,0.000000,0.000000,0.000000,0.000000,0.000000,0.000000,0.000000,0.000000,0.000000,0.000000,0.000000,0.000000,0.000000,0.000000,0.000000,0.000000,0.000000,0.000000,0.000000,0.000000,2.223769,-0.437464,-0.156628,-0.861972,0.195153,0.775782,-0.764363,-0.736003,-0.050866,-0.437540,-0.446142,0.277340,-0.179487,0.689295,-0.142188,0.230551,-0.204217,-0.487953,-0.057336,0.440961,0.905618,-0.915666,0.063654,0.271932,-0.828559,0.658342,-0.448096,0.749824,0.105214,-0.695842,0.478442,-0.685543,0.440757,0.616396,0.151058,-0.457815,-0.125324,0.056041,0.331562,0.267851,-0.199151,0.516333,0.542833,0.392662,-0.455691,-0.061207,-0.134486,0.633584,0.616360,0.732162,-0.537648,0.496909,0.740798,-0.667019,-0.920126,-0.788983,0.212405,-0.156704,-0.609897,0.056607,0.571045,0.711635,0.503442,0.771023,0.208371,0.674147,-0.165626,0.704957,0.791626,0.372816,-0.137907,-0.436652,-0.349641,-0.735290,-0.905676,-0.171164,-0.914663,0.761176,0.299916,0.687334,-0.111167,-0.552094,-0.419442,0.709466,-0.756214,0.396532,-0.548620,-0.293660,-0.993906,-0.041822,-0.743294,0.719295,-0.804544,-0.499263,-0.970403,0.985755,0.282875,0.287154,0.037722,0.736111,-0.711624,0.585704,0.614247,-0.927743,-0.734646,0.094298,-0.819617,-0.435268,-0.192654,-0.685565,0.408293,-0.009877,0.279633,-0.051401,-0.175031,-0.015222,0.799030,-0.207922,0.284525,0.667925,0.242175,-0.547871,-0.756081,0.181754,0.454791,0.537474,0.387604,-0.993092,0.547681,0.209245,0.976363,0.529175,-0.139586,0.352300,0.231871,-0.325213,0.067058,-0.591238,-0.824340,0.466049,-0.231743,0.511427,-0.023326,0.619579,0.479218,0.528262,-0.141337,0.922359,-0.189491,0.586288,-0.020822,-0.529829,0.257828,-0.061781,-0.471860,-0.234937,-0.680125,0.974091,0.286367,-0.652910,0.529177,0.203757,0.445102,0.168973,-0.879066,-0.593521,0.537489,0.508701,0.507751,-0.969571,0.610302,-0.121744,0.387323,-0.455841,0.539057,0.964564,-0.492922,0.568395,0.209901,-0.453808,-0.411286,0.463275,-0.431308,-0.904413,0.747921,0.177899,0.516947,0.206447,0.032915,0.539965,-0.935687,-0.376227,0.254937,0.887949,-0.212699,0.950582,0.510564,-0.030207,-0.141683,-0.741115,0.230388,-0.895293,-0.141851,-0.524582,0.912572,-0.273472
0.000000,0.000000,0.000000,0.000000,0.000000,0.000000,0.000000,0.000000,0.000000,0.000000,0.000000,0.000000,0.000000,0.000000,0.000000,0.000000,0.000000,0.000000,0.000000,0.000000,0.000000,0.000000,0.000000,0.000000,0.000000,0.000000,0.000000,0.000000,0.000000,0.000000,0.000000,0.000000,0.000000,0.000000,0.000000,0.000000,0.000000,0.000000,0.000000,0.000000,0.000000,0.000000,0.000000,0.000000,0.000000,0.000000,0.000000,0.000000,0.000000,1.723134,-0.249014,-0.725580,-0.294836,0.557998,0.242391,-0.125170,0.641141,-0.991703,0.653202,-0.880929,0.740544,0.895144,0.638339,-0.960812,0.052416,0.657593,0.090033,-0.280127,-0.058609,-0.838612,-0.007373,-0.944306,0.288231,-0.219095,-0.617314,-0.965234,0.844238,0.112638,0.293907,0.558715,0.253181,-0.173792,0.255176,-0.494967,0.122703,-0.588825,0.834846,0.019135,-0.532319,0.279265,-0.819361,-0.131962,0.731929,0.535717,0.406879,-0.058793,-0.106242,-0.977381,0.200076,0.154017,-0.989442,-0.725913,-0.975128,-0.493642,-0.992294,-0.165261,-0.047214,-0.125837,-0.601222,0.047118,0.628189,-0.417569,-0.374849,0.085652,-0.532491,-0.324427,-0.095126,-0.227395,0.636465,0.697987,-0.194243,-0.104427,0.913788,0.006175,0.986064,0.525606,-0.471536,-0.541815,-0.681871,0.612291,-0.386276,0.351585,0.080272,0.651995,0.501635,-0.872502,-0.323145,0.040197,0.607278,0.428055,0.098808,0.616751,-0.130143,-0.888681,0.741071,0.053187,0.616806,-0.215837,0.177105,-0.337814,-0.180850,-0.705204,0.483207,-0.439431,-0.396538,-0.291622,-0.135748,0.152328,0.365613,0.351379,-0.152638,-0.036219,-0.719359,0.043012,0.754113,-0.079100,0.876027,-0.688433,0.473819,0.415978,0.363058,0.325714,-0.955383,0.484245,-0.000631,0.048372,-0.898255,-0.623238,0.822014,-0.368943,-0.212240,-0.621593,0.264382,0.481402,0.842524,0.124127,-0.448739,-0.858073,-0.467781,0.236729,0.948207,-0.841604,-0.223267,0.334471,0.149142,0.303385,-0.073583,-0.465927,-0.034495,-0.236928,0.418595,-0.656750,-0.007704,0.918125,0.063588,-0.525581,0.871701,-0.511685,0.502360,-0.780937,0.704179,-0.638851,-0.211641,0.931241,0.158789,-0.472008,-0.998746,-0.986422,-0.450825,0.053710,-0.030217,0.843763,0.528188,0.849471,0.023556,-0.106667,0.132177,-0.255708,-0.578377,0.673321,0.361063,-0.348684,-0.107438,-0.549104,0.125678,-0.283284,0.751151,0.056726,-0.176539,0.499240,0.810203,0.634838,-0.010166,-0.287113,0.324259,0.633736,0.957279,-0.085498,0.336480,-0.413793,-0.825073,-0.493885,-0.971020,0.018855
0.000000,0.000000,0.000000,0.000000,0.000000,0.000000,0.000000,0.000000,0.000000,0.000000,0.000000,0.000000,0.000000,0.000000,0.000000,0.000000,0.000000,0.000000,0.000000,0.000000,0.000000,0.000000,0.000000,0.000000,0.000000,0.000000,0.000000,0.000000,0.000000,0.000000,0.000000,0.000000,0.000000,0.000000,0.000000,0.000000,0.000000,0.000000,0.000000,0.000000,0.000000,0.000000,0.000000,0.000000,0.000000,0.000000,0.000000,0.000000,0.000000,0.000000,1.432890,0.356550,0.230628,-0.664267,0.347643,-0.625200,-0.988094,0.940385,-0.946030,-0.316502,0.275022,-0.259251,-0.237582,0.445455,0.204308,0.036755,0.772633,-0.783773,-0.060465,-0.521867,-0.926384,0.958067,0.468054,-0.567629,-0.195131,-0.547952,0.369711,-0.299106,0.839725,-0.584890,-0.300348,0.863629,0.769362,-0.413660,-0.033863,0.767410,0.341269,0.274559,0.321117,0.841962,0.034348,-0.636440,-0.054552,0.457777,-0.015731,-0.373475,0.332660,-0.099540,0.925641,-0.295719,0.434974,0.110144,-0.844870,-0.060484,-0.941673,0.579663,0.469060,-0.898976,-0.000611,0.923079,-0.430722,0.808607,-0.697815,-0.986795,0.061043,-0.521513,0.758448,0.347844,0.373781,0.346561,0.357915,0.494230,0.339775,0.668551,0.116244,-0.298624,-0.066306,-0.119530,-0.334987,-0.169064,-0.230026,-0.777719,0.661105,0.512931,-0.324923,0.890264,0.898725,0.713439,-0.941254,-0.257564,-0.085327,0.437433,0.269625,0.356757,0.534427,0.896871,0.103017,0.808085,0.629638,-0.324152,0.627341,-0.765309,-0.682481,0.984757,-0.142623,-0.078764,0.902062,-0.276320,-0.526067,-0.844357,0.045240,-0.600622,-0.870388,0.626139,-0.342806,0.158780,-0.790709,0.011165,0.263680,-0.100273,-0.325036,-0.378090,-0.781232,-0.768618,-0.008608,-0.722341,-0.553098,-0.670365,0.604969,-0.100566,0.105179,0.165916,-0.207230,-0.403138,-0.235109,0.069646,-0.282845,-0.726768,0.827374,0.464812,-0.867460,0.811400,-0.659070,-0.804540,-0.653566,0.866068,-0.557411,0.573984,0.286076,0.036446,-0.268813,-0.814132,0.421310,-0.210437,0.069972,-0.896476,0.551876,0.384543,0.058601,-0.007385,-0.325938,-0.315192,-0.863068,0.373427,-0.910054,-0.997162,-0.938038,-0.593105,0.140391,0.362318,-0.158523,-0.182723,0.153572,0.193655,0.689995,0.638176,0.647052,0.688346,0.759661,0.110634,0.190334,0.454452,-0.601985,-0.279078,0.825306,0.045525,-0.896425,-0.188880,-0.678422,-0.287426,0.089952,0.010273,-0.019062,-0.963322,-0.109790,-0.942072,-0.190278,0.294000,-0.748191,0.833545,0.261023,-0.564803,-0.211825,-0.806185
0.000000,0.000000,0.000000,0.000000,0.000000,0.000000,0.000000,0.000000,0.000000,0.000000,0.000000,0.000000,0.000000,0.000000,0.000000,0.000000,0.000000,0.000000,0.000000,0.000000,0.000000,0.000000,0.000000,0.000000,0.000000,0.000000,0.000000,0.000000,0.000000,0.000000,0.000000,0.000000,0.000000,0.000000,0.000000,0.000000,0.000000,0.000000,0.000000,0.000000,0.000000,0.000000,0.000000,0.000000,0.000000,0.000000,0.000000,0.000000,0.000000,0.000000,0.000000,0.555158,0.831723,0.350368,0.559292,0.244346,0.813531,0.791838,-0.883683,-0.621060,-0.208420,-0.317821,0.051145,-0.466936,0.594918,-0.985012,0.583026,-0.213259,-0.989730,0.694129,-0.106491,0.449453,0.756897,-0.931375,-0.475676,-0.762217,-0.803980,0.891282,0.611139,-0.270550,0.374586,0.838891,-0.558373,-0.971699,0.648217,0.445397,-0.679485,-0.020708,-0.679132,0.205228,0.295140,-0.446635,0.561674,-0.052807,0.412716,0.279622,-0.098482,-0.414565,-0.591391,0.491888,0.283887,-0.438116,0.934198,0.620678,-0.746395,-0.674873,0.088096,-0.795241,0.928676,0.276047,-0.867652,-0.113029,-0.556063,-0.019099,-0.505949,0.663592,0.442198,0.813156,-0.604085,-0.229216,0.610933,-0.252307,-0.241823,0.972077,0.541726,0.721635,-0.186054,0.171837,-0.098893,-0.099413,-0.744602,0.684266,-0.218915,0.163649,0.714144,0.546955,-0.603524,0.237023,-0.008538,-0.479696,-0.918284,0.259583,0.559710,0.883437,-0.290032,-0.201566,-0.673989,0.969232,0.699174,0.915207,-0.009306,-0.580437,0.146369,-0.255816,-0.304271,-0.835271,-0.853702,-0.242403,0.852397,0.446047,0.521117,-0.531419,0.469059,-0.187362,-0.881219,-0.210373,-0.737492,0.707399,0.680588,-0.425062,0.223845,-0.272481,-0.691548,0.298815,0.520213,0.549445,-0.701559,0.025157,-0.952201,-0.819661,-0.837898,-0.885618,-0.332461,-0.284641,0.395741,-0.340241,-0.719208,0.893751,0.750953,-0.751548,-0.274443,-0.663831,0.918223,-0.288045,-0.803765,0.453688,0.423435,-0.517931,-0.357076,-0.169962,-0.464600,-0.422225,0.603181,0.503701,0.385258,0.373547,0.043764,-0.298157,0.441090,-0.767265,-0.717859,-0.747470,0.465436,0.183082,-0.099679,-0.047537,0.655119,-0.756640,-0.233511,0.520332,0.315679,-0.129707,-0.551318,0.892882,-0.184161,0.755670,0.555661,0.723060,-0.966156,-0.045217,-0.481132,-0.451957,-0.460319,-0.221373,-0.178591,0.268080,-0.399271,-0.454446,-0.278784,0.373029,-0.999658,0.493856,-0.322062,0.152480,0.523045,0.021670,0.294302,0.839881,-0.940267,-0.300942,0.853708,0.674860,0.233656,-0.541394
0.000000,0.000000,0.000000,0.000000,0.000000,0.000000,0.000000,0.000000,0.000000,0.000000,0.000000,0.000000,0.000000,0.000000,0.000000,0.000000,0.000000,0.000000,0.000000,0.000000,0.000000,0.000000,0.000000,0.000000,0.000000,0.000000,0.000000,0.000000,0.000000,0.000000,0.000000,0.000000,0.000000,0.000000,0.000000,0.000000,0.000000,0.000000,0.000000,0.000000,0.000000,0.000000,0.000000,0.000000,0.000000,0.000000,0.000000,0.000000,0.000000,0.000000,0.000000,0.000000,1.326333,0.715913,0.396543,-0.428700,-0.735509,0.561541,0.152449,0.926876,-0.187018,-0.301946,-0.418488,-0.036240,-0.354541,-0.853619,-0.375742,-0.562228,0.630770,-0.528815,-0.082257,0.345476,-0.701546,0.062565,0.694374,0.168162,-0.035227,0.677758,0.894504,0.641971,-0.183181,0.223386,0.053283,-0.393383,-0.129360,0.658534,-0.399040,0.779114,0.982859,-0.386465,-0.754524,0.914349,-0.657870,0.542928,-0.921773,-0.528870,-0.479689,-0.405530,0.838608,-0.649381,-0.652722,0.383350,0.904634,-0.221431,0.546257,-0.937928,0.648127,0.446794,0.793231,0.274909,0.882673,-0.220285,0.465063,0.451128,-0.462784,0.841159,0.558354,0.732704,-0.274818,0.682510,-0.370047,0.928802,-0.952106,0.238375,-0.775521,0.437466,-0.272623,0.741281,0.745405,-0.263820,0.619964,0.362274,-0.146866,-0.313527,-0.579390,-0.873583,0.034719,0.080081,-0.111963,0.901194,-0.972620,0.700610,0.601643,0.517505,0.049831,-0.619289,0.725759,0.489189,0.665642,-0.528425,0.108750,-0.168082,0.279343,0.505215,-0.652569,-0.651924,-0.912786,-0.685630,-0.519654,-0.854963,-0.288618,0.350333,0.586146,-0.308367,-0.832350,0.518745,-0.217633,-0.497145,-0.058618,0.939729,-0.254720,0.918906,-0.493662,-0.788910,-0.685642,0.547563,0.075226,0.163845,0.935417,0.009675,-0.765958,0.437030,-0.584297,0.163076,0.708758,-0.045838,-0.371430,0.151093,-0.746097,-0.384872,0.008286,-0.491698,-0.921484,0.170282,-0.197505,-0.218779,0.993626,-0.776432,-0.691649,0.752524,-0.739477,0.835246,0.343922,0.056326,-0.443199,-0.281053,0.651909,-0.884991,0.537097,0.655641,0.411934,-0.890991,0.485310,0.446328,-0.973812,0.784567,-0.735608,0.921564,-0.858459,-0.523901,0.380484,-0.725517,-0.630065,-0.977657,0.652960,-0.924765,0.265146,0.164615,0.022481,-0.249685,-0.400875,0.913895,0.570717,0.845465,0.467796,0.658018,0.928351,-0.092711,0.813793,-0.913852,-0.784256,-0.019251,-0.092053,-0.123574,0.074383,0.076746,0.741129,-0.308174,-0.367518,0.403790,0.296954,0.659694,-0.381444,-0.987212
0.000000,0.000000,0.000000,0.000000,0.000000,0.000000,0.000000,0.000000,0.000000,0.000000,0.000000,0.000000,0.000000,0.000000,0.000000,0.000000,0.000000,0.000000,0.000000,0.000000,0.000000,0.000000,0.000000,0.000000,0.000000,0.000000,0.000000,0.000000,0.000000,0.000000,0.000000,0.000000,0.000000,0.000000,0.000000,0.000000,0.000000,0.000000,0.000000,0.000000,0.000000,0.000000,0.000000,0.000000,0.000000,0.000000,0.000000,0.000000,0.000000,0.000000,0.000000,0.000000,0.000000,2.860159,-0.911549,0.360026,-0.356336,-0.152934,0.676066,-0.160841,-0.711257,0.508870,-0.959577,-0.450534,0.076147,-0.124473,0.240457,-0.237305,-0.218831,-0.302685,0.774541,-0.965407,0.879284,-0.283557,-0.270234,0.451786,-0.223447,0.233290,0.807261,0.692396,0.030733,0.433304,-0.215131,0.552088,-0.659633,-0.908736,0.081465,-0.569323,0.457452,-0.797353,-0.983010,0.351407,0.001599,0.904031,-0.505029,-0.753488,-0.953788,-0.111505,-0.798366,0.551287,-0.856028,0.841510,0.081708,0.392744,-0.738166,-0.820989,-0.292632,0.040869,0.151004,-0.340423,-0.454675,0.962821,-0.454676,-0.724150,-0.281081,-0.392257,-0.156530,0.247427,0.206296,0.396580,-0.686630,-0.908111,0.581620,-0.565695,-0.368670,-0.088641,0.432613,-0.672831,0.804805,-0.356945,0.965325,-0.429175,0.451306,-0.246662,0.673175,-0.075187,0.741064,0.507877,0.172057,-0.500020,-0.480265,0.982844,0.850776,-0.723163,-0.591871,-0.786371,-0.597324,-0.419525,0.675254,-0.809635,0.764241,0.943860,-0.436520,-0.087532,0.058657,-0.588621,0.463153,0.159998,-0.775645,0.791965,-0.395615,-0.687505,0.963709,-0.794182,-0.880607,-0.524894,-0.361470,-0.132395,0.370340,-0.268573,0.118667,-0.988377,-0.230201,0.889937,0.549693,0.481601,-0.390968,-0.023648,0.689047,0.760311,0.421086,-0.086917,-0.853670,-0.761293,-0.999414,-0.281600,-0.953232,-0.129956,0.195083,0.191760,0.110595,-0.547658,0.038378,0.959672,-0.110764,0.748983,-0.237189,0.246089,-0.036322,0.377245,0.794756,-0.118199,0.514799,0.765079,0.579089,-0.950888,-0.999621,0.765919,0.458627,0.916264,-0.415035,0.575937,0.603044,0.714653,0.384056,-0.723384,0.361885,0.208967,-0.332656,-0.582773,0.770200,-0.716107,-0.155604,0.245597,0.943593,0.341953,-0.390244,-0.878676,-0.364594,-0.414427,0.638159,-0.246831,-0.803103,0.739955,-0.963891,-0.993981,-0.050494,-0.861559,-0.645796,0.970569,0.688730,0.528075,0.341586,-0.904369,0.671817,-0.057623,-0.803360,-0.398498,0.003936,-0.972611,-0.495161,-0.328153,-0.072417,-0.996037
0.000000,0.000000,0.000000,0.000000,0.000000,0.000000,0.000000,0.000000,0.000000,0.000000,0.000000,0.000000,0.000000,0.000000,0.000000,0.000000,0.000000,0.000000,0.000000,0.000000,0.000000,0.000000,0.000000,0.000000,0.000000,0.000000,0.000000,0.000000,0.000000,0.000000,0.000000,0.000000,0.000000,0.000000,0.000000,0.000000,0.000000,0.000000,0.000000,0.000000,0.000000,0.000000,0.000000,0.000000,0.000000,0.000000,0.000000,0.000000,0.000000,0.000000,0.000000,0.000000,0.000000,0.000000,1.913607,-0.604733,0.194501,-0.521699,-0.194563,0.247260,0.313145,-0.938809,0.070149,0.633283,-0.587154,0.063977,-0.104771,0.699870,-0.122474,0.887681,0.304857,0.122766,-0.416161,0.193051,-0.737507,-0.167512,-0.431144,0.340553,0.527992,0.857258,-0.555798,0.769501,0.691903,0.724863,0.480952,-0.464557,0.755744,0.199097,0.481223,-0.589485,-0.685179,-0.446297,0.022742,-0.166750,0.775216,-0.973963,-0.839903,-0.349180,-0.664536,-0.186499,0.435186,0.986836,-0.595851,-0.468051,0.537477,-0.455901,0.407500,0.166978,0.709788,-0.933326,0.959494,0.928501,-0.955224,-0.000981,-0.197148,-0.491674,0.955652,-0.650799,-0.472891,-0.983554,0.160446,0.721597,0.243826,0.303214,-0.867359,0.429614,-0.181991,-0.052575,0.170031,0.950729,0.496367,0.367854,-0.136214,-0.931099,0.077369,0.321762,0.408379,0.215762,-0.399266,-0.557937,-0.819812,0.405663,0.941572,0.050045,0.346365,0.385205,-0.677116,-0.616397,-0.583646,0.865683,-0.968840,0.082338,-0.245645,0.318701,-0.559016,0.922342,-0.337569,0.851854,0.178401,-0.171078,0.467771,0.106129,-0.722835,0.408978,0.158988,0.131290,0.476292,0.306960,-0.267515,-0.363022,-0.498362,0.150291,-0.400224,-0.759163,0.565395,-0.581736,-0.670246,0.698002,0.404256,0.532314,-0.299279,0.234872,0.864389,-0.434605,-0.862076,-0.658244,0.794933,-0.436938,-0.017494,0.069138,0.920027,-0.397042,0.042783,0.916249,-0.597310,0.195771,-0.872786,-0.474050,-0.861570,-0.339695,-0.587132,0.596831,-0.073209,-0.190000,0.384646,0.894399,-0.396913,-0.866498,-0.780440,0.714430,0.691710,-0.049269,-0.704714,0.052979,0.336844,-0.335527,-0.834964,-0.356117,0.381148,0.956735,-0.619820,0.829111,-0.086754,0.326436,0.727398,0.114921,-0.877077,-0.468443,0.605811,0.105784,-0.341851,0.166603,-0.462860,-0.517979,0.656786,-0.199865,-0.452022,-0.181647,0.841267,-0.638423,-0.629541,-0.292470,-0.879122,-0.850158,-0.978043,-0.707626,0.280775,-0.607148,-0.244420,0.411171,-0.936354,-0.581882,0.991776,0.193924
0.000000,0.000000,0.000000,0.000000,0.000000,0.000000,0.000000,0.000000,0.000000,0.000000,0.000000,0.000000,0.000000,0.000000,0.000000,0.000000,0.000000,0.000000,0.000000,0.000000,0.000000,0.000000,0.000000,0.000000,0.000000,0.000000,0.000000,0.000000,0.000000,0.000000,0.000000,0.000000,0.000000,0.000000,0.000000,0.000000,0.000000,0.000000,0.000000,0.000000,0.000000,0.000000,0.000000,0.000000,0.000000,0.000000,0.000000,0.000000,0.000000,0.000000,0.000000,0.000000,0.000000,0.000000,0.000000,2.149949,0.032096,0.931785,-0.711406,-0.865254,0.632332,-0.991807,0.123124,-0.997175,-0.303511,0.301773,0.094653,0.119725,-0.685308,-0.410535,0.420058,-0.953406,0.190567,0.034131,-0.312086,-0.330449,0.597894,-0.236006,-0.840281,0.924079,-0.739261,0.594908,-0.972113,-0.271203,0.030361,-0.940435,0.468173,-0.478837,0.082337,0.584655,0.182228,-0.088773,-0.327775,-0.909790,0.826042,0.183863,0.263071,-0.118975,-0.254576,-0.906691,-0.662017,-0.148903,-0.516591,-0.911116,0.092028,-0.071773,-0.157254,0.568459,0.199056,-0.997170,0.523820,-0.034825,0.033628,0.779146,-0.781561,0.198808,-0.435681,-0.926577,-0.125237,-0.432774,-0.997014,-0.014110,-0.377753,-0.131753,-0.976538,-0.196436,-0.059191,-0.067958,0.433852,0.982573,-0.944275,-0.207947,0.713435,0.251394,0.967203,0.426832,0.448495,-0.847831,-0.449490,0.167619,0.044785,0.525183,0.987315,-0.586391,-0.143202,0.733680,0.676298,0.634387,0.240787,0.986387,-0.284193,-0.767410,-0.734880,-0.128616,0.609900,-0.094308,0.222766,-0.283957,0.429662,-0.693717,0.040231,-0.629741,-0.062816,-0.139012,0.209124,0.019090,0.951482,0.800623,-0.411844,-0.757646,-0.870496,-0.604012,-0.555785,0.777363,0.849682,-0.539059,0.517462,0.671528,-0.244979,0.743188,0.977305,0.935590,0.483814,-0.256674,-0.545989,0.985740,-0.447651,-0.123235,-0.471751,-0.007762,-0.779238,0.618113,0.010214,-0.160995,-0.273711,0.159569,0.559776,0.805122,0.683037,-0.108974,0.667984,0.057231,0.276356,0.349121,-0.200636,-0.027894,0.385178,-0.384144,0.493827,-0.291794,0.170979,0.675245,-0.953590,-0.519320,0.122335,-0.787795,-0.588797,0.498179,-0.948354,0.220074,-0.931686,-0.768153,-0.219318,0.929537,0.091695,-0.375552,-0.177347,0.137544,0.238833,-0.464193,-0.605411,-0.009381,0.289703,0.633160,0.185591,0.384868,-0.032041,0.133439,0.270895,-0.527338,0.868148,-0.309322,0.209376,0.121908,0.706691,-0.772791,0.768462,-0.725970,-0.710939,0.724510,-0.485796,0.223573,-0.072779,0.868533
0.000000,0.000000,0.000000,0.000000,0.000000,0.000000,0.000000,0.000000,0.000000,0.000000,0.000000,0.000000,0.000000,0.000000,0.000000,0.000000,0.000000,0.000000,0.000000,0.000000,0.000000,0.000000,0.000000,0.000000,0.000000,0.000000,0.000000,0.000000,0.000000,0.000000,0.000000,0.000000,0.000000,0.000000,0.000000,0.000000,0.000000,0.000000,0.000000,0.000000,0.000000,0.000000,0.000000,0.000000,0.000000,0.000000,0.000000,0.000000,0.000000,0.000000,0.000000,0.000000,0.000000,0.000000,0.000000,0.000000,2.455210,-0.330012,0.626881,-0.548423,0.231143,0.503168,0.406317,0.313364,0.659938,0.112417,0.856696,-0.710380,-0.288583,0.565984,-0.383889,-0.114102,0.545759,0.077140,-0.624765,-0.650323,-0.397535,-0.393975,-0.726651,0.669321,-0.434747,0.604493,0.946900,-0.336077,0.940462,-0.617598,0.294907,0.982360,0.616744,-0.540598,-0.485335,-0.475139,0.885985,-0.509177,0.019231,-0.300221,-0.277461,-0.183564,-0.309910,0.199855,-0.149057,-0.117977,0.011988,-0.287643,0.509119,0.006965,0.018422,-0.580310,-0.938326,0.618550,0.710964,-0.517506,-0.279935,-0.283964,0.368425,-0.625528,0.957427,-0.876277,0.947535,-0.862436,-0.364972,-0.498613,-0.480731,0.989339,-0.083296,-0.760979,0.964560,-0.514669,-0.854906,-0.951639,-0.073538,0.836665,-0.966079,0.450353,-0.479156,-0.561879,0.407580,0.495747,0.118031,-0.595489,-0.987384,0.474556,0.199229,-0.154908,-0.572836,0.523869,-0.858209,0.285405,0.376797,-0.553485,-0.033350,0.040399,0.182564,0.802376,0.092830,-0.865363,-0.310056,0.256654,-0.333719,0.535880,-0.620189,-0.713990,-0.537935,0.752170,0.361869,0.040097,-0.399325,0.837182,0.777553,-0.201199,0.505448,0.827128,-0.373293,-0.342563,0.091613,-0.183267,0.522959,0.073861,-0.576289,-0.287225,0.342478,-0.893132,-0.315666,-0.967808,0.641734,-0.765620,-0.845591,0.573186,-0.820986,0.368525,-0.240273,0.643399,-0.634297,-0.831166,-0.543185,0.864270,0.658242,-0.428425,-0.587772,-0.686316,-0.557593,-0.589912,0.776376,-0.960028,0.760245,-0.917151,0.653670,-0.148506,-0.845589,0.598010,-0.487121,0.756056,0.504515,0.963541,0.663746,-0.518077,-0.181570,0.393261,-0.367870,0.093007,-0.524706,0.325902,-0.315732,-0.889644,0.935548,0.687807,-0.392566,-0.740750,0.470452,-0.558654,0.210908,0.558158,-0.455152,-0.430727,-0.876775,-0.360304,0.194902,-0.688406,0.906166,0.444831,-0.592198,0.061233,-0.217118,-0.235294,0.119976,-0.783699,-0.569373,-0.700639,-0.652042,0.310435,0.992330,0.302212,0.969447,0.154015
0.000000,0.000000,0.000000,0.000000,0.000000,0.000000,0.000000,0.000000,0.000000,0.000000,0.000000,0.000000,0.000000,0.000000,0.000000,0.000000,0.000000,0.000000,0.000000,0.000000,0.000000,0.000000,0.000000,0.000000,0.000000,0.000000,0.000000,0.000000,0.000000,0.000000,0.000000,0.000000,0.000000,0.000000,0.000000,0.000000,0.000000,0.000000,0.000000,0.000000,0.000000,0.000000,0.000000,0.000000,0.000000,0.000000,0.000000,0.000000,0.000000,0.000000,0.000000,0.000000,0.000000,0.000000,0.000000,0.000000,0.000000,1.208272,0.744610,-0.865618,-0.795144,0.895249,0.300370,0.857924,-0.734227,0.536522,-0.530379,-0.313292,0.797983,-0.177489,0.341073,0.774552,0.741748,-0.982185,-0.683569,0.837243,0.124832,-0.039600,-0.869484,-0.949896,0.906829,-0.052298,0.572835,-0.559997,-0.525856,0.120511,0.752052,-0.422840,-0.342400,0.101257,-0.919989,-0.242476,0.112566,-0.990346,0.276007,-0.898078,0.439918,0.603357,0.677590,0.346776,0.123141,-0.384877,-0.150773,-0.825888,0.414203,-0.950631,-0.173126,0.012421,0.300179,-0.313602,-0.114424,0.174752,0.846350,0.343944,-0.491131,0.694527,-0.889871,-0.455402,-0.783696,-0.105923,0.273854,0.061991,0.622524,0.134976,-0.534666,0.072844,0.470979,0.005907,-0.116061,0.058195,0.096116,-0.378886,0.708453,-0.584634,-0.934336,0.482984,0.684628,0.285473,-0.062110,0.950411,-0.258480,-0.188204,0.182225,-0.139146,0.110597,0.933127,-0.525003,-0.702874,-0.152898,0.007997,0.426393,0.910346,0.377341,0.974350,-0.507323,-0.582220,-0.386930,0.574248,-0.626971,-0.607620,-0.176528,-0.364911,0.292956,0.780334,-0.722679,0.093510,-0.823199,-0.557013,-0.381797,0.158206,0.109758,0.286133,0.637813,-0.625540,0.486765,0.334042,-0.840578,-0.310609,-0.944601,-0.819631,-0.432426,-0.513768,0.800348,0.787577,0.155735,0.470071,0.999203,-0.179615,0.044851,0.302300,0.841116,0.594033,-0.871156,0.425901,-0.496129,-0.490197,0.094476,0.392602,-0.681544,-0.370977,0.432242,-0.695996,0.699417,-0.087914,0.171981,-0.839203,0.909002,0.815065,-0.619843,0.326205,0.586234,-0.756065,0.154907,0.700908,0.013428,0.847571,-0.904396,0.838421,0.954436,-0.688116,-0.138100,0.241530,0.786477,-0.680948,-0.331944,0.595860,-0.179991,0.209887,0.120011,0.946343,-0.716938,0.896881,0.128301,0.808305,-0.764116,0.283006,0.680220,0.573763,-0.980123,-0.095589,-0.769307,-0.694350,0.412575,0.913159,0.268195,-0.795246,-0.512007,-0.242251,-0.749285,0.695936,-0.610990,-0.740898,0.451369,-0.746335
0.000000,0.000000,0.000000,0.000000,0.000000,0.000000,0.000000,0.000000,0.000000,0.000000,0.000000,0.000000,0.000000,0.000000,0.000000,0.000000,0.000000,0.000000,0.000000,0.000000,0.000000,0.000000,0.000000,0.000000,0.000000,0.000000,0.000000,0.000000,0.000000,0.000000,0.000000,0.000000,0.000000,0.000000,0.000000,0.000000,0.000000,0.000000,0.000000,0.000000,0.000000,0.000000,0.000000,0.000000,0.000000,0.000000,0.000000,0.000000,0.000000,0.000000,0.000000,0.000000,0.000000,0.000000,0.000000,0.000000,0.000000,0.000000,1.525799,0.031017,-0.839541,0.111576,-0.039672,0.336833,-0.561708,-0.286742,0.319311,-0.928807,-0.768410,-0.432896,-0.787287,-0.920975,0.974765,-0.088480,0.067368,-0.490190,-0.984626,0.501448,0.447506,0.945081,-0.957796,-0.725959,0.424282,-0.339853,-0.872454,-0.398084,-0.824566,0.675212,0.753866,0.273780,-0.228805,0.537578,0.263181,0.583964,0.021815,0.916690,-0.419933,0.208370,0.616105,0.787746,0.893497,-0.209978,0.398685,-0.419606,0.298759,-0.631547,-0.157098,0.840474,0.621813,-0.006988,-0.706309,-0.202857,-0.722642,-0.862945,0.813023,-0.017137,-0.821223,0.433337,-0.851637,-0.207669,-0.539419,-0.670739,0.067098,0.439379,-0.025621,0.641605,0.834774,0.614362,0.912983,0.858072,0.665034,-0.414735,-0.651336,0.454023,0.691058,0.646247,0.287245,0.659736,0.414332,0.330732,-0.906847,-0.079051,-0.932308,-0.815260,0.082009,-0.905042,0.826441,-0.099318,0.399933,-0.704410,0.695191,-0.043866,0.117552,0.296968,0.079797,0.126374,0.489047,0.612943,-0.387668,0.844099,-0.292207,-0.455349,-0.377139,-0.282970,-0.366139,0.687500,0.122305,0.935291,-0.832089,0.227960,-0.807951,-0.082300,-0.234530,0.361550,0.490890,-0.523813,-0.612570,-0.160979,-0.516025,0.353248,0.035395,0.653954,0.962544,-0.243784,0.823993,0.554344,-0.701753,0.671857,-0.036985,0.418322,0.405223,0.771931,0.522329,0.649247,-0.358176,0.946275,0.323184,0.547383,0.717763,-0.752434,-0.327178,0.671872,0.843964,0.512187,-0.035382,-0.497755,0.050055,-0.205400,0.771262,0.134530,-0.215867,-0.003040,0.867135,0.226517,-0.542041,0.000155,-0.068684,-0.379191,0.472599,-0.463426,-0.014902,-0.117907,-0.066275,0.133551,0.366595,-0.714000,-0.423350,0.545674,0.815491,-0.910686,-0.853269,0.867659,-0.704118,0.958578,0.656444,-0.758591,-0.794950,0.954594,-0.490354,0.077334,-0.527529,0.201349,0.680057,0.313818,-0.906767,0.190379,0.322033,-0.598204,0.524236,0.253787,-0.980906,0.901110,-0.108841,-0.535242
0.000000,0.000000,0.000000,0.000000,0.000000,0.000000,0.000000,0.000000,0.000000,0.000000,0.000000,0.000000,0.000000,0.000000,0.000000,0.000000,0.000000,0.000000,0.000000,0.000000,0.000000,0.000000,0.000000,0.000000,0.000000,0.000000,0.000000,0.000000,0.000000,0.000000,0.000000,0.000000,0.000000,0.000000,0.000000,0.000000,0.000000,0.000000,0.000000,0.000000,0.000000,0.000000,0.000000,0.000000,0.000000,0.000000,0.000000,0.000000,0.000000,0.000000,0.000000,0.000000,0.000000,0.000000,0.000000,0.000000,0.000000,0.000000,0.000000,0.715494,-0.251142,-0.384462,-0.404094,0.586402,0.291842,-0.733894,0.416148,0.446964,0.028537,0.991534,-0.433041,-0.883089,-0.942388,-0.358904,-0.004164,-0.843538,0.131597,0.801741,0.593726,0.344937,0.323463,0.460601,-0.011587,-0.196400,-0.386689,-0.800763,0.124325,-0.054964,-0.762194,-0.463461,0.574406,-0.488792,-0.148562,-0.677385,-0.660307,0.512691,-0.866652,-0.429948,0.961689,-0.048214,0.212427,0.281579,-0.607723,-0.261316,-0.198587,-0.538634,-0.532032,0.215739,-0.783049,-0.741709,0.146604,-0.101324,0.223867,-0.946081,0.409831,0.699779,0.048281,0.681681,-0.200675,-0.842151,-0.244912,-0.107263,0.731075,-0.330567,-0.369798,0.776035,-0.498068,0.284893,-0.346733,0.902912,-0.620750,0.447877,0.100128,0.957416,0.988113,0.587396,-0.793088,-0.061986,0.709026,0.276967,0.757939,0.598732,-0.374079,-0.609869,-0.354872,0.391890,-0.037870,-0.912304,0.484954,-0.910606,-0.181391,-0.075431,0.006054,-0.721818,0.495580,0.698744,0.395801,0.902141,-0.484999,-0.678540,-0.865409,0.443039,-0.675785,0.876363,0.196701,0.608271,-0.130603,0.469692,-0.112698,0.077528,0.547163,-0.523693,0.769019,0.432598,0.493080,-0.523674,-0.819745,-0.854287,0.294033,-0.699995,0.998383,0.922095,-0.941646,0.450115,-0.478456,-0.318200,-0.519379,0.661091,0.787505,-0.919197,-0.459924,-0.102603,0.043644,-0.824706,0.660056,0.867960,-0.194270,0.714468,0.352710,0.183487,0.638100,-0.053941,0.095432,-0.450668,0.424370,-0.681876,-0.513677,-0.040158,-0.229375,-0.520843,-0.616223,0.721794,0.181718,-0.245215,0.691561,0.650321,-0.778226,0.134571,-0.388774,0.081670,0.435998,-0.982985,0.027135,-0.416535,0.068022,-0.780316,0.635133,0.087337,-0.577873,0.539369,-0.924435,0.185647,0.003523,-0.920710,-0.500589,-0.845719,0.464774,0.411542,-0.821404,-0.781586,0.760564,-0.598305,-0.392678,0.368560,-0.878554,0.895313,-0.953982,0.698285,-0.278188,-0.699920,-0.245018,0.945683,0.057956,-0.881440
0.000000,0.000000,0.000000,0.000000,0.000000,0.000000,0.000000,0.000000,0.000000,0.000000,0.000000,0.000000,0.000000,0.000000,0.000000,0.000000,0.000000,0.000000,0.000000,0.000000,0.000000,0.000000,0.000000,0.000000,0.000000,0.000000,0.000000,0.000000,0.000000,0.000000,0.000000,0.000000,0.000000,0.000000,0.000000,0.000000,0.000000,0.000000,0.000000,0.000000,0.000000,0.000000,0.000000,0.000000,0.000000,0.000000,0.000000,0.000000,0.000000,0.000000,0.000000,0.000000,0.000000,0.000000,0.000000,0.000000,0.000000,0.000000,0.000000,0.000000,2.853855,-0.712877,-0.890625,-0.909148,0.652670,-0.693962,-0.642034,0.888231,0.223222,-0.429162,0.172909,-0.513815,-0.011470,-0.330755,0.245253,0.517617,-0.302985,-0.712174,-0.288519,0.516310,0.574163,0.571102,0.949145,0.649566,0.937146,0.253585,-0.541303,0.216393,-0.604332,-0.829347,-0.397351,-0.274449,0.417776,-0.273847,-0.993703,0.833883,0.178808,-0.578484,-0.495425,-0.751720,0.813093,-0.539583,0.881294,-0.471377,0.598502,-0.979096,-0.033453,-0.261571,-0.330828,0.984313,0.441733,-0.488444,0.504884,-0.740862,0.851857,-0.147228,-0.618674,-0.454359,-0.689702,0.861116,-0.388213,-0.714298,0.625802,-0.573482,-0.811699,0.336790,-0.985189,0.664841,0.125419,-0.506363,-0.052812,-0.475170,0.065714,0.143288,0.543364,-0.067825,0.573276,-0.861513,0.842686,-0.628983,0.673155,-0.010736,-0.790565,-0.280395,0.836661,0.669428,0.444632,-0.240308,0.177582,-0.535756,0.295687,-0.478119,0.658014,0.408996,-0.227821,0.318964,-0.349728,-0.688694,-0.529632,-0.456624,-0.546767,0.356712,0.479323,-0.085722,0.975588,0.782041,-0.825900,-0.079099,0.816953,-0.559472,-0.243208,0.893895,0.552125,0.664650,0.758968,-0.657649,0.398548,0.605603,-0.547041,-0.913280,-0.643288,0.482806,0.388581,0.783452,-0.366094,0.243488,-0.946413,0.870169,0.108985,0.496771,-0.432368,-0.836091,-0.874356,0.629321,-0.696108,0.648004,-0.469469,0.082544,-0.476167,-0.899832,0.084558,-0.265759,-0.129780,0.203118,-0.372679,0.127611,0.315546,-0.820910,-0.299807,-0.820105,-0.986133,-0.897540,0.184430,-0.831389,0.737003,0.518888,-0.982363,0.146490,-0.979496,-0.781610,0.976499,-0.085954,-0.945578,0.700629,0.834690,0.096767,0.411884,0.560242,0.469344,-0.010956,0.665369,0.054657,-0.480993,-0.991866,-0.282820,-0.834829,-0.873447,-0.061552,0.887349,-0.788971,-0.452500,0.660156,-0.196341,0.517607,0.084669,0.207863,-0.677713,-0.295436,0.243511,-0.946464,-0.623347,-0.227011,0.349189,0.019178
0.000000,0.000000,0.000000,0.000000,0.000000,0.000000,0.000000,0.000000,0.000000,0.000000,0.000000,0.000000,0.000000,0.000000,0.000000,0.000000,0.000000,0.000000,0.000000,0.000000,0.000000,0.000000,0.000000,0.000000,0.000000,0.000000,0.000000,0.000000,0.000000,0.000000,0.000000,0.000000,0.000000,0.000000,0.000000,0.000000,0.000000,0.000000,0.000000,0.000000,0.000000,0.000000,0.000000,0.000000,0.000000,0.000000,0.000000,0.000000,0.000000,0.000000,0.000000,0.000000,0.000000,0.000000,0.000000,0.000000,0.000000,0.000000,0.000000,0.000000,0.000000,2.296830,0.453724,-0.937891,0.803425,0.648430,-0.457863,-0.030950,-0.383700,0.813284,-0.234362,-0.207894,0.823824,0.201388,-0.724261,0.252034,0.588895,-0.324318,0.054011,0.253683,0.020833,0.998249,0.013586,0.286746,0.587179,-0.726834,-0.912179,0.945980,0.464518,-0.213436,-0.964662,-0.667201,-0.980504,-0.207085,0.109711,-0.678834,0.279715,0.908483,0.980901,0.666333,-0.112232,0.094819,0.006614,-0.688667,0.708828,0.351582,0.275871,-0.559338,-0.693681,0.746053,-0.641172,-0.852563,0.251210,0.408687,-0.760755,-0.586281,0.577528,0.859170,-0.047023,0.584010,-0.361200,0.406468,0.114441,0.686422,0.551802,-0.431728,-0.701090,0.615314,-0.934415,0.358078,-0.048172,-0.849401,0.377122,-0.034252,0.720203,-0.582736,-0.995401,-0.739026,-0.460780,0.304489,-0.274714,-0.763506,0.963147,-0.783545,-0.289759,0.753209,0.305231,-0.360404,0.940694,0.002197,-0.983780,-0.987673,0.882019,-0.437639,0.624130,-0.912880,-0.706166,0.713559,0.988183,-0.896154,-0.664726,0.445824,0.059006,-0.188068,-0.611065,0.890871,-0.655463,-0.469501,-0.351404,-0.722834,0.072466,-0.317350,0.215695,-0.264284,-0.767153,0.745195,0.019304,-0.356299,-0.967270,0.195693,0.565009,0.300123,0.575439,-0.690028,0.943406,-0.577333,-0.466441,0.024659,-0.989609,-0.115103,-0.608549,0.498036,0.515507,0.231470,-0.156630,-0.379532,0.654924,0.014187,-0.007066,-0.773134,-0.563234,-0.279021,0.397706,0.690542,0.985721,-0.145136,-0.093591,0.532121,-0.357546,0.081036,0.354035,-0.527501,-0.440820,-0.287619,0.155370,-0.459169,-0.583664,-0.700984,0.618620,0.771943,0.809444,0.643267,-0.725422,-0.804496,-0.001671,0.042854,0.465646,-0.554238,0.861899,-0.380140,0.155618,0.728427,0.046896,0.507115,0.498052,0.580042,0.622097,-0.215074,-0.272888,0.606996,0.159421,0.215427,-0.176165,-0.596771,-0.086139,0.939293,-0.418266,-0.455984,-0.738432,-0.037639,-0.422939,0.374247,-0.729751,-0.505375
0.000000,0.000000,0.000000,0.000000,0.000000,0.000000,0.000000,0.000000,0.000000,0.000000,0.000000,0.000000,0.000000,0.000000,0.000000,0.000000,0.000000,0.000000,0.000000,0.000000,0.000000,0.000000,0.000000,0.000000,0.000000,0.000000,0.000000,0.000000,0.000000,0.000000,0.000000,0.000000,0.000000,0.000000,0.000000,0.000000,0.000000,0.000000,0.000000,0.000000,0.000000,0.000000,0.000000,0.000000,0.000000,0.000000,0.000000,0.000000,0.000000,0.000000,0.000000,0.000000,0.000000,0.000000,0.000000,0.000000,0.000000,0.000000,0.000000,0.000000,0.000000,0.000000,0.654628,-0.917058,0.628287,0.811756,0.527778,0.730327,-0.826808,0.796269,-0.067920,0.537288,0.231515,-0.300260,-0.470402,-0.763740,-0.174698,-0.011795,0.966230,-0.925419,0.180298,0.049990,-0.954208,-0.340515,-0.154145,-0.011460,-0.533088,-0.931800,-0.412314,0.672724,0.615716,-0.638498,0.292600,0.847295,-0.655785,-0.742647,-0.955707,-0.655177,0.627905,0.627979,0.080904,-0.332871,0.613561,-0.609970,-0.720292,-0.821580,0.702652,0.429686,0.249173,0.454935,-0.713043,-0.230422,0.628230,0.833531,0.026191,-0.755877,0.957035,-0.209943,-0.362011,-0.760018,-0.974741,0.207347,0.224862,-0.531518,-0.676026,0.056018,-0.129186,-0.392692,-0.563534,0.718612,0.967656,-0.288837,0.396262,0.731094,-0.946126,0.816130,-0.001702,0.113499,0.079747,-0.514146,0.564483,0.464677,-0.808415,0.125583,0.914052,0.742315,0.251809,-0.602613,-0.305554,-0.699284,0.643861,0.557342,0.820717,-0.873209,0.929427,0.932855,0.348820,0.763496,-0.123124,-0.373191,-0.691263,-0.936841,-0.916005,0.383133,-0.326851,-0.891877,-0.775595,0.330568,0.877360,-0.184044,0.555315,0.947164,0.416599,0.446013,0.231802,0.955353,-0.400388,0.565977,-0.169844,-0.689161,0.478745,0.658804,0.727198,0.843757,0.489823,0.055237,0.877391,-0.580869,-0.845380,-0.136749,0.164437,0.359979,0.630844,-0.946487,0.604093,0.200257,0.905895,-0.304205,0.233957,0.533097,0.032791,-0.688185,-0.900400,-0.777199,-0.010191,0.279218,0.141042,0.425832,-0.922011,-0.727319,0.522280,0.562365,0.404588,0.490860,0.926880,0.888437,0.288964,-0.361331,-0.971780,0.263216,-0.137392,-0.705945,-0.569485,0.873059,-0.867555,0.574942,0.804099,0.376695,-0.877317,0.691706,0.306578,-0.445934,0.259311,-0.726914,0.415295,0.805991,0.043363,0.904212,-0.123810,0.715134,0.547297,-0.823141,0.825305,0.820855,-0.297168,0.586878,-0.550725,-0.939214,-0.584126,-0.032024,-0.884465,-0.679988,0.900876,-0.012318
0.000000,0.000000,0.000000,0.000000,0.000000,0.000000,0.000000,0.000000,0.000000,0.000000,0.000000,0.000000,0.000000,0.000000,0.000000,0.000000,0.000000,0.000000,0.000000,0.000000,0.000000,0.000000,0.000000,0.000000,0.000000,0.000000,0.000000,0.000000,0.000000,0.000000,0.000000,0.000000,0.000000,0.000000,0.000000,0.000000,0.000000,0.000000,0.000000,0.000000,0.000000,0.000000,0.000000,0.000000,0.000000,0.000000,0.000000,0.000000,0.000000,0.000000,0.000000,0.000000,0.000000,0.000000,0.000000,0.000000,0.000000,0.000000,0.000000,0.000000,0.000000,0.000000,0.000000,2.557751,-0.586755,-0.822957,0.561096,-0.302332,-0.080391,0.984258,-0.366939,-0.053708,0.269623,-0.821862,0.432864,-0.096538,-0.649971,-0.138916,-0.078664,0.281474,0.874268,0.530131,-0.235100,0.939296,0.581662,-0.944096,-0.766827,-0.563978,-0.832993,-0.029146,-0.318564,0.945851,-0.054528,-0.575690,0.941462,0.027764,-0.853880,-0.838251,0.350585,-0.010408,0.248462,0.699320,0.362767,0.723580,0.485377,0.348800,-0.730603,-0.034345,-0.133815,0.081391,-0.217714,0.240874,-0.215088,0.115236,-0.210249,0.803535,-0.253169,0.461865,0.227470,-0.228953,0.615262,0.855134,0.520969,0.897176,-0.127387,0.827480,0.752446,0.524775,0.670401,0.460267,0.024617,0.104838,-0.164626,0.328585,-0.350420,0.479319,0.010231,-0.293624,-0.705544,-0.488948,0.280401,-0.260301,-0.933662,-0.340524,-0.267285,-0.531398,-0.427370,0.409855,0.492533,0.917798,-0.763823,-0.376550,-0.845911,0.226607,-0.967223,-0.589287,0.173960,-0.282523,0.088753,0.280475,0.677880,-0.214250,-0.442206,0.077610,-0.860637,-0.916172,-0.095526,-0.563842,-0.985567,0.358741,0.632311,-0.704243,0.127805,0.967970,-0.462489,0.461629,-0.675795,0.864186,-0.999133,-0.410540,0.952865,0.341380,-0.576309,0.582731,0.796171,-0.025458,-0.687953,-0.482814,0.886228,-0.677794,-0.376186,-0.708925,-0.788788,0.044050,-0.206581,-0.907663,-0.709610,-0.924683,-0.950820,-0.643060,0.487299,-0.970460,-0.391045,0.129576,0.487407,0.355784,0.976849,-0.448745,-0.999723,-0.923561,-0.804963,0.950475,0.140097,0.598737,0.970158,0.688536,-0.184768,0.751763,-0.132498,-0.772064,0.096263,0.831495,0.569077,-0.196146,0.709733,-0.071635,0.369149,-0.333730,-0.610572,-0.373059,0.750327,0.979542,-0.472166,-0.669273,-0.857835,0.507639,0.056001,0.112200,-0.909587,-0.837886,0.829246,0.153462,-0.561587,-0.585077,-0.518194,-0.872484,-0.900473,0.439971,-0.472486,-0.231070,0.074726,-0.359872,-0.042427,0.730021
0.000000,0.000000,0.000000,0.000000,0.000000,0.000000,0.000000,0.000000,0.000000,0.000000,0.000000,0.000000,0.000000,0.000000,0.000000,0.000000,0.000000,0.000000,0.000000,0.000000,0.000000,0.000000,0.000000,0.000000,0.000000,0.000000,0.000000,0.000000,0.000000,0.000000,0.000000,0.000000,0.000000,0.000000,0.000000,0.000000,0.000000,0.000000,0.000000,0.000000,0.000000,0.000000,0.000000,0.000000,0.000000,0.000000,0.000000,0.000000,0.000000,0.000000,0.000000,0.000000,0.000000,0.000000,0.000000,0.000000,0.000000,0.000000,0.000000,0.000000,0.000000,0.000000,0.000000,0.000000,1.110249,0.582519,-0.472103,-0.626105,-0.854683,0.368403,-0.176732,0.540854,-0.734658,0.206701,-0.974026,-0.532340,0.219294,-0.887923,-0.245543,0.123326,0.455173,0.411312,-0.703639,-0.849659,-0.247283,-0.518388,-0.388617,-0.315031,-0.205644,0.037201,-0.981393,-0.403995,-0.471266,-0.527554,0.577238,-0.497404,-0.698071,0.703652,-0.234117,-0.631932,0.502416,0.314349,0.890600,0.755591,0.388631,-0.678018,-0.033638,-0.762423,0.098797,0.833567,-0.992354,0.752030,0.078636,-0.697501,0.711731,0.073793,-0.103669,-0.000564,-0.705257,-0.774524,0.323113,0.760824,0.388917,0.681570,0.689543,-0.935919,0.541910,0.544185,-0.300046,-0.180302,0.490980,0.973109,0.975650,-0.052314,0.579101,-0.067877,0.731918,0.299455,0.873281,0.994480,-0.339625,0.958648,0.385026,-0.523828,-0.993776,0.367677,-0.555241,-0.537243,0.104336,-0.938148,-0.167261,0.598747,-0.945480,0.247883,-0.683241,0.725679,-0.218626,0.624245,0.447641,0.755670,0.033720,-0.027774,-0.925139,0.067628,0.043953,0.212790,-0.737957,0.079936,-0.091935,0.191952,0.321100,-0.277153,0.008106,-0.209804,0.530980,0.592847,-0.414117,-0.480908,0.356646,0.548032,-0.978269,-0.145128,-0.384538,0.533041,-0.712919,0.556493,0.322813,0.685859,0.980487,-0.046890,0.398823,0.419922,0.689146,0.036250,-0.784705,0.958726,-0.886325,0.924749,-0.489284,-0.015032,0.901323,0.353321,0.171123,-0.348214,-0.415188,-0.934445,0.172664,-0.139797,-0.551398,-0.231572,0.881884,0.696800,-0.139185,0.959906,-0.075764,-0.301716,-0.224159,0.749233,-0.464490,-0.555794,0.921095,0.468538,0.527562,0.480581,0.365815,-0.817504,0.507358,-0.502156,-0.735189,0.966006,-0.944272,-0.936728,-0.380175,0.688404,0.955888,-0.762945,-0.209120,0.468604,0.291056,-0.533247,-0.341588,0.188749,-0.929187,0.516458,-0.449190,0.656692,0.367338,0.290829,0.534722,-0.849731,-0.480059,0.043475,0.554313,0.698112
0.000000,0.000000,0.000000,0.000000,0.000000,0.000000,0.000000,0.000000,0.000000,0.000000,0.000000,0.000000,0.000000,0.000000,0.000000,0.000000,0.000000,0.000000,0.000000,0.000000,0.000000,0.000000,0.000000,0.000000,0.000000,0.000000,0.000000,0.000000,0.000000,0.000000,0.000000,0.000000,0.000000,0.000000,0.000000,0.000000,0.000000,0.000000,0.000000,0.000000,0.000000,0.000000,0.000000,0.000000,0.000000,0.000000,0.000000,0.000000,0.000000,0.000000,0.000000,0.000000,0.000000,0.000000,0.000000,0.000000,0.000000,0.000000,0.000000,0.000000,0.000000,0.000000,0.000000,0.000000,0.000000,1.455259,0.587295,-0.559452,-0.835130,-0.506833,0.806296,0.088073,-0.037302,0.486669,-0.979814,-0.763394,-0.800795,-0.756666,-0.093099,-0.438634,0.571450,0.678078,0.849879,-0.607875,0.005703,-0.902604,-0.520184,0.230155,-0.155215,0.381398,0.678455,-0.880930,0.877226,-0.915193,0.963337,0.275263,-0.913400,-0.212742,-0.483583,0.597145,-0.549090,0.652425,-0.375317,0.978287,-0.459182,0.369922,0.600388,-0.567081,-0.848489,0.102495,0.354158,0.634552,-0.454472,0.744572,0.831533,0.558374,-0.984806,-0.825567,0.995475,0.467897,0.253583,0.802724,-0.920717,0.514756,0.309355,0.696442,0.555808,-0.030138,-0.858063,0.818803,0.527004,-0.287208,0.967856,-0.377784,-0.258879,0.949351,0.336222,0.758390,0.775508,0.072897,-0.466066,0.694892,0.003775,0.128702,0.082736,-0.980824,-0.908262,0.232769,0.588875,-0.085923,-0.619183,-0.186729,0.536647,-0.782757,0.120398,0.404426,-0.168334,0.202524,0.766954,-0.574374,-0.729834,-0.878303,0.452426,0.801062,0.380787,0.952906,0.416221,-0.423010,-0.488821,0.333339,0.351623,0.047625,0.053778,-0.166717,-0.300158,0.268105,0.495035,0.626811,-0.384326,0.715468,-0.394516,-0.390244,0.612005,0.938751,0.864451,-0.777841,-0.423047,0.519793,0.612487,0.008533,-0.967794,0.003695,-0.937706,-0.437209,0.313720,-0.730795,0.424979,0.242772,-0.140612,-0.255690,0.829333,0.106341,0.777799,-0.175115,0.189280,0.909217,-0.751828,-0.474439,0.833388,-0.155991,-0.455929,0.994679,-0.795581,0.223086,0.576149,0.573478,-0.116316,-0.912078,0.682054,0.605475,-0.525238,-0.318945,0.025185,-0.771713,0.641129,0.844200,-0.383611,0.848059,0.601739,0.455651,0.938307,-0.350700,0.831286,-0.803193,-0.043972,0.104023,-0.754379,0.474708,-0.049642,-0.088919,0.162879,-0.730577,-0.599950,-0.638631,0.903865,0.546380,0.058394,0.318910,0.299956,-0.475310,-0.826784,0.109878,-0.473915,0.746943
0.000000,0.000000,0.000000,0.000000,0.000000,0.000000,0.000000,0.000000,0.000000,0.000000,0.000000,0.000000,0.000000,0.000000,0.000000,0.000000,0.000000,0.000000,0.000000,0.000000,0.000000,0.000000,0.000000,0.000000,0.000000,0.000000,0.000000,0.000000,0.000000,0.000000,0.000000,0.000000,0.000000,0.000000,0.000000,0.000000,0.000000,0.000000,0.000000,0.000000,0.000000,0.000000,0.000000,0.000000,0.000000,0.000000,0.000000,0.000000,0.000000,0.000000,0.000000,0.000000,0.000000,0.000000,0.000000,0.000000,0.000000,0.000000,0.000000,0.000000,0.000000,0.000000,0.000000,0.000000,0.000000,0.000000,1.090133,0.145723,-0.159814,0.485806,0.901492,-0.176858,-0.911291,0.322863,-0.741630,-0.790997,0.323116,-0.794375,-0.742446,-0.121839,-0.095348,0.827429,-0.447732,-0.198130,0.415042,0.654040,-0.301759,0.262155,0.248372,-0.393585,-0.762758,0.365034,-0.463864,-0.363435,0.144710,-0.678382,-0.517003,-0.107842,0.756967,0.544512,-0.364806,-0.395862,0.974690,0.306769,0.371068,-0.889751,-0.790055,-0.411093,0.684022,0.821339,-0.617941,0.428394,0.748275,0.757802,-0.082385,-0.482443,0.912568,-0.446834,-0.494610,-0.588634,0.065071,-0.785631,0.141375,0.887379,0.009938,0.930695,0.811407,0.584603,0.216114,0.761356,0.109968,-0.585597,0.850359,0.004380,0.815496,-0.213708,-0.328551,0.531983,0.268891,-0.120550,0.757178,0.033153,-0.974418,0.386408,-0.873687,-0.037795,-0.615841,-0.516033,0.959630,-0.773041,0.515414,0.274890,-0.609915,0.870676,-0.597167,0.031169,0.581044,0.527142,-0.360584,0.678545,0.924193,-0.051960,0.304631,-0.270972,-0.291834,-0.060568,-0.605734,0.378803,-0.668850,-0.989638,-0.121048,-0.847159,0.124878,0.040738,-0.725471,-0.508006,-0.951096,0.187906,-0.414268,0.425969,0.259652,-0.252825,-0.956554,-0.359671,-0.350272,-0.334590,0.906887,-0.670881,-0.459881,0.664798,0.850315,-0.063429,0.080098,-0.894283,0.616077,0.189121,-0.041980,-0.394849,-0.112458,0.470624,-0.838452,0.013628,-0.930724,0.544506,-0.577964,0.806775,-0.047811,-0.085473,-0.279296,0.032722,-0.323944,-0.280151,-0.608775,-0.309571,0.623430,-0.508618,0.642536,0.722625,0.332669,-0.938632,0.122067,0.666298,-0.268433,-0.434355,-0.357246,-0.153847,-0.859662,-0.524630,0.293870,-0.055032,-0.505317,0.861758,-0.408915,-0.741364,-0.601303,-0.406830,0.045118,-0.867359,0.709884,0.754953,-0.363299,0.550625,0.199385,0.690888,-0.446067,0.220471,-0.854610,-0.981096,0.749396,-0.410904,-0.109178,-0.536441,0.753615,-0.230932
0.000000,0.000000,0.000000,0.000000,0.000000,0.000000,0.000000,0.000000,0.000000,0.000000,0.000000,0.000000,0.000000,0.000000,0.000000,0.000000,0.000000,0.000000,0.000000,0.000000,0.000000,0.000000,0.000000,0.000000,0.000000,0.000000,0.000000,0.000000,0.000000,0.000000,0.000000,0.000000,0.000000,0.000000,0.000000,0.000000,0.000000,0.000000,0.000000,0.000000,0.000000,0.000000,0.000000,0.000000,0.000000,0.000000,0.000000,0.000000,0.000000,0.000000,0.000000,0.000000,0.000000,0.000000,0.000000,0.000000,0.000000,0.000000,0.000000,0.000000,0.000000,0.000000,0.000000,0.000000,0.000000,0.000000,0.000000,0.947797,0.215986,-0.589073,-0.478620,0.345590,0.918439,0.509620,-0.751715,-0.374886,0.592730,-0.449705,0.480139,-0.056415,0.768817,-0.281702,0.869143,-0.185131,0.452471,-0.609611,0.061579,-0.379730,-0.974547,-0.125452,-0.655007,0.917170,0.617178,0.479050,-0.093336,-0.481790,-0.351274,-0.591272,0.103777,0.622553,-0.625178,-0.990905,-0.748787,-0.078136,-0.962808,-0.193464,-0.777684,-0.784467,0.425222,0.998994,-0.611037,-0.540822,-0.407164,0.570219,0.011788,0.141354,0.093014,0.874743,-0.930294,-0.684169,-0.235774,-0.023938,-0.772126,0.786339,0.355718,0.864487,0.881602,0.025066,0.706016,0.473509,-0.278984,0.314699,0.905495,0.528018,0.418824,-0.556257,0.662257,-0.220670,0.248156,0.355454,0.030483,-0.668829,0.394913,-0.505515,-0.469271,-0.746417,0.239885,-0.765189,-0.309566,0.779044,-0.093868,0.789009,-0.014566,-0.642332,0.517831,-0.293105,0.932821,-0.475742,0.644295,-0.012279,0.684265,-0.633928,0.267337,-0.773629,0.611032,-0.528693,-0.144849,0.311951,-0.043571,0.557794,0.376341,-0.739188,0.546926,-0.153035,0.195515,-0.566854,-0.153817,0.634322,0.852523,0.877392,0.400178,-0.842179,-0.114733,-0.613858,0.395229,-0.677258,0.955152,-0.610929,-0.894573,0.687094,-0.595457,-0.951975,0.096155,0.938468,-0.465005,-0.182554,-0.525666,0.115970,-0.354422,0.182727,-0.043958,0.857831,0.340035,0.365188,-0.027066,-0.393710,-0.372074,0.007983,-0.616178,-0.735146,-0.255270,-0.739049,-0.538477,0.070048,0.580190,-0.550457,0.583329,-0.968917,0.994045,0.033878,-0.048225,0.301112,-0.049648,-0.183955,-0.258033,0.955666,0.722993,0.004821,0.672905,-0.701821,0.058890,-0.099658,-0.350236,0.836880,0.664987,0.814172,0.270434,-0.247558,0.513625,-0.782866,0.706159,-0.942441,0.636425,0.407881,-0.823079,-0.706004,-0.095217,-0.400250,0.734585,-0.614333,-0.165840,-0.479058,-0.745636,-0.480517
0.000000,0.000000,0.000000,0.000000,0.000000,0.000000,0.000000,0.000000,0.000000,0.000000,0.000000,0.000000,0.000000,0.000000,0.000000,0.000000,0.000000,0.000000,0.000000,0.000000,0.000000,0.000000,0.000000,0.000000,0.000000,0.000000,0.000000,0.000000,0.000000,0.000000,0.000000,0.000000,0.000000,0.000000,0.000000,0.000000,0.000000,0.000000,0.000000,0.000000,0.000000,0.000000,0.000000,0.000000,0.000000,0.000000,0.000000,0.000000,0.000000,0.000000,0.000000,0.000000,0.000000,0.000000,0.000000,0.000000,0.000000,0.000000,0.000000,0.000000,0.000000,0.000000,0.000000,0.000000,0.000000,0.000000,0.000000,0.000000,2.649968,0.431000,0.828480,-0.189441,-0.519175,-0.947365,-0.009684,-0.920543,-0.991450,0.209416,-0.670348,0.119558,0.147045,0.447678,-0.233743,0.410311,-0.268069,-0.804426,-0.380020,-0.984865,-0.075077,0.480622,0.569495,-0.535807,-0.788714,-0.629140,0.967426,-0.375794,-0.141431,-0.848747,0.578661,-0.103019,-0.825204,-0.054116,0.426549,-0.053924,0.937266,0.743328,0.029614,0.881015,0.622776,-0.263460,0.542820,0.011705,0.078223,0.041242,0.607357,0.837149,-0.360965,0.283842,0.256818,0.774995,-0.105577,-0.619679,-0.593828,-0.897447,-0.798543,-0.397561,-0.794874,0.742183,-0.275963,-0.263065,0.515013,-0.397325,0.430365,0.644846,-0.279644,-0.044376,-0.355542,-0.153672,0.161494,-0.300721,-0.071734,-0.007553,-0.950992,-0.672702,0.082749,-0.994699,0.408387,0.810930,0.509138,-0.371698,-0.100318,0.301434,0.360874,0.954994,-0.014038,-0.500930,-0.275616,0.844886,0.265419,0.728503,0.448171,0.930861,0.002460,0.899811,0.771780,0.686189,0.878186,0.051075,0.485658,0.110672,0.552522,0.527505,0.516808,-0.143102,0.592576,0.752979,0.272510,-0.090694,0.706497,0.556901,-0.060800,0.159738,0.371651,0.376643,-0.377926,-0.414617,0.774694,0.874022,-0.195870,0.826754,-0.058615,-0.665595,0.465761,-0.908230,-0.772167,0.882011,0.035243,-0.467247,-0.039181,0.156355,0.277831,-0.303555,-0.225194,0.099526,0.253329,0.842713,-0.215448,0.749374,0.986436,-0.321993,-0.945431,0.208742,0.807295,-0.893222,-0.605700,0.352301,0.619306,-0.826720,-0.272524,-0.522523,0.929753,0.364938,-0.048723,0.724705,0.075325,0.822668,-0.522383,-0.945323,-0.142523,-0.591446,0.671462,0.065847,-0.422673,0.547148,0.053771,0.005589,-0.638420,0.990430,0.318036,0.709647,0.519465,0.005868,-0.980537,0.333340,-0.798511,0.922930,-0.501470,-0.265334,0.103119,0.005229,0.310296,0.566895,0.515288,0.816171
0.000000,0.000000,0.000000,0.000000,0.000000,0.000000,0.000000,0.000000,0.000000,0.000000,0.000000,0.000000,0.000000,0.000000,0.000000,0.000000,0.000000,0.000000,0.000000,0.000000,0.000000,0.000000,0.000000,0.000000,0.000000,0.000000,0.000000,0.000000,0.000000,0.000000,0.000000,0.000000,0.000000,0.000000,0.000000,0.000000,0.000000,0.000000,0.000000,0.000000,0.000000,0.000000,0.000000,0.000000,0.000000,0.000000,0.000000,0.000000,0.000000,0.000000,0.000000,0.000000,0.000000,0.000000,0.000000,0.000000,0.000000,0.000000,0.000000,0.000000,0.000000,0.000000,0.000000,0.000000,0.000000,0.000000,0.000000,0.000000,0.000000,1.674791,0.068345,0.748154,-0.435338,-0.508160,-0.981753,0.476961,0.375171,-0.446559,-0.740169,-0.914938,-0.024274,-0.613035,0.586794,0.900067,0.553719,0.703191,0.981585,0.481621,0.134647,0.620022,0.127703,-0.134970,-0.934990,0.285961,0.795036,0.386303,-0.191707,0.233799,0.625912,0.528480,-0.017643,-0.276646,-0.206272,0.815818,-0.660293,0.725959,-0.609433,0.961779,-0.103314,0.466861,0.458749,0.545062,0.578792,-0.921851,-0.453331,-0.540581,0.397186,0.366635,-0.405933,0.587084,-0.376759,-0.314130,-0.202298,0.489179,-0.976444,0.812931,0.384110,0.173197,-0.525337,0.571027,0.745576,0.003093,-0.415078,-0.238893,-0.167498,-0.388169,0.424377,-0.315651,0.642434,-0.072618,0.257920,0.895905,-0.107893,-0.659308,0.099845,-0.006649,0.565167,0.720399,0.425240,0.942909,-0.461611,-0.521609,-0.417426,0.341815,-0.534918,-0.823165,0.955444,-0.370778,-0.555211,-0.282502,-0.683150,-0.928464,-0.389233,-0.324274,0.622032,-0.128726,0.473505,0.471425,0.577984,0.837018,-0.002737,-0.792093,-0.922674,-0.626181,0.658423,0.148699,-0.719764,-0.734728,0.783006,0.040061,-0.656205,0.793495,0.441454,-0.044463,-0.069869,0.345304,-0.323382,0.999820,0.569109,0.281920,0.374905,0.992168,-0.978437,-0.954351,0.570056,-0.581216,0.370333,0.006681,-0.362660,-0.537320,0.553492,-0.658036,-0.682558,-0.116135,-0.761446,0.283024,0.983942,0.495827,0.206470,-0.210723,0.975979,0.759887,0.641182,-0.539987,-0.752839,-0.644118,-0.482622,-0.836602,0.776845,-0.629598,-0.546781,0.776317,0.916286,-0.556438,-0.411632,0.600206,0.940528,0.299352,-0.114831,0.349159,0.560567,-0.774688,-0.129403,0.714604,0.410849,-0.692451,0.510426,0.334882,-0.470702,-0.311994,-0.371187,0.986497,-0.632557,0.658831,0.061271,0.761043,0.963722,0.922166,0.708506,-0.172856,-0.457456,-0.361005,0.306276,-0.316279
0.000000,0.000000,0.000000,0.000000,0.000000,0.000000,0.000000,0.000000,0.000000,0.000000,0.000000,0.000000,0.000000,0.000000,0.000000,0.000000,0.000000,0.000000,0.000000,0.000000,0.000000,0.000000,0.000000,0.000000,0.000000,0.000000,0.000000,0.000000,0.000000,0.000000,0.000000,0.000000,0.000000,0.000000,0.000000,0.000000,0.000000,0.000000,0.000000,0.000000,0.000000,0.000000,0.000000,0.000000,0.000000,0.000000,0.000000,0.000000,0.000000,0.000000,0.000000,0.000000,0.000000,0.000000,0.000000,0.000000,0.000000,0.000000,0.000000,0.000000,0.000000,0.000000,0.000000,0.000000,0.000000,0.000000,0.000000,0.000000,0.000000,0.000000,1.587222,-0.840527,0.542023,-0.777061,-0.325947,0.180868,0.062350,0.786261,0.317376,0.578090,-0.393108,-0.735485,0.486660,-0.692842,0.668332,0.886035,-0.434144,0.522010,-0.125323,-0.402005,-0.137713,0.293535,0.976137,-0.399913,0.411886,-0.330260,-0.497212,0.263684,0.522576,0.434772,0.885171,-0.785262,0.081327,-0.418312,0.633914,-0.875947,-0.648393,0.544057,-0.290717,0.363600,0.997011,-0.080302,0.065968,0.950656,0.492787,-0.606486,0.608600,0.031717,0.574739,0.197105,-0.545337,0.628879,-0.995947,0.776060,0.637218,0.940280,-0.928925,-0.124731,-0.661737,-0.252021,-0.280417,0.195122,-0.125140,0.931146,-0.444452,-0.162499,0.401310,-0.446913,0.447622,0.417425,0.424476,0.350153,0.634921,0.989863,-0.889327,-0.005707,0.626162,-0.999906,0.090306,0.319596,-0.616515,-0.198359,0.578902,-0.866635,-0.730267,0.636139,0.618411,0.180807,-0.167627,-0.788697,0.622875,-0.516509,0.826382,0.551676,-0.838128,0.270986,0.841252,0.758336,0.226706,-0.656082,0.360484,0.332284,0.177469,-0.468514,0.800594,0.005154,-0.405770,-0.489556,-0.437964,-0.077812,-0.538297,0.034829,-0.615953,-0.458096,-0.760669,-0.285211,-0.188061,-0.192565,0.449775,-0.033278,0.386011,-0.933720,-0.126823,-0.820404,-0.075796,0.230399,0.593479,0.100438,-0.240995,-0.471075,0.914886,-0.603429,-0.915167,-0.748241,0.995010,0.812240,-0.359484,-0.992302,0.534412,-0.398927,-0.955701,-0.086791,-0.151688,-0.276483,0.306735,0.452029,0.118368,-0.972026,-0.955168,0.763488,-0.627115,-0.203871,-0.792945,-0.541398,-0.029293,-0.528907,0.318165,-0.265383,0.576934,0.203901,-0.492070,0.616766,0.864174,-0.759911,0.339327,0.261591,0.339425,-0.937628,-0.943748,-0.410377,-0.839534,-0.267844,0.744841,-0.291127,-0.214308,-0.464956,-0.156794,0.595024,0.661783,-0.157882,-0.206279,-0.609869,0.951203,-0.378009
0.000000,0.000000,0.000000,0.000000,0.000000,0.000000,0.000000,0.000000,0.000000,0.000000,0.000000,0.000000,0.000000,0.000000,0.000000,0.000000,0.000000,0.000000,0.000000,0.000000,0.000000,0.000000,0.000000,0.000000,0.000000,0.000000,0.000000,0.000000,0.000000,0.000000,0.000000,0.000000,0.000000,0.000000,0.000000,0.000000,0.000000,0.000000,0.000000,0.000000,0.000000,0.000000,0.000000,0.000000,0.000000,0.000000,0.000000,0.000000,0.000000,0.000000,0.000000,0.000000,0.000000,0.000000,0.000000,0.000000,0.000000,0.000000,0.000000,0.000000,0.000000,0.000000,0.000000,0.000000,0.000000,0.000000,0.000000,0.000000,0.000000,0.000000,0.000000,1.356607,-0.140287,-0.839133,-0.342925,0.861169,-0.851136,-0.519029,-0.564498,-0.529861,0.909232,0.417111,0.839583,0.715221,0.249492,0.119617,0.018200,0.379066,0.403650,0.198915,-0.102117,0.350727,-0.686632,0.103067,0.038600,0.069350,0.021637,0.500527,0.514986,-0.340834,-0.298494,-0.967028,-0.773408,-0.475350,0.531421,0.595779,-0.503970,0.739511,-0.248604,0.596104,-0.066292,0.425201,-0.287374,-0.858787,-0.491897,0.394178,0.835914,0.256583,0.537907,-0.971753,0.520126,0.671075,-0.174697,-0.012217,-0.895254,-0.650729,-0.887046,0.462737,0.599728,-0.782666,0.843192,0.679053,0.152570,0.956576,0.764935,-0.554716,0.908071,-0.114081,-0.690268,-0.599820,0.368389,0.975117,-0.109457,0.146269,-0.399521,0.690915,-0.769688,0.164495,0.172441,-0.997721,0.881125,0.948685,-0.065053,0.451283,0.697424,-0.766590,-0.830762,0.378620,0.118985,0.358787,0.143993,0.452784,-0.690181,-0.568764,-0.525954,-0.166960,0.519121,0.662794,-0.197407,0.204100,-0.409643,-0.048446,0.881821,-0.461428,0.575887,-0.915612,-0.309514,0.317563,0.552002,0.184370,0.738444,0.641572,0.235010,-0.303754,-0.272579,0.230194,0.313103,-0.210826,-0.204965,-0.646441,-0.999425,-0.077017,0.661683,0.533083,0.987881,0.338812,-0.532174,0.354698,0.656958,0.281994,-0.036552,0.237025,-0.948395,-0.469775,-0.684525,-0.173169,0.786073,-0.624101,-0.858031,0.553844,0.735806,0.062790,-0.246867,-0.138930,0.317983,0.662503,-0.621119,0.804517,0.314780,0.476581,-0.826175,0.836689,0.056389,-0.275786,-0.202125,-0.413932,-0.674055,-0.930682,-0.471184,-0.006777,0.333521,0.466693,0.191208,-0.767876,-0.136903,0.334811,0.486351,-0.350986,0.856883,0.590763,0.703462,0.333090,-0.172479,0.868337,0.802890,0.656951,0.782254,0.833222,0.492715,-0.599328,0.077095,0.231988,0.546747,-0.009706
0.000000,0.000000,0.000000,0.000000,0.000000,0.000000,0.000000,0.000000,0.000000,0.000000,0.000000,0.000000,0.000000,0.000000,0.000000,0.000000,0.000000,0.000000,0.000000,0.000000,0.000000,0.000000,0.000000,0.000000,0.000000,0.000000,0.000000,0.000000,0.000000,0.000000,0.000000,0.000000,0.000000,0.000000,0.000000,0.000000,0.000000,0.000000,0.000000,0.000000,0.000000,0.000000,0.000000,0.000000,0.000000,0.000000,0.000000,0.000000,0.000000,0.000000,0.000000,0.000000,0.000000,0.000000,0.000000,0.000000,0.000000,0.000000,0.000000,0.000000,0.000000,0.000000,0.000000,0.000000,0.000000,0.000000,0.000000,0.000000,0.000000,0.000000,0.000000,0.000000,1.782178,0.991130,-0.095590,-0.739980,0.419368,-0.274917,-0.502922,0.256924,0.908735,-0.374382,-0.255458,-0.069020,0.375989,-0.208102,-0.149820,0.401811,0.970270,-0.366992,0.170655,0.588808,-0.575744,0.636638,-0.290139,-0.777954,-0.950195,-0.933826,0.595285,0.349877,0.586980,0.505896,-0.238049,0.866037,0.755891,-0.303297,0.545882,0.639316,-0.023071,-0.759162,-0.331886,0.977623,0.431871,0.549422,0.823849,-0.594474,0.936808,0.036284,0.489357,-0.363579,-0.341186,-0.280801,-0.303882,-0.874994,-0.380851,0.294761,0.803946,-0.916669,-0.966743,0.184798,0.399349,0.216477,0.946087,-0.542263,-0.037510,0.831804,0.234995,0.154244,0.865683,-0.322194,-0.685648,-0.741538,0.643745,0.713897,-0.532243,-0.085857,0.169703,-0.721932,0.697621,-0.162243,0.726948,0.520153,-0.410091,0.433148,0.481410,-0.377474,-0.492529,0.646856,0.355866,0.479146,-0.373889,0.444388,0.428613,-0.333450,-0.459080,-0.137210,0.478184,-0.612825,0.748525,-0.489448,0.679267,-0.688381,0.478881,0.122790,0.322918,0.948273,-0.894884,-0.701746,-0.841830,0.039274,0.605614,-0.890350,0.558813,-0.133888,0.882857,-0.234608,0.969196,0.113043,0.979986,0.263772,-0.307328,0.606817,-0.026080,-0.382384,-0.043329,0.743825,0.464615,-0.652462,0.677196,-0.137163,-0.834263,-0.705656,-0.867673,0.353176,-0.484871,-0.807302,-0.268661,0.733932,0.257456,-0.027545,0.466389,-0.848210,0.765543,-0.644528,-0.957237,-0.275279,-0.883105,-0.665842,0.477997,-0.190534,-0.986202,0.287514,0.414222,0.803927,-0.690795,0.714331,0.417416,0.127246,-0.476460,-0.084315,-0.603459,0.435389,0.407180,-0.616940,-0.494767,0.802224,-0.056630,0.102234,0.917251,-0.585952,0.254260,0.548030,-0.361121,-0.382366,0.793639,-0.801188,-0.685289,-0.178090,0.596782,-0.090017,-0.458868,-0.159410,-0.109079,0.454050
0.000000,0.000000,0.000000,0.000000,0.000000,0.000000,0.000000,0.000000,0.000000,0.000000,0.000000,0.000000,0.000000,0.000000,0.000000,0.000000,0.000000,0.000000,0.000000,0.000000,0.000000,0.000000,0.000000,0.000000,0.000000,0.000000,0.000000,0.000000,0.000000,0.000000,0.000000,0.000000,0.000000,0.000000,0.000000,0.000000,0.000000,0.000000,0.000000,0.000000,0.000000,0.000000,0.000000,0.000000,0.000000,0.000000,0.000000,0.000000,0.000000,0.000000,0.000000,0.000000,0.000000,0.000000,0.000000,0.000000,0.000000,0.000000,0.000000,0.000000,0.000000,0.000000,0.000000,0.000000,0.000000,0.000000,0.000000,0.000000,0.000000,0.000000,0.000000,0.000000,0.000000,2.671875,-0.357498,0.417079,0.402777,0.533895,0.150521,-0.970603,0.311735,0.224595,0.223039,-0.437403,-0.804229,-0.621295,-0.567590,-0.652781,-0.510926,-0.862617,-0.461348,0.995770,0.022762,-0.311154,0.440974,-0.061079,-0.941004,0.094779,-0.391867,0.142368,-0.653564,-0.034900,-0.612720,-0.402369,0.374329,-0.544694,-0.165725,-0.853723,0.374324,0.077886,0.627581,0.070151,0.988428,-0.517736,0.484213,-0.135347,-0.248071,0.463059,0.911114,0.511154,-0.339755,0.019783,-0.565720,0.240478,-0.194826,-0.543734,-0.957815,0.850649,-0.842358,-0.341381,-0.619093,-0.011745,-0.610110,0.472422,-0.550361,-0.629087,-0.566230,-0.404873,0.283663,-0.580743,0.393701,-0.139658,-0.605983,-0.519911,0.054668,-0.242742,0.027447,0.625159,-0.908337,-0.212779,-0.169114,-0.498166,-0.116242,0.133266,0.169916,0.339667,-0.846462,-0.079985,0.515225,-0.089909,0.312972,0.180898,-0.070562,-0.842143,0.266450,0.069026,-0.988631,-0.586287,-0.877201,0.140469,-0.969704,0.684842,0.894908,0.951158,-0.546831,-0.009718,0.782338,0.374670,-0.402508,0.667904,0.147872,0.459969,0.938819,0.995019,0.009644,-0.686775,0.239118,0.287707,0.144290,-0.155902,0.163120,0.068081,0.889385,0.675201,-0.212622,0.141733,0.132106,0.021436,-0.883869,0.425189,0.462541,-0.031630,0.803146,0.967844,0.625826,0.855726,-0.024995,0.828483,0.870054,0.247134,-0.698558,-0.695385,-0.055388,0.471161,0.002788,0.599700,0.539577,-0.592784,-0.734471,0.411669,-0.359239,0.862794,0.737015,-0.097524,0.161012,0.694208,0.742738,0.113949,0.943826,0.041937,-0.917785,0.125390,0.554014,0.969870,-0.789263,-0.118926,0.173300,0.762927,0.431780,-0.537507,0.718778,0.328487,0.790314,0.668748,-0.741475,0.920941,-0.091407,0.965105,-0.625986,0.586636,-0.390217,-0.910389,0.988081,-0.392929
0.000000,0.000000,0.000000,0.000000,0.000000,0.000000,0.000000,0.000000,0.000000,0.000000,0.000000,0.000000,0.000000,0.000000,0.000000,0.000000,0.000000,0.000000,0.000000,0.000000,0.000000,0.000000,0.000000,0.000000,0.000000,0.000000,0.000000,0.000000,0.000000,0.000000,0.000000,0.000000,0.000000,0.000000,0.000000,0.000000,0.000000,0.000000,0.000000,0.000000,0.000000,0.000000,0.000000,0.000000,0.000000,0.000000,0.000000,0.000000,0.000000,0.000000,0.000000,0.000000,0.000000,0.000000,0.000000,0.000000,0.000000,0.000000,0.000000,0.000000,0.000000,0.000000,0.000000,0.000000,0.000000,0.000000,0.000000,0.000000,0.000000,0.000000,0.000000,0.000000,0.000000,0.000000,0.701298,0.720994,-0.135959,0.152905,0.969687,-0.038582,-0.865803,0.382372,0.421199,-0.611584,0.090824,-0.261558,-0.900157,-0.376795,0.819065,-0.399505,-0.553874,0.881826,-0.235346,0.881118,0.760469,-0.059071,-0.230077,-0.724564,-0.618767,-0.535114,-0.059292,-0.255773,0.600769,-0.406648,-0.150961,-0.754585,-0.457560,0.566040,0.414201,-0.195559,0.154946,-0.083333,0.790441,-0.210618,0.444229,-0.562942,-0.131806,0.058663,-0.790706,0.174837,0.149330,-0.682494,0.997299,-0.815013,0.790607,-0.016969,-0.554590,-0.774403,0.398840,0.508901,0.346881,-0.160258,-0.654853,0.579076,0.742461,-0.216258,0.682435,0.271200,0.053957,0.221211,-0.784498,-0.749202,0.453408,0.939894,0.015608,-0.891999,-0.863853,-0.065271,0.315329,-0.690247,-0.933930,0.458939,-0.707737,-0.123640,0.468272,-0.749410,-0.114494,-0.777090,-0.304984,0.824867,0.372266,-0.953814,-0.731046,-0.412359,0.791098,0.494173,0.234986,-0.694810,0.857749,0.616258,-0.521149,-0.191348,-0.143232,0.175013,-0.250379,-0.579947,0.333979,0.355110,-0.115229,-0.026695,-0.898660,-0.087802,0.600797,0.182965,0.841398,0.433027,0.555274,-0.083169,-0.653101,0.824370,0.318393,0.818949,0.235045,-0.091038,-0.730522,-0.204590,0.195107,0.861529,0.658615,0.026283,-0.104018,-0.933453,-0.297623,0.962636,0.482051,0.049498,0.724599,-0.953888,0.915248,0.399337,-0.973372,0.411064,-0.833744,0.279195,-0.398229,-0.575816,0.256163,-0.131918,-0.870954,0.644686,-0.467755,0.236421,0.218721,-0.887678,0.994633,-0.104679,-0.589287,-0.126505,0.206124,-0.993920,-0.399733,0.072661,0.388954,-0.373388,-0.192181,-0.557543,-0.413919,0.374715,-0.325476,-0.440761,-0.402880,0.225286,0.121634,-0.186197,0.264633,0.285589,-0.973781,-0.321881,-0.511422,0.658243,-0.449128,-0.365408,0.075575,0.094799
0.000000,0.000000,0.000000,0.000000,0.000000,0.000000,0.000000,0.000000,0.000000,0.000000,0.000000,0.000000,0.000000,0.000000,0.000000,0.000000,0.000000,0.000000,0.000000,0.000000,0.000000,0.000000,0.000000,0.000000,0.000000,0.000000,0.000000,0.000000,0.000000,0.000000,0.000000,0.000000,0.000000,0.000000,0.000000,0.000000,0.000000,0.000000,0.000000,0.000000,0.000000,0.000000,0.000000,0.000000,0.000000,0.000000,0.000000,0.000000,0.000000,0.000000,0.000000,0.000000,0.000000,0.000000,0.000000,0.000000,0.000000,0.000000,0.000000,0.000000,0.000000,0.000000,0.000000,0.000000,0.000000,0.000000,0.000000,0.000000,0.000000,0.000000,0.000000,0.000000,0.000000,0.000000,0.000000,2.527434,-0.224143,-0.437672,0.216487,0.456562,0.985195,0.236598,-0.018533,-0.733864,0.973846,0.369984,-0.669965,-0.080645,0.120605,-0.566245,0.464963,0.300675,-0.532505,0.979513,0.897337,-0.468958,-0.116376,0.789576,-0.187408,0.909641,-0.599185,0.448045,0.199012,-0.307630,0.435585,-0.951579,-0.538260,-0.477409,-0.765059,-0.932078,-0.294105,-0.563451,-0.734266,-0.685379,0.652533,-0.810194,0.449710,-0.892091,-0.918736,-0.115514,-0.236294,0.091497,0.405286,-0.380379,-0.611185,0.644234,-0.669386,0.596905,0.174294,-0.421260,-0.371482,-0.258741,0.182159,0.959254,-0.363454,0.883736,-0.589706,-0.774084,0.064228,0.952962,-0.030272,0.599830,-0.054907,0.700004,0.625482,0.372385,0.230821,0.036286,0.913518,0.114760,-0.325724,0.764434,0.320070,0.116346,0.364341,-0.302256,-0.158294,-0.608810,0.710042,0.331184,0.648523,-0.365219,0.990875,-0.285580,-0.292574,0.921271,0.310130,0.866885,0.246284,-0.507050,-0.218527,0.717825,-0.021076,0.417959,-0.666942,-0.200463,0.678914,0.882021,-0.351399,-0.654854,-0.953158,-0.745231,0.671336,-0.088632,-0.416757,0.551320,0.586892,-0.275679,0.802735,-0.073775,-0.477538,0.799512,-0.694097,0.991887,0.226504,0.830695,-0.642328,-0.221777,0.746502,0.674202,0.743702,-0.439082,0.235236,-0.220803,-0.358451,0.040255,0.430106,0.037036,-0.539004,0.614985,0.955577,-0.274243,0.698506,0.727726,-0.478958,0.410614,0.876834,0.479712,-0.939956,0.209038,0.556903,0.236273,-0.942520,-0.759662,0.603245,-0.023893,0.915954,-0.170037,0.643417,-0.929015,0.682029,0.718115,-0.275848,-0.381096,0.819818,0.555409,0.195897,-0.127310,0.824173,0.494444,-0.166328,-0.006560,-0.803137,0.621490,0.683405,-0.288716,-0.380693,-0.495532,-0.653083,0.895570,0.518067,-0.133189,-0.779659,-0.721126
0.000000,0.000000,0.000000,0.000000,0.000000,0.000000,0.000000,0.000000,0.000000,0.000000,0.000000,0.000000,0.000000,0.000000,0.000000,0.000000,0.000000,0.000000,0.000000,0.000000,0.000000,0.000000,0.000000,0.000000,0.000000,0.000000,0.000000,0.000000,0.000000,0.000000,0.000000,0.000000,0.000000,0.000000,0.000000,0.000000,0.000000,0.000000,0.000000,0.000000,0.000000,0.000000,0.000000,0.000000,0.000000,0.000000,0.000000,0.000000,0.000000,0.000000,0.000000,0.000000,0.000000,0.000000,0.000000,0.000000,0.000000,0.000000,0.000000,0.000000,0.000000,0.000000,0.000000,0.000000,0.000000,0.000000,0.000000,0.000000,0.000000,0.000000,0.000000,0.000000,0.000000,0.000000,0.000000,0.000000,2.274471,-0.593838,-0.304252,0.914018,0.162396,0.616695,-0.792237,-0.339228,0.791214,0.620926,0.446900,0.174810,-0.462120,0.170961,-0.898480,-0.595412,0.036531,-0.996045,-0.535546,-0.695504,-0.308974,0.716706,0.894838,-0.669883,-0.537851,0.693755,-0.654648,0.482633,-0.829043,0.296610,-0.468600,0.499122,0.038746,-0.642210,-0.195542,0.028706,0.991954,-0.039275,-0.697521,0.110456,-0.559575,0.759131,0.668136,-0.742706,0.176751,0.393014,-0.496671,0.252750,-0.074623,-0.035843,0.102581,0.140275,0.419596,-0.095144,0.445271,-0.028129,0.325633,-0.473780,0.083403,-0.064008,-0.395607,-0.875376,0.020383,-0.980490,-0.220339,-0.258690,0.267507,0.974858,0.716002,0.950168,0.901874,-0.851775,-0.436105,-0.406025,-0.857959,0.693301,0.790659,0.209948,0.781982,0.428738,-0.118892,-0.700271,0.916993,0.384557,-0.291632,-0.742799,0.597940,0.604030,0.086018,0.999914,-0.227159,0.884130,0.260524,0.472845,0.834154,0.662303,-0.422664,0.734469,0.079417,-0.910342,0.347636,-0.000605,0.073248,-0.176949,-0.871830,-0.639573,0.512909,-0.531542,0.255453,0.083721,-0.557203,-0.438857,-0.232865,0.760373,0.882612,-0.226489,-0.907698,0.201797,-0.164848,-0.015369,-0.116099,0.309147,-0.391120,0.785263,-0.157501,-0.316677,0.845890,-0.283714,-0.833854,-0.689328,0.428590,0.124651,0.069234,-0.836018,-0.671848,-0.207571,-0.103989,-0.246836,0.005488,0.467097,0.271409,0.222571,0.115558,-0.598143,0.209273,-0.683088,0.425830,-0.095425,0.162921,0.725589,-0.253805,-0.800475,0.782794,-0.270032,-0.186953,-0.407953,-0.159661,0.041942,0.686623,0.440321,0.026562,0.527694,0.695583,-0.883703,0.184458,-0.913464,-0.383769,0.524833,0.582571,0.767654,-0.003524,-0.831725,-0.746430,-0.511381,-0.255635,0.053122,0.291875,-0.674993
0.000000,0.000000,0.000000,0.000000,0.000000,0.000000,0.000000,0.000000,0.000000,0.000000,0.000000,0.000000,0.000000,0.000000,0.000000,0.000000,0.000000,0.000000,0.000000,0.000000,0.000000,0.000000,0.000000,0.000000,0.000000,0.000000,0.000000,0.000000,0.000000,0.000000,0.000000,0.000000,0.000000,0.000000,0.000000,0.000000,0.000000,0.000000,0.000000,0.000000,0.000000,0.000000,0.000000,0.000000,0.000000,0.000000,0.000000,0.000000,0.000000,0.000000,0.000000,0.000000,0.000000,0.000000,0.000000,0.000000,0.000000,0.000000,0.000000,0.000000,0.000000,0.000000,0.000000,0.000000,0.000000,0.000000,0.000000,0.000000,0.000000,0.000000,0.000000,0.000000,0.000000,0.000000,0.000000,0.000000,0.000000,0.972421,-0.654020,0.509874,-0.395824,-0.666577,-0.137249,-0.504967,-0.261402,0.648028,-0.332207,-0.650281,-0.535095,-0.931285,0.802259,0.393935,-0.073278,0.121730,-0.491818,-0.192624,-0.360329,0.649087,0.486851,-0.432239,0.524496,-0.812133,-0.594861,-0.787241,-0.523507,-0.547612,0.801109,-0.345221,-0.289564,-0.800499,-0.868035,-0.561225,-0.730908,-0.310780,-0.627911,-0.643657,0.295073,0.884212,-0.975037,0.411112,0.318395,0.170109,0.384596,0.017399,0.853835,-0.683550,-0.052897,0.306077,0.817397,-0.025129,0.953993,0.312966,0.398425,0.636414,0.467837,0.045254,0.545234,-0.928534,0.865535,0.646300,0.275322,-0.862491,-0.410152,-0.492744,-0.485950,0.344205,0.752277,0.363260,-0.222481,0.938473,0.725165,0.370837,-0.205069,0.367655,-0.184010,-0.689626,0.237669,0.396205,-0.301393,0.858616,0.708519,0.165705,-0.879528,-0.965568,0.279773,0.627612,0.000706,-0.953024,-0.710342,-0.577510,0.255511,-0.027881,-0.795586,0.003349,0.738986,-0.121770,-0.700475,0.156016,0.858772,-0.768179,-0.687185,0.133685,-0.320007,0.791121,0.425528,-0.705824,0.741437,0.284584,-0.012731,-0.486907,0.299421,0.796972,-0.923047,-0.249700,0.871319,-0.234181,-0.928259,-0.797112,0.381520,0.400241,-0.769910,-0.561568,0.127746,0.373066,-0.686420,-0.087235,0.124070,-0.900593,-0.552487,0.837791,0.759963,-0.355034,0.735954,0.265104,0.963244,0.932438,0.233876,-0.064321,-0.715438,0.060701,-0.203403,0.291214,-0.821018,0.669836,0.934229,-0.581275,0.265567,0.603877,0.108819,0.870874,0.023733,-0.458905,-0.056800,-0.024267,-0.492577,0.573906,0.235493,-0.259263,-0.156688,-0.256598,-0.104203,0.056189,-0.338146,0.636314,0.856734,0.045601,0.422726,0.861078,-0.616121,-0.620555,-0.854778,-0.115794,-0.337705,0.121068
0.000000,0.000000,0.000000,0.000000,0.000000,0.000000,0.000000,0.000000,0.000000,0.000000,0.000000,0.000000,0.000000,0.000000,0.000000,0.000000,0.000000,0.000000,0.000000,0.000000,0.000000,0.000000,0.000000,0.000000,0.000000,0.000000,0.000000,0.000000,0.000000,0.000000,0.000000,0.000000,0.000000,0.000000,0.000000,0.000000,0.000000,0.000000,0.000000,0.000000,0.000000,0.000000,0.000000,0.000000,0.000000,0.000000,0.000000,0.000000,0.000000,0.000000,0.000000,0.000000,0.000000,0.000000,0.000000,0.000000,0.000000,0.000000,0.000000,0.000000,0.000000,0.000000,0.000000,0.000000,0.000000,0.000000,0.000000,0.000000,0.000000,0.000000,0.000000,0.000000,0.000000,0.000000,0.000000,0.000000,0.000000,0.000000,1.627672,-0.619612,-0.217639,-0.942206,0.074770,-0.457880,-0.775282,-0.868286,0.428898,-0.505319,0.317594,0.631017,-0.000029,-0.733895,0.229096,-0.856785,0.634287,0.523080,-0.195833,-0.461809,0.419109,0.134420,-0.709816,0.518374,-0.332050,0.787695,0.658937,-0.448374,-0.489493,-0.204221,0.608966,-0.738692,-0.367898,0.318216,-0.933019,-0.888200,0.524342,0.044686,0.115205,-0.502272,0.063567,0.090011,-0.172457,0.928847,-0.901472,-0.170144,0.714973,-0.587460,0.869995,-0.149018,-0.686802,-0.813801,-0.345861,0.839448,0.878191,0.126529,-0.763619,-0.086815,-0.164481,-0.537864,-0.847935,-0.236852,-0.256290,0.407959,-0.211547,-0.973732,-0.959963,0.375031,0.321572,-0.679295,0.732450,0.325245,-0.691890,-0.424774,0.947326,-0.184507,-0.526456,0.048261,-0.588897,0.583434,0.588605,0.601686,0.234539,0.388090,-0.357193,0.757776,-0.711677,-0.491026,0.985374,0.920793,0.015241,-0.001785,-0.766359,0.319300,-0.937935,-0.371307,-0.163219,0.787971,0.936905,0.947996,0.597674,-0.420006,-0.909299,-0.148765,-0.405207,0.310380,-0.257883,0.781512,-0.251934,-0.244008,0.518237,0.180054,-0.489423,0.353379,0.125987,-0.791881,-0.065472,0.837408,-0.576413,-0.170766,-0.448100,0.073841,0.950226,-0.380291,0.665670,0.676592,-0.481169,0.545213,0.976244,0.908042,0.211481,-0.696522,-0.761316,-0.466358,0.202626,-0.227549,0.398042,0.575557,-0.639157,0.810588,-0.878854,-0.470144,0.629600,-0.632536,-0.559725,0.951313,0.824729,0.625519,-0.652398,-0.489723,-0.529665,-0.621751,0.940893,-0.667944,0.493426,-0.897970,0.087613,-0.858300,-0.876493,-0.539535,0.851207,0.277660,0.302803,-0.404689,0.447233,0.363105,-0.076629,0.365211,0.734271,0.920761,0.993188,-0.023376,-0.934494,-0.541644,-0.606302,-0.398922
0.000000,0.000000,0.000000,0.000000,0.000000,0.000000,0.000000,0.000000,0.000000,0.000000,0.000000,0.000000,0.000000,0.000000,0.000000,0.000000,0.000000,0.000000,0.000000,0.000000,0.000000,0.000000,0.000000,0.000000,0.000000,0.000000,0.000000,0.000000,0.000000,0.000000,0.000000,0.000000,0.000000,0.000000,0.000000,0.000000,0.000000,0.000000,0.000000,0.000000,0.000000,0.000000,0.000000,0.000000,0.000000,0.000000,0.000000,0.000000,0.000000,0.000000,0.000000,0.000000,0.000000,0.000000,0.000000,0.000000,0.000000,0.000000,0.000000,0.000000,0.000000,0.000000,0.000000,0.000000,0.000000,0.000000,0.000000,0.000000,0.000000,0.000000,0.000000,0.000000,0.000000,0.000000,0.000000,0.000000,0.000000,0.000000,0.000000,1.401255,0.337355,0.051378,0.299489,0.943679,-0.901856,-0.971203,0.331011,0.092508,-0.034502,0.706655,-0.682248,0.147239,0.863854,-0.108293,0.159831,-0.860001,-0.301634,-0.917203,0.144753,0.180948,0.901681,0.276812,-0.994034,0.666469,-0.340687,0.428543,-0.471943,0.520450,0.854981,-0.841362,0.088724,0.080804,-0.427125,-0.316651,0.352322,-0.414778,-0.938746,0.538372,0.250386,-0.499090,0.923082,0.796856,0.928752,0.024473,-0.529667,-0.652342,0.897047,0.781657,0.481875,0.021030,-0.231185,0.406890,-0.980942,0.048555,0.357320,0.507520,-0.097838,0.490278,-0.808317,-0.533451,-0.710775,-0.320324,-0.311614,-0.252121,-0.068350,-0.127333,-0.019056,0.505193,-0.715967,-0.298587,-0.999730,-0.943542,0.212842,0.752003,-0.388181,-0.196209,-0.580247,-0.714401,0.768196,0.144240,0.409750,0.763783,0.176787,-0.639432,0.426634,0.495612,-0.172103,0.233628,-0.030900,-0.334001,0.344832,-0.505095,-0.345058,-0.188622,0.229241,0.704408,0.229833,0.452163,-0.414685,0.174830,-0.792296,-0.073456,0.379758,-0.640555,0.804194,-0.165615,0.342284,-0.060211,0.464516,0.168606,-0.754855,0.849429,0.320121,-0.055855,0.353210,-0.478208,0.537922,-0.177549,0.610068,-0.451894,0.580560,0.813384,0.961642,0.553420,0.408026,0.039884,-0.788531,0.119708,0.126506,-0.870532,0.381252,-0.702115,0.193224,-0.054734,0.750109,-0.535511,-0.657586,0.102342,-0.079514,-0.677405,0.227424,0.811635,0.480508,-0.580886,-0.523188,0.115122,0.355034,0.957991,-0.790360,0.092690,0.974749,-0.778206,0.945137,-0.075644,0.434779,-0.149457,0.682088,0.817036,-0.666670,0.494485,-0.958521,-0.446280,0.104685,0.206410,-0.269467,-0.459124,-0.656700,-0.520575,-0.739546,-0.477668,0.642559,-0.424955,0.815378,-0.509542
0.000000,0.000000,0.000000,0.000000,0.000000,0.000000,0.000000,0.000000,0.000000,0.000000,0.000000,0.000000,0.000000,0.000000,0.000000,0.000000,0.000000,0.000000,0.000000,0.000000,0.000000,0.000000,0.000000,0.000000,0.000000,0.000000,0.000000,0.000000,0.000000,0.000000,0.000000,0.000000,0.000000,0.000000,0.000000,0.000000,0.000000,0.000000,0.000000,0.000000,0.000000,0.000000,0.000000,0.000000,0.000000,0.000000,0.000000,0.000000,0.000000,0.000000,0.000000,0.000000,0.000000,0.000000,0.000000,0.000000,0.000000,0.000000,0.000000,0.000000,0.000000,0.000000,0.000000,0.000000,0.000000,0.000000,0.000000,0.000000,0.000000,0.000000,0.000000,0.000000,0.000000,0.000000,0.000000,0.000000,0.000000,0.000000,0.000000,0.000000,1.729910,-0.664860,-0.965811,0.251080,-0.324468,-0.309850,-0.184496,0.555519,-0.200517,-0.827186,-0.442493,0.152258,0.986974,-0.713706,-0.353097,-0.028813,0.889287,-0.783156,0.587644,0.445909,-0.387124,0.547507,0.149748,-0.657280,-0.428521,-0.343319,-0.353941,0.492731,0.320590,0.639710,0.021592,-0.298937,-0.864497,0.588785,-0.850462,-0.397071,0.337767,0.528341,-0.862974,0.215235,-0.725722,0.514480,0.459706,0.496115,-0.872485,0.118851,-0.518301,-0.008384,0.978823,-0.819054,0.188104,-0.670001,0.020102,0.041800,-0.087549,0.279231,0.948386,0.610437,0.917047,-0.621094,0.986459,-0.389672,-0.931669,-0.127528,-0.507606,0.524241,-0.826117,0.096006,-0.421207,-0.586534,0.751277,0.031010,-0.349111,0.492236,0.706381,-0.115824,-0.635752,0.988676,-0.282048,-0.588991,-0.793382,-0.752292,0.886085,0.893321,0.015866,0.384271,0.665283,0.114909,0.333962,0.933948,-0.654927,-0.722433,0.506064,0.406657,-0.628096,-0.395170,0.370510,-0.011269,0.786950,0.674309,-0.025760,0.333729,0.286922,-0.815843,-0.148816,-0.120237,0.794735,0.770561,-0.884729,0.690338,0.223365,-0.967548,-0.236695,0.776181,-0.283533,0.352893,0.131327,0.179720,-0.038399,-0.035316,0.805291,-0.172368,-0.617175,-0.160539,0.465825,-0.049516,0.464193,-0.520432,0.165522,0.728651,0.058599,0.273638,0.357614,0.479359,-0.299421,0.253693,-0.167663,-0.218082,-0.049597,-0.184371,-0.948263,0.483990,0.168677,-0.724840,-0.477384,0.222069,0.036034,0.446843,-0.021536,0.689272,-0.845090,0.226377,-0.256899,-0.386314,0.887284,0.727615,-0.632568,-0.885126,0.734510,-0.661406,0.856500,-0.445360,-0.176692,-0.910032,0.075063,-0.622528,-0.137848,0.838811,-0.494855,0.269838,-0.596021,0.219693,-0.421692,0.363127
0.000000,0.000000,0.000000,0.000000,0.000000,0.000000,0.000000,0.000000,0.000000,0.000000,0.000000,0.000000,0.000000,0.000000,0.000000,0.000000,0.000000,0.000000,0.000000,0.000000,0.000000,0.000000,0.000000,0.000000,0.000000,0.000000,0.000000,0.000000,0.000000,0.000000,0.000000,0.000000,0.000000,0.000000,0.000000,0.000000,0.000000,0.000000,0.000000,0.000000,0.000000,0.000000,0.000000,0.000000,0.000000,0.000000,0.000000,0.000000,0.000000,0.000000,0.000000,0.000000,0.000000,0.000000,0.000000,0.000000,0.000000,0.000000,0.000000,0.000000,0.000000,0.000000,0.000000,0.000000,0.000000,0.000000,0.000000,0.000000,0.000000,0.000000,0.000000,0.000000,0.000000,0.000000,0.000000,0.000000,0.000000,0.000000,0.000000,0.000000,0.000000,2.426556,0.761352,0.837190,-0.517396,-0.742012,-0.902966,0.440716,-0.626215,0.600333,0.929636,-0.704071,-0.433338,0.048129,-0.138902,-0.148117,-0.565789,0.778430,0.363179,-0.692263,-0.991122,0.525366,-0.968285,0.760833,0.058853,0.860171,0.543713,0.788687,0.487635,0.153234,-0.653879,0.455293,0.184615,-0.090683,0.117183,-0.535487,-0.191146,-0.751605,-0.180461,-0.066135,0.715544,0.054360,0.817737,0.935836,-0.902025,0.194287,-0.401533,0.702651,-0.011844,-0.843830,-0.569987,0.347776,-0.840770,-0.241843,0.743244,-0.941597,0.392401,0.350968,-0.358526,-0.774567,-0.795185,0.938456,0.353833,-0.248018,0.667091,-0.793328,-0.746144,-0.604874,0.527125,-0.182209,0.285153,-0.535098,0.554597,0.603330,-0.173484,-0.581436,0.260101,-0.487729,-0.703414,0.231595,0.025818,0.566914,-0.415381,-0.549395,0.281046,0.402120,-0.173273,-0.115280,-0.752910,-0.061162,0.922656,-0.772604,0.135936,-0.963218,-0.349252,0.522289,0.134323,-0.837735,-0.096337,-0.841848,-0.252941,0.537909,-0.483501,-0.093221,0.000678,0.706552,-0.756993,0.100837,-0.938420,-0.813326,-0.558554,0.439429,-0.917782,0.890138,-0.144664,0.677304,-0.556249,-0.324379,0.454032,-0.241606,0.014976,0.618504,0.302190,0.671752,-0.827028,0.216141,0.202409,0.214197,0.177620,0.447676,0.688073,-0.540804,-0.790872,-0.852049,-0.683144,0.311905,-0.167003,-0.301021,0.819902,0.800352,0.077783,-0.082999,-0.459119,-0.080196,-0.178162,-0.986096,0.517153,-0.122853,-0.554301,0.332523,-0.104663,-0.372540,-0.538379,-0.881717,0.006044,-0.249112,-0.919342,0.624813,0.616569,-0.019949,0.677801,-0.037989,-0.662194,0.035196,-0.374866,-0.095271,0.941340,-0.288938,-0.568220,-0.742897,0.767855,-0.970123,0.814907,-0.876456
0.000000,0.000000,0.000000,0.000000,0.000000,0.000000,0.000000,0.000000,0.000000,0.000000,0.000000,0.000000,0.000000,0.000000,0.000000,0.000000,0.000000,0.000000,0.000000,0.000000,0.000000,0.000000,0.000000,0.000000,0.000000,0.000000,0.000000,0.000000,0.000000,0.000000,0.000000,0.000000,0.000000,0.000000,0.000000,0.000000,0.000000,0.000000,0.000000,0.000000,0.000000,0.000000,0.000000,0.000000,0.000000,0.000000,0.000000,0.000000,0.000000,0.000000,0.000000,0.000000,0.000000,0.000000,0.000000,0.000000,0.000000,0.000000,0.000000,0.000000,0.000000,0.000000,0.000000,0.000000,0.000000,0.000000,0.000000,0.000000,0.000000,0.000000,0.000000,0.000000,0.000000,0.000000,0.000000,0.000000,0.000000,0.000000,0.000000,0.000000,0.000000,0.000000,2.381648,-0.412698,-0.500185,-0.640129,-0.730970,-0.867531,-0.689911,0.176955,0.139357,-0.437851,0.359764,0.539258,0.960350,-0.120461,-0.250822,0.946350,0.884305,0.853896,0.217572,0.235464,0.855960,-0.040362,-0.573049,0.970517,0.684139,-0.887892,-0.775070,0.764235,-0.397827,0.392772,-0.764356,-0.658933,0.494733,0.958583,0.004398,-0.914168,-0.531366,-0.574598,0.870544,-0.161700,0.895346,0.719169,-0.098387,-0.950280,0.945901,-0.979857,0.712259,-0.173536,-0.397382,-0.183399,-0.286181,0.378239,0.145446,-0.486190,0.055002,-0.190100,0.841293,0.784756,0.234692,0.930736,-0.249746,-0.824059,-0.904695,0.666890,-0.233019,0.720548,-0.082530,-0.977653,0.057297,0.189092,-0.096982,0.676069,0.288016,-0.270522,0.438005,-0.360773,0.677095,-0.439793,0.333222,-0.169816,-0.797633,0.259410,-0.233892,0.268527,0.079807,-0.916810,-0.590043,0.400842,-0.064688,-0.067061,-0.995203,-0.394404,0.338932,0.773976,0.148014,0.081291,-0.059370,0.356962,0.596262,-0.558633,0.427953,-0.512290,-0.936415,-0.850640,-0.906917,-0.439653,-0.745653,-0.829592,-0.704826,-0.923603,-0.312897,0.645632,0.107557,-0.870067,-0.250153,-0.140331,-0.655177,-0.253976,-0.326490,-0.012383,0.394584,-0.042326,-0.852092,-0.889543,0.775919,0.389528,0.314359,0.826403,0.083012,-0.852553,0.428769,-0.675455,0.332389,-0.198585,-0.943548,-0.888941,-0.214732,0.189086,-0.658206,-0.786500,-0.247539,0.608361,0.568011,0.368280,-0.149286,-0.116125,-0.548112,-0.725715,-0.968318,0.720300,-0.007631,-0.993914,0.058347,-0.483352,-0.145275,0.344822,0.619488,0.400964,0.792597,-0.530508,0.322770,0.779663,-0.383000,0.598903,0.880431,0.287754,-0.671471,-0.478280,0.359960,0.732351,-0.952487,-0.347337
0.000000,0.000000,0.000000,0.000000,0.000000,0.000000,0.000000,0.000000,0.000000,0.000000,0.000000,0.000000,0.000000,0.000000,0.000000,0.000000,0.000000,0.000000,0.000000,0.000000,0.000000,0.000000,0.000000,0.000000,0.000000,0.000000,0.000000,0.000000,0.000000,0.000000,0.000000,0.000000,0.000000,0.000000,0.000000,0.000000,0.000000,0.000000,0.000000,0.000000,0.000000,0.000000,0.000000,0.000000,0.000000,0.000000,0.000000,0.000000,0.000000,0.000000,0.000000,0.000000,0.000000,0.000000,0.000000,0.000000,0.000000,0.000000,0.000000,0.000000,0.000000,0.000000,0.000000,0.000000,0.000000,0.000000,0.000000,0.000000,0.000000,0.000000,0.000000,0.000000,0.000000,0.000000,0.000000,0.000000,0.000000,0.000000,0.000000,0.000000,0.000000,0.000000,0.000000,1.083925,-0.155878,0.536956,0.005611,0.036581,0.218052,0.031347,0.376523,-0.785925,-0.954398,0.653580,-0.042184,-0.403052,-0.091390,0.300183,-0.756594,0.047223,-0.778584,0.719139,0.124768,0.621719,0.442011,0.630511,-0.316385,-0.721075,0.783210,0.769279,0.766546,0.978544,0.192335,0.024993,0.594662,-0.779731,0.566094,0.624452,0.154384,-0.224160,0.312454,0.830035,-0.684071,-0.377794,0.342841,0.666434,0.304138,0.181685,-0.828518,-0.132567,0.780349,-0.276719,-0.237989,-0.284885,-0.274503,-0.190482,0.546728,-0.089874,0.214171,-0.115159,0.747668,-0.642502,-0.754195,-0.184548,0.948575,0.399593,0.232540,-0.219331,-0.409696,0.913156,-0.146161,0.422170,0.620876,0.315046,-0.534788,-0.424033,-0.954034,0.938757,0.669306,-0.191977,0.784842,-0.692639,-0.915924,-0.729413,0.766839,-0.679018,-0.863747,-0.628906,-0.169875,-0.007138,-0.528166,0.611433,0.919689,-0.418328,0.862175,0.635839,0.772041,-0.880602,0.668084,0.171850,-0.923483,0.507301,-0.516570,0.594151,0.251978,-0.015336,-0.953233,0.779349,-0.704871,0.659390,0.376325,-0.860855,0.084430,0.923508,0.845618,-0.707403,-0.653633,-0.692732,0.512349,-0.678492,-0.870837,-0.219336,0.933779,-0.383480,0.448472,-0.712078,0.242292,0.162332,0.808346,0.433114,-0.758430,-0.190400,-0.998887,-0.518006,0.942652,-0.088517,0.735155,-0.952542,0.760116,0.778792,0.306865,-0.767498,0.752032,0.799728,-0.597907,0.880327,0.762083,-0.590247,-0.212359,-0.326642,-0.003547,0.778001,0.748695,-0.648655,0.102266,0.068068,-0.099203,0.429420,0.291939,-0.449785,-0.303657,0.776737,-0.348456,-0.111829,0.945793,0.714562,0.397926,-0.391955,0.257500,0.284040,-0.176876,-0.927763,-0.266943,0.016267
0.000000,0.000000,0.000000,0.000000,0.000000,0.000000,0.000000,0.000000,0.000000,0.000000,0.000000,0.000000,0.000000,0.000000,0.000000,0.000000,0.000000,0.000000,0.000000,0.000000,0.000000,0.000000,0.000000,0.000000,0.000000,0.000000,0.000000,0.000000,0.000000,0.000000,0.000000,0.000000,0.000000,0.000000,0.000000,0.000000,0.000000,0.000000,0.000000,0.000000,0.000000,0.000000,0.000000,0.000000,0.000000,0.000000,0.000000,0.000000,0.000000,0.000000,0.000000,0.000000,0.000000,0.000000,0.000000,0.000000,0.000000,0.000000,0.000000,0.000000,0.000000,0.000000,0.000000,0.000000,0.000000,0.000000,0.000000,0.000000,0.000000,0.000000,0.000000,0.000000,0.000000,0.000000,0.000000,0.000000,0.000000,0.000000,0.000000,0.000000,0.000000,0.000000,0.000000,0.000000,2.875355,0.454992,-0.784147,-0.397155,0.043368,-0.097769,-0.989755,0.870200,0.808080,0.847489,-0.142890,0.666751,0.417075,0.023490,-0.845736,-0.664296,-0.523534,0.791821,0.330736,0.966062,0.132864,-0.830591,-0.044474,-0.776431,0.802727,-0.443131,-0.605460,0.023263,0.614174,0.020696,-0.923567,0.485911,-0.931857,0.208757,0.233867,-0.582961,-0.106849,-0.987616,-0.432641,0.238702,-0.431661,-0.904738,0.348528,0.484790,0.725973,0.751092,-0.007366,-0.185282,0.171730,0.585338,-0.049336,0.990334,0.275031,-0.383787,0.587418,-0.698467,0.871574,-0.319296,0.370095,0.250616,-0.808254,0.443239,-0.376363,-0.237638,-0.806951,0.620169,0.720544,-0.731465,0.625225,0.795999,-0.805411,0.994856,-0.990899,0.684811,0.116581,0.914567,-0.323800,-0.278304,0.680756,0.421372,0.201037,0.288769,0.365276,-0.904317,-0.764433,-0.637486,-0.646426,0.685813,-0.210980,-0.021152,-0.821207,0.741186,-0.979473,-0.833408,0.624219,-0.738806,0.586715,-0.299165,0.552196,-0.899289,-0.317476,-0.037452,0.251409,0.672440,-0.511063,0.317777,-0.696459,0.590336,0.866442,-0.905441,-0.840284,0.575082,0.760460,0.296436,-0.077626,0.538134,-0.400581,0.983508,0.695987,0.774266,0.709765,0.865772,-0.871011,0.817256,-0.502794,-0.281654,-0.258859,-0.535132,-0.123148,0.011040,-0.702672,-0.280962,-0.303707,0.349341,0.161568,0.432218,0.567887,0.334012,-0.517511,0.004239,-0.066850,-0.851900,0.788963,-0.817129,0.952885,-0.936508,0.459358,-0.424851,0.809434,0.648064,-0.949978,-0.956099,0.206382,-0.700817,-0.971683,0.935524,0.265725,-0.978335,-0.018960,-0.684926,0.610364,-0.942636,-0.258168,-0.523943,0.961746,-0.843777,0.439778,-0.043944,0.632980,-0.571511
0.000000,0.000000,0.000000,0.000000,0.000000,0.000000,0.000000,0.000000,0.000000,0.000000,0.000000,0.000000,0.000000,0.000000,0.000000,0.000000,0.000000,0.000000,0.000000,0.000000,0.000000,0.000000,0.000000,0.000000,0.000000,0.000000,0.000000,0.000000,0.000000,0.000000,0.000000,0.000000,0.000000,0.000000,0.000000,0.000000,0.000000,0.000000,0.000000,0.000000,0.000000,0.000000,0.000000,0.000000,0.000000,0.000000,0.000000,0.000000,0.000000,0.000000,0.000000,0.000000,0.000000,0.000000,0.000000,0.000000,0.000000,0.000000,0.000000,0.000000,0.000000,0.000000,0.000000,0.000000,0.000000,0.000000,0.000000,0.000000,0.000000,0.000000,0.000000,0.000000,0.000000,0.000000,0.000000,0.000000,0.000000,0.000000,0.000000,0.000000,0.000000,0.000000,0.000000,0.000000,0.000000,2.638238,0.900734,-0.573785,-0.514510,0.927335,-0.131745,0.670486,0.684859,-0.378295,-0.642430,-0.266939,0.183806,-0.005829,0.473594,0.097618,0.611030,-0.792124,-0.121811,-0.967874,-0.758386,-0.336985,0.803026,-0.239689,-0.453066,0.341577,0.406942,-0.037343,-0.422963,-0.396379,-0.628908,-0.274821,-0.663493,0.285846,0.789380,-0.491494,-0.515570,0.796305,0.136066,0.459550,0.778269,0.329946,0.484918,-0.226106,0.876337,0.407800,-0.856611,0.190433,-0.810687,0.044238,-0.823025,0.254482,-0.087268,0.106158,0.297901,-0.499304,-0.360958,-0.035864,0.132623,0.847292,-0.296194,0.183461,0.845090,0.435653,-0.343316,-0.170588,0.757568,-0.124627,-0.495913,0.046141,-0.628004,0.164090,0.983003,0.938560,0.227599,0.772559,0.630306,0.901338,0.746192,0.799665,-0.540905,-0.683963,-0.912056,0.318612,0.867012,0.987700,0.704685,0.662021,0.037766,-0.096084,0.280633,-0.954585,0.588647,0.314967,-0.659902,0.271394,0.198939,0.576000,0.674955,-0.493161,0.628955,-0.635808,-0.211574,-0.014707,0.609863,0.802162,-0.965567,0.474489,0.755042,0.908611,-0.464222,-0.654079,-0.002110,0.802007,-0.368773,0.010121,0.991110,-0.087935,0.256501,0.991191,-0.265483,-0.454140,-0.434521,0.234027,-0.674592,-0.670960,-0.479733,0.081871,0.688352,0.058541,0.565283,0.915114,0.480003,0.285577,-0.983611,-0.103177,-0.463901,0.024846,0.902169,-0.359105,-0.678436,0.651792,0.981166,0.560142,-0.723216,0.101390,-0.189619,0.266865,0.337224,0.614180,-0.519827,0.929357,-0.570622,-0.751804,0.657742,-0.073502,-0.019539,-0.362529,-0.907174,-0.612798,0.523269,-0.551187,0.985332,0.572454,0.697180,0.746561,0.437809,-0.067634,0.834025,-0.146946
0.000000,0.000000,0.000000,0.000000,0.000000,0.000000,0.000000,0.000000,0.000000,0.000000,0.000000,0.000000,0.000000,0.000000,0.000000,0.000000,0.000000,0.000000,0.000000,0.000000,0.000000,0.000000,0.000000,0.000000,0.000000,0.000000,0.000000,0.000000,0.000000,0.000000,0.000000,0.000000,0.000000,0.000000,0.000000,0.000000,0.000000,0.000000,0.000000,0.000000,0.000000,0.000000,0.000000,0.000000,0.000000,0.000000,0.000000,0.000000,0.000000,0.000000,0.000000,0.000000,0.000000,0.000000,0.000000,0.000000,0.000000,0.000000,0.000000,0.000000,0.000000,0.000000,0.000000,0.000000,0.000000,0.000000,0.000000,0.000000,0.000000,0.000000,0.000000,0.000000,0.000000,0.000000,0.000000,0.000000,0.000000,0.000000,0.000000,0.000000,0.000000,0.000000,0.000000,0.000000,0.000000,0.000000,0.739548,0.192886,-0.788870,0.310777,0.995054,0.350416,-0.578896,-0.724281,-0.287228,-0.708470,0.139387,0.566197,0.316277,0.234397,-0.128787,-0.654542,0.275559,-0.161304,-0.389077,0.318573,-0.242928,-0.663339,-0.032973,-0.421635,0.466977,-0.905866,0.705688,-0.077307,-0.968112,-0.733275,0.890881,0.074013,0.537091,0.765554,-0.359389,0.093834,0.300648,0.683170,-0.159821,0.903506,0.214241,0.747745,-0.833284,-0.073315,-0.641661,0.823766,-0.530025,0.425960,-0.874261,-0.598311,-0.360295,0.563747,-0.497666,0.633769,0.577222,0.984407,0.354281,0.274875,0.203072,-0.780762,0.026444,0.702966,-0.958286,-0.746690,0.201099,0.694032,-0.385336,0.742956,-0.324947,-0.069083,0.906061,-0.164816,0.198963,0.870931,-0.471236,-0.816128,0.916060,0.119659,0.931681,0.733489,0.189253,-0.057319,-0.039500,-0.667967,-0.092876,0.643464,0.977576,0.920684,0.924357,-0.961978,0.031544,-0.599738,0.230568,0.891674,0.753302,0.733165,-0.268563,0.002343,-0.436111,0.107709,-0.393224,0.617463,-0.071161,0.400798,0.745334,-0.400502,0.244183,0.691626,0.901465,-0.673867,0.362840,-0.129562,-0.428954,-0.684541,0.170761,-0.331824,0.335887,-0.438006,-0.998817,0.534456,-0.677346,-0.494993,-0.529292,-0.315518,-0.029316,0.624904,0.300440,-0.708003,-0.632648,0.694125,-0.500289,-0.562634,-0.992860,0.548151,0.476904,-0.304772,-0.985370,0.571151,-0.801270,-0.079064,0.680295,-0.511436,-0.240663,0.321713,0.346326,-0.074587,-0.132495,-0.160982,-0.027935,-0.306710,-0.487171,-0.367897,-0.044465,-0.235718,0.171076,0.262282,0.992287,0.230339,0.469266,-0.803936,0.520898,0.017807,0.733116,0.941818,-0.539269,0.857350,0.343282,0.478227
0.000000,0.000000,0.000000,0.000000,0.000000,0.000000,0.000000,0.000000,0.000000,0.000000,0.000000,0.000000,0.000000,0.000000,0.000000,0.000000,0.000000,0.000000,0.000000,0.000000,0.000000,0.000000,0.000000,0.000000,0.000000,0.000000,0.000000,0.000000,0.000000,0.000000,0.000000,0.000000,0.000000,0.000000,0.000000,0.000000,0.000000,0.000000,0.000000,0.000000,0.000000,0.000000,0.000000,0.000000,0.000000,0.000000,0.000000,0.000000,0.000000,0.000000,0.000000,0.000000,0.000000,0.000000,0.000000,0.000000,0.000000,0.000000,0.000000,0.000000,0.000000,0.000000,0.000000,0.000000,0.000000,0.000000,0.000000,0.000000,0.000000,0.000000,0.000000,0.000000,0.000000,0.000000,0.000000,0.000000,0.000000,0.000000,0.000000,0.000000,0.000000,0.000000,0.000000,0.000000,0.000000,0.000000,0.000000,1.680903,-0.290413,0.600068,-0.956056,0.081191,-0.852340,-0.490730,0.450398,0.509477,0.778087,0.430874,0.349492,0.890235,0.074819,0.307763,0.736126,0.527390,0.539851,0.073512,0.055690,0.297413,0.401093,0.092204,-0.629066,-0.503177,-0.013850,-0.591870,-0.153025,-0.705718,-0.707535,0.686430,0.084500,0.560870,-0.976921,-0.428738,-0.964639,-0.993236,-0.935967,0.043049,-0.818356,0.596748,0.032375,-0.509294,0.677314,0.019275,-0.298402,0.135901,0.345217,0.117607,0.865571,-0.292053,-0.180101,0.717709,0.274975,0.932533,0.584329,0.025857,0.269437,-0.187831,-0.744709,-0.185779,-0.437028,0.356160,0.338394,0.874736,-0.841085,-0.064863,-0.202722,0.054877,-0.760874,-0.017147,0.314022,-0.372427,0.300884,-0.468657,-0.261389,0.814577,-0.949883,-0.454353,0.871451,-0.705914,-0.205184,-0.091809,0.305295,0.223547,0.253525,0.880822,-0.214430,-0.020374,0.927948,-0.743695,0.896423,0.896561,0.906950,-0.865942,0.155133,0.676344,-0.372597,0.181123,-0.487110,-0.740773,0.704513,0.962441,-0.860507,-0.757358,0.177214,-0.827377,0.262331,0.438971,-0.170741,0.512486,-0.772742,-0.397527,0.615278,-0.823304,-0.429829,0.242326,-0.505216,-0.038248,0.674383,-0.460667,-0.128298,-0.963495,0.416739,-0.289882,0.720107,-0.822877,0.564461,0.627590,0.552138,0.468759,-0.524421,-0.166535,-0.228095,-0.517924,-0.016619,0.395066,-0.042546,0.948929,0.417517,-0.114602,-0.192085,0.167213,-0.136472,-0.556123,0.042092,0.345429,-0.283110,-0.433353,-0.565215,-0.274356,-0.511265,0.526197,0.277428,-0.426136,0.983663,0.291344,-0.715054,0.658675,0.507404,0.000057,-0.533073,0.621753,-0.750964,-0.163929,0.634645,0.602882
0.000000,0.000000,0.000000,0.000000,0.000000,0.000000,0.000000,0.000000,0.000000,0.000000,0.000000,0.000000,0.000000,0.000000,0.000000,0.000000,0.000000,0.000000,0.000000,0.000000,0.000000,0.000000,0.000000,0.000000,0.000000,0.000000,0.000000,0.000000,0.000000,0.000000,0.000000,0.000000,0.000000,0.000000,0.000000,0.000000,0.000000,0.000000,0.000000,0.000000,0.000000,0.000000,0.000000,0.000000,0.000000,0.000000,0.000000,0.000000,0.000000,0.000000,0.000000,0.000000,0.000000,0.000000,0.000000,0.000000,0.000000,0.000000,0.000000,0.000000,0.000000,0.000000,0.000000,0.000000,0.000000,0.000000,0.000000,0.000000,0.000000,0.000000,0.000000,0.000000,0.000000,0.000000,0.000000,0.000000,0.000000,0.000000,0.000000,0.000000,0.000000,0.000000,0.000000,0.000000,0.000000,0.000000,0.000000,0.000000,2.074731,-0.984515,-0.333755,0.706396,0.442732,0.621191,-0.874037,0.881539,-0.541900,-0.335414,0.681166,-0.187562,0.286153,0.104727,0.732153,-0.687753,-0.804418,0.264707,0.689283,0.846203,-0.200149,0.469713,-0.218427,-0.362249,-0.951575,-0.499779,-0.659655,-0.462775,-0.422546,0.717819,-0.593248,0.638597,0.718685,-0.072447,0.449031,-0.362785,-0.964458,0.419303,0.212826,-0.077273,0.797380,0.454516,-0.148838,-0.893242,0.752171,0.969286,0.269042,0.536401,0.012050,-0.526714,0.824135,0.376701,0.097126,0.364169,0.023723,-0.883231,0.320882,-0.989566,-0.559308,-0.688041,-0.319755,0.816631,-0.840597,-0.285187,0.519124,0.726183,0.472258,0.930423,0.391835,0.489602,-0.155865,-0.395893,-0.076249,0.535834,0.300526,0.543798,0.255173,0.466203,-0.688662,-0.352683,0.122384,-0.966905,0.824594,-0.521020,-0.822996,0.328500,-0.612522,0.123869,-0.502047,-0.668117,0.469992,-0.223254,0.148876,-0.567751,0.104829,-0.157539,-0.897551,0.453384,0.104729,0.854680,0.615900,0.142238,-0.913881,0.503837,0.098088,0.670063,0.155490,-0.995945,0.629824,0.598548,-0.801195,0.367647,0.052201,0.179834,0.778707,-0.500863,-0.973680,-0.582876,0.830252,-0.577154,0.349021,0.579371,0.626421,-0.979126,-0.981195,0.978020,0.054854,-0.872593,-0.946382,0.621542,0.809910,0.048985,-0.256572,0.404713,-0.955223,0.797832,-0.487819,-0.618182,-0.378415,-0.872545,-0.220879,0.429496,-0.003587,0.335958,-0.572456,-0.204219,0.038963,0.145117,-0.627207,0.615338,-0.819568,-0.803425,-0.500599,0.308548,-0.845826,-0.984549,-0.055637,-0.306686,-0.686507,0.311848,0.282863,-0.756214,-0.540397,-0.270041,0.980080,0.537181
0.000000,0.000000,0.000000,0.000000,0.000000,0.000000,0.000000,0.000000,0.000000,0.000000,0.000000,0.000000,0.000000,0.000000,0.000000,0.000000,0.000000,0.000000,0.000000,0.000000,0.000000,0.000000,0.000000,0.000000,0.000000,0.000000,0.000000,0.000000,0.000000,0.000000,0.000000,0.000000,0.000000,0.000000,0.000000,0.000000,0.000000,0.000000,0.000000,0.000000,0.000000,0.000000,0.000000,0.000000,0.000000,0.000000,0.000000,0.000000,0.000000,0.000000,0.000000,0.000000,0.000000,0.000000,0.000000,0.000000,0.000000,0.000000,0.000000,0.000000,0.000000,0.000000,0.000000,0.000000,0.000000,0.000000,0.000000,0.000000,0.000000,0.000000,0.000000,0.000000,0.000000,0.000000,0.000000,0.000000,0.000000,0.000000,0.000000,0.000000,0.000000,0.000000,0.000000,0.000000,0.000000,0.000000,0.000000,0.000000,0.000000,1.342913,0.930876,-0.090136,-0.239336,0.888572,0.472351,0.095689,0.201393,0.945621,-0.694197,-0.305749,-0.157967,0.969399,-0.831612,-0.776698,-0.129259,-0.661513,0.369660,-0.278645,0.692415,0.497221,-0.058386,0.689959,-0.798362,0.162198,0.210266,-0.507958,-0.900757,0.070398,0.027354,0.307224,-0.574143,-0.640713,0.955832,-0.772623,0.998817,0.439954,0.258644,-0.320433,0.735606,0.820123,0.443768,0.419777,-0.013691,-0.844330,0.998058,-0.968889,-0.009205,-0.265731,0.552265,0.471561,0.256099,-0.850523,-0.526301,-0.811683,0.957953,-0.744434,0.934385,-0.774576,0.724461,0.149260,0.663451,0.268068,0.537674,0.461623,-0.479626,0.870097,0.287292,-0.595832,-0.387916,0.066102,0.763653,0.593506,-0.395904,0.376973,-0.996686,-0.334718,0.679190,-0.697598,-0.293209,-0.997913,-0.953735,-0.707962,-0.796274,-0.020541,0.800009,-0.830717,0.739674,0.336316,-0.662210,-0.420527,-0.611633,0.578597,0.450201,-0.391181,-0.891331,-0.662518,0.259753,-0.819254,0.072931,0.225858,0.375507,-0.749289,-0.080588,-0.073207,0.670565,-0.062566,-0.186408,-0.753079,0.388929,0.239579,0.433900,0.312567,0.750568,0.754692,-0.384633,-0.635176,0.852955,0.426080,0.941955,-0.006089,0.924487,-0.754562,0.180729,-0.006529,-0.994710,-0.614203,-0.693056,-0.878381,0.896298,0.930734,0.783500,0.977762,0.661328,0.864362,-0.604738,-0.486232,0.724132,-0.041073,0.433945,0.123818,-0.388723,-0.430330,0.496359,0.064190,-0.281229,0.234079,-0.160125,-0.049850,0.355819,-0.084070,0.899881,-0.029615,0.923646,0.695376,0.781855,0.526551,0.209051,0.065335,0.103310,-0.597091,-0.571210,-0.931676,0.491121,-0.750273
0.000000,0.000000,0.000000,0.000000,0.000000,0.000000,0.000000,0.000000,0.000000,0.000000,0.000000,0.000000,0.000000,0.000000,0.000000,0.000000,0.000000,0.000000,0.000000,0.000000,0.000000,0.000000,0.000000,0.000000,0.000000,0.000000,0.000000,0.000000,0.000000,0.000000,0.000000,0.000000,0.000000,0.000000,0.000000,0.000000,0.000000,0.000000,0.000000,0.000000,0.000000,0.000000,0.000000,0.000000,0.000000,0.000000,0.000000,0.000000,0.000000,0.000000,0.000000,0.000000,0.000000,0.000000,0.000000,0.000000,0.000000,0.000000,0.000000,0.000000,0.000000,0.000000,0.000000,0.000000,0.000000,0.000000,0.000000,0.000000,0.000000,0.000000,0.000000,0.000000,0.000000,0.000000,0.000000,0.000000,0.000000,0.000000,0.000000,0.000000,0.000000,0.000000,0.000000,0.000000,0.000000,0.000000,0.000000,0.000000,0.000000,0.000000,1.955373,-0.724154,-0.866907,0.067189,0.746192,-0.287971,0.838455,-0.979386,-0.068522,-0.706471,-0.368439,-0.952537,-0.929305,0.425627,0.309080,-0.583329,0.802298,0.375954,-0.327654,-0.184694,-0.414888,0.661196,-0.012080,-0.729385,-0.596573,-0.406842,-0.193694,0.185280,0.928330,-0.476143,-0.343193,-0.952096,-0.254896,0.350155,0.926122,0.480379,-0.764007,0.780077,0.677358,-0.621955,0.868686,0.428198,0.565635,-0.081721,-0.598633,0.598210,-0.045115,0.934861,-0.693331,-0.289193,0.471094,0.144563,-0.133450,0.403221,0.466702,0.154598,-0.361793,0.237519,0.090485,0.595312,0.306916,-0.006457,-0.962591,-0.666119,-0.326811,0.202757,0.584718,0.919908,0.199611,0.457688,0.242882,-0.139445,0.219353,-0.198654,-0.092721,0.822008,0.127719,-0.799178,0.047531,0.906520,-0.799914,0.942375,0.975281,0.121426,-0.335123,-0.982731,-0.968990,-0.223809,0.566144,0.884747,-0.690443,-0.024495,0.003451,-0.239393,0.079912,0.850044,-0.122942,-0.724441,0.330899,-0.937251,0.880231,0.879775,-0.815715,0.101774,0.594781,-0.070843,-0.042457,0.940400,-0.538984,0.052620,-0.770064,-0.395120,0.701809,0.432897,0.224008,-0.772223,0.701397,-0.403781,0.069966,-0.533051,0.041473,0.124279,-0.319063,0.011843,-0.187895,0.394991,0.087783,0.756152,-0.900716,-0.946723,-0.622901,-0.762847,0.051792,-0.599732,-0.967903,-0.434756,0.018406,0.428510,-0.123210,0.925429,-0.601095,0.028124,-0.493633,0.613336,-0.624483,0.923202,0.433213,0.113730,0.064696,-0.275060,-0.957948,0.830248,0.589875,-0.730284,-0.755841,-0.383799,0.526279,0.006330,0.308420,-0.987611,0.847409,-0.668628,-0.362197,0.894301
0.000000,0.000000,0.000000,0.000000,0.000000,0.000000,0.000000,0.000000,0.000000,0.000000,0.000000,0.000000,0.000000,0.000000,0.000000,0.000000,0.000000,0.000000,0.000000,0.000000,0.000000,0.000000,0.000000,0.000000,0.000000,0.000000,0.000000,0.000000,0.000000,0.000000,0.000000,0.000000,0.000000,0.000000,0.000000,0.000000,0.000000,0.000000,0.000000,0.000000,0.000000,0.000000,0.000000,0.000000,0.000000,0.000000,0.000000,0.000000,0.000000,0.000000,0.000000,0.000000,0.000000,0.000000,0.000000,0.000000,0.000000,0.000000,0.000000,0.000000,0.000000,0.000000,0.000000,0.000000,0.000000,0.000000,0.000000,0.000000,0.000000,0.000000,0.000000,0.000000,0.000000,0.000000,0.000000,0.000000,0.000000,0.000000,0.000000,0.000000,0.000000,0.000000,0.000000,0.000000,0.000000,0.000000,0.000000,0.000000,0.000000,0.000000,0.000000,2.332234,0.022133,0.725832,-0.877475,-0.847414,-0.689678,-0.470858,0.418059,0.064835,-0.147911,0.565177,-0.365679,-0.829085,-0.206467,0.532823,-0.051829,0.954296,0.712255,0.581908,0.546361,0.162248,0.802299,0.179744,-0.254927,-0.608197,0.626190,-0.257725,0.581806,0.966006,-0.202587,-0.318517,-0.659814,-0.049297,0.308037,-0.374427,-0.028669,0.074146,-0.449525,-0.952977,-0.568752,0.606299,-0.443875,-0.972356,-0.150103,0.364942,0.504819,-0.172203,0.143717,0.491017,0.778483,0.279798,0.381726,-0.802650,-0.159099,0.777918,-0.678560,-0.380081,0.355927,0.804148,-0.881919,0.740984,-0.559355,0.721712,0.778471,0.550965,0.847633,0.922316,0.850372,0.026258,-0.072646,-0.789587,-0.567818,0.304731,-0.745316,0.884761,-0.545908,-0.824138,-0.529509,-0.902177,-0.667821,0.175368,-0.421673,0.602321,-0.190533,0.427929,0.416588,-0.728444,-0.886837,0.683988,0.401702,-0.650038,0.359984,-0.341064,-0.886492,-0.542475,0.511610,-0.218546,0.089724,-0.726916,-0.814679,-0.521496,-0.054925,0.693982,0.526783,-0.679871,-0.857057,-0.548985,0.704657,0.031695,0.613805,-0.260836,0.180886,0.189466,0.253456,-0.059697,-0.521521,-0.143030,0.949517,-0.455775,0.449657,0.889458,0.132511,-0.021328,-0.758324,0.506534,0.822982,0.961370,-0.596685,0.840111,-0.259464,0.238305,-0.552699,-0.503220,0.237916,-0.030334,0.928797,-0.471072,0.756073,-0.079051,-0.730892,-0.521747,0.511399,0.653267,-0.920873,-0.179941,-0.011655,0.230067,0.301234,0.661117,-0.453221,-0.776144,-0.627026,0.873692,0.093364,-0.561810,0.571730,0.174015,-0.265344,-0.963395,0.565573,0.434883,-0.475787,-0.468760
0.000000,0.000000,0.000000,0.000000,0.000000,0.000000,0.000000,0.000000,0.000000,0.000000,0.000000,0.000000,0.000000,0.000000,0.000000,0.000000,0.000000,0.000000,0.000000,0.000000,0.000000,0.000000,0.000000,0.000000,0.000000,0.000000,0.000000,0.000000,0.000000,0.000000,0.000000,0.000000,0.000000,0.000000,0.000000,0.000000,0.000000,0.000000,0.000000,0.000000,0.000000,0.000000,0.000000,0.000000,0.000000,0.000000,0.000000,0.000000,0.000000,0.000000,0.000000,0.000000,0.000000,0.000000,0.000000,0.000000,0.000000,0.000000,0.000000,0.000000,0.000000,0.000000,0.000000,0.000000,0.000000,0.000000,0.000000,0.000000,0.000000,0.000000,0.000000,0.000000,0.000000,0.000000,0.000000,0.000000,0.000000,0.000000,0.000000,0.000000,0.000000,0.000000,0.000000,0.000000,0.000000,0.000000,0.000000,0.000000,0.000000,0.000000,0.000000,0.000000,1.178720,0.340840,-0.411645,-0.379274,-0.246762,0.960403,-0.079803,-0.245249,-0.059954,0.438407,0.767381,0.981604,-0.027872,-0.079714,-0.339377,0.558185,0.311172,-0.273271,0.037083,-0.588358,0.387987,-0.495753,-0.300908,-0.863763,-0.560259,-0.610235,0.470613,0.388936,0.076288,-0.225887,0.778826,0.768167,0.205670,0.315896,0.592901,0.445550,-0.550197,0.006721,-0.696228,0.618762,0.307154,0.958182,-0.726981,0.020295,0.448021,0.734685,0.706795,-0.596001,0.964642,0.962686,0.938117,0.227226,0.663871,-0.847933,-0.489079,-0.816008,0.011121,0.929460,0.298342,-0.077496,0.585671,0.100672,-0.084705,0.258656,0.023601,0.283090,0.605274,-0.075163,-0.169958,0.117331,0.809507,-0.154035,0.695499,0.234326,-0.975206,-0.047595,-0.578929,-0.699267,-0.531124,0.424839,0.254765,0.073706,-0.009463,-0.221644,0.773136,0.864908,0.528876,-0.423551,0.827728,0.638271,-0.751947,-0.316645,-0.344788,0.460094,0.047797,-0.466231,-0.538411,-0.084990,0.331914,0.017452,-0.477933,0.239970,0.997825,-0.646662,0.056799,-0.248688,-0.563168,0.750984,0.915541,-0.299608,-0.305419,-0.816476,0.235506,-0.946909,-0.007579,-0.694371,0.344637,0.857820,-0.822435,0.555481,0.661136,-0.647587,0.845285,0.241836,0.069874,0.342825,-0.423782,-0.949178,-0.115898,0.486693,0.837301,-0.139792,-0.472705,-0.737409,0.870989,-0.538110,0.822142,-0.632488,-0.963735,-0.551559,-0.014421,-0.302590,0.815441,0.090169,-0.764461,0.250664,-0.222106,0.357883,0.572353,0.971103,0.153292,-0.266499,-0.132799,-0.194757,-0.098925,-0.939883,-0.505344,0.975522,0.856029,-0.903422,0.959162,0.583908
0.000000,0.000000,0.000000,0.000000,0.000000,0.000000,0.000000,0.000000,0.000000,0.000000,0.000000,0.000000,0.000000,0.000000,0.000000,0.000000,0.000000,0.000000,0.000000,0.000000,0.000000,0.000000,0.000000,0.000000,0.000000,0.000000,0.000000,0.000000,0.000000,0.000000,0.000000,0.000000,0.000000,0.000000,0.000000,0.000000,0.000000,0.000000,0.000000,0.000000,0.000000,0.000000,0.000000,0.000000,0.000000,0.000000,0.000000,0.000000,0.000000,0.000000,0.000000,0.000000,0.000000,0.000000,0.000000,0.000000,0.000000,0.000000,0.000000,0.000000,0.000000,0.000000,0.000000,0.000000,0.000000,0.000000,0.000000,0.000000,0.000000,0.000000,0.000000,0.000000,0.000000,0.000000,0.000000,0.000000,0.000000,0.000000,0.000000,0.000000,0.000000,0.000000,0.000000,0.000000,0.000000,0.000000,0.000000,0.000000,0.000000,0.000000,0.000000,0.000000,0.000000,0.506868,0.826927,0.920738,0.257516,0.576658,-0.334937,0.144643,0.463100,0.122522,-0.390790,0.298401,0.676838,0.672016,-0.735658,-0.109158,-0.922522,0.265533,-0.515676,0.860710,0.236512,-0.198765,0.462926,-0.585217,-0.817136,-0.825237,0.165610,0.777737,-0.554484,0.520097,-0.924753,-0.293320,0.307433,0.652501,0.886384,0.265141,-0.074652,-0.878727,-0.448705,0.846224,0.165793,-0.314645,-0.502366,-0.772686,0.503210,-0.175248,0.873099,-0.091217,0.636753,-0.739525,-0.698185,-0.453576,-0.617531,0.953481,0.616284,-0.303176,0.039646,0.066496,0.214418,-0.792767,-0.302040,-0.828140,0.838130,-0.193092,0.454034,0.841653,-0.381125,-0.824302,-0.327568,0.341975,-0.000405,-0.850093,-0.859608,0.399123,0.473091,-0.780984,0.589436,-0.308882,-0.863582,-0.332278,0.460950,0.311556,-0.037058,-0.440695,-0.164138,-0.236779,-0.219955,-0.020614,-0.089432,-0.795062,-0.419661,-0.741781,0.204192,-0.154370,0.343851,-0.824794,-0.310182,-0.639297,-0.815825,0.546894,-0.738127,-0.650170,-0.266445,-0.414474,0.839637,0.977293,-0.155199,-0.597730,-0.003777,-0.008663,-0.067923,-0.959328,-0.743246,-0.717983,-0.296478,0.161576,0.755687,-0.553288,0.542400,-0.547584,-0.934767,0.299717,-0.570734,0.839310,0.866839,-0.789936,-0.610563,-0.579173,0.822877,-0.843952,0.502336,-0.424591,0.164869,-0.645436,0.613059,0.341544,-0.957707,-0.525735,-0.067299,0.062351,0.654543,-0.226071,0.853689,-0.612229,0.715426,0.808599,0.253374,0.935048,-0.178825,0.398566,-0.979805,-0.450639,0.132738,0.751868,0.905851,0.158867,0.711741,0.598465,0.547348,-0.777083,-0.042722,-0.027481
0.000000,0.000000,0.000000,0.000000,0.000000,0.000000,0.000000,0.000000,0.000000,0.000000,0.000000,0.000000,0.000000,0.000000,0.000000,0.000000,0.000000,0.000000,0.000000,0.000000,0.000000,0.000000,0.000000,0.000000,0.000000,0.000000,0.000000,0.000000,0.000000,0.000000,0.000000,0.000000,0.000000,0.000000,0.000000,0.000000,0.000000,0.000000,0.000000,0.000000,0.000000,0.000000,0.000000,0.000000,0.000000,0.000000,0.000000,0.000000,0.000000,0.000000,0.000000,0.000000,0.000000,0.000000,0.000000,0.000000,0.000000,0.000000,0.000000,0.000000,0.000000,0.000000,0.000000,0.000000,0.000000,0.000000,0.000000,0.000000,0.000000,0.000000,0.000000,0.000000,0.000000,0.000000,0.000000,0.000000,0.000000,0.000000,0.000000,0.000000,0.000000,0.000000,0.000000,0.000000,0.000000,0.000000,0.000000,0.000000,0.000000,0.000000,0.000000,0.000000,0.000000,0.000000,2.468646,0.172215,0.639705,0.912901,0.109328,0.583422,0.121120,0.251405,-0.047987,0.919191,0.635155,0.503883,-0.340833,-0.029170,0.725818,0.872766,0.995100,0.468858,0.461677,-0.812249,0.503082,-0.306517,0.729247,-0.977498,0.868771,-0.032238,-0.744088,0.201997,0.384072,0.559597,0.403695,0.106751,-0.836112,0.725797,0.966809,0.556014,-0.930516,0.511396,-0.460718,0.924200,-0.872985,-0.815483,-0.637259,0.506316,0.302810,0.454473,-0.292232,0.759152,-0.107488,-0.731771,0.534948,0.059077,0.186822,-0.229758,0.421439,-0.928864,-0.017648,-0.145683,0.492956,-0.468262,-0.532577,-0.360335,-0.038913,-0.580245,0.368414,-0.336777,-0.156946,0.115187,-0.246249,0.402454,0.312390,0.513670,0.046009,-0.265156,-0.597745,-0.126228,0.746029,-0.757948,-0.569196,0.330492,0.149903,0.832371,-0.941933,0.757033,0.450980,0.551033,-0.242666,-0.385350,-0.971244,0.574810,-0.676894,-0.547742,-0.446877,0.739349,-0.424199,-0.148634,0.494689,0.784542,0.582365,0.070828,-0.995642,-0.684315,-0.492794,-0.172469,-0.275621,0.028813,-0.175945,0.452133,-0.895539,0.989456,0.686118,-0.330067,-0.206396,0.927413,0.871609,-0.213653,-0.880768,0.975933,0.307507,0.386004,-0.450809,0.637409,0.114964,-0.059515,0.482404,-0.256201,-0.141190,0.304654,0.279173,0.942372,0.125703,-0.358029,-0.425122,0.068038,-0.760882,0.176198,-0.219490,-0.296006,-0.615045,-0.009173,-0.924734,0.214368,-0.428902,0.810140,0.052724,0.561174,0.702378,0.757966,0.741262,-0.549063,-0.393369,0.415876,0.075237,0.218665,0.355459,-0.771495,-0.663387,0.275672,0.250743,0.634863
0.000000,0.000000,0.000000,0.000000,0.000000,0.000000,0.000000,0.000000,0.000000,0.000000,0.000000,0.000000,0.000000,0.000000,0.000000,0.000000,0.000000,0.000000,0.000000,0.000000,0.000000,0.000000,0.000000,0.000000,0.000000,0.000000,0.000000,0.000000,0.000000,0.000000,0.000000,0.000000,0.000000,0.000000,0.000000,0.000000,0.000000,0.000000,0.000000,0.000000,0.000000,0.000000,0.000000,0.000000,0.000000,0.000000,0.000000,0.000000,0.000000,0.000000,0.000000,0.000000,0.000000,0.000000,0.000000,0.000000,0.000000,0.000000,0.000000,0.000000,0.000000,0.000000,0.000000,0.000000,0.000000,0.000000,0.000000,0.000000,0.000000,0.000000,0.000000,0.000000,0.000000,0.000000,0.000000,0.000000,0.000000,0.000000,0.000000,0.000000,0.000000,0.000000,0.000000,0.000000,0.000000,0.000000,0.000000,0.000000,0.000000,0.000000,0.000000,0.000000,0.000000,0.000000,0.000000,2.234455,-0.584647,-0.859855,-0.217950,-0.257455,0.534832,0.342967,0.744405,0.008524,-0.422602,0.008501,-0.568996,-0.878939,-0.000634,-0.172790,-0.935542,0.442547,0.288702,-0.852396,0.420047,-0.834355,0.035313,0.244494,-0.002029,0.494812,-0.228867,-0.574089,-0.027184,-0.315526,-0.697447,-0.057833,-0.597139,-0.059408,0.185056,0.564395,0.706332,0.336327,0.787084,0.115578,0.420865,0.540725,0.649692,0.503703,0.804828,-0.054290,0.906964,-0.199427,-0.859619,-0.635769,0.116532,-0.970824,-0.685212,-0.251845,0.248594,-0.668900,0.149728,0.326291,0.527319,0.320958,-0.499834,0.994720,0.776497,-0.252962,-0.941621,0.057416,0.730379,0.643887,0.795114,0.939033,0.426056,-0.675205,-0.927174,-0.697185,-0.597800,-0.877219,-0.093097,0.567755,-0.991496,0.607253,0.850615,-0.696028,-0.957308,-0.041270,0.737060,0.473663,-0.930602,0.346529,0.635490,-0.457901,0.306827,-0.012102,-0.588742,0.803019,-0.553983,0.680951,0.403310,-0.558182,0.422646,-0.947990,-0.527457,-0.429190,0.778380,0.830775,-0.458016,-0.050683,0.963247,0.331955,-0.860575,-0.217136,-0.157123,-0.387207,0.039826,0.472041,0.383001,-0.296904,0.473279,0.068148,0.539026,-0.772222,-0.190480,-0.210701,-0.296394,0.396068,0.114257,-0.228216,0.072605,0.408786,0.350255,0.521348,0.702950,0.478784,-0.639722,0.693158,-0.335954,0.331951,0.981939,-0.410716,-0.459578,-0.635673,0.968156,-0.146129,0.567731,-0.901521,-0.639152,-0.873631,0.631270,-0.786893,0.846323,0.327515,0.819076,-0.182283,0.051316,-0.944855,-0.068188,0.181434,-0.798820,0.962471,-0.991218,-0.465099
0.000000,0.000000,0.000000,0.000000,0.000000,0.000000,0.000000,0.000000,0.000000,0.000000,0.000000,0.000000,0.000000,0.000000,0.000000,0.000000,0.000000,0.000000,0.000000,0.000000,0.000000,0.000000,0.000000,0.000000,0.000000,0.000000,0.000000,0.000000,0.000000,0.000000,0.000000,0.000000,0.000000,0.000000,0.000000,0.000000,0.000000,0.000000,0.000000,0.000000,0.000000,0.000000,0.000000,0.000000,0.000000,0.000000,0.000000,0.000000,0.000000,0.000000,0.000000,0.000000,0.000000,0.000000,0.000000,0.000000,0.000000,0.000000,0.000000,0.000000,0.000000,0.000000,0.000000,0.000000,0.000000,0.000000,0.000000,0.000000,0.000000,0.000000,0.000000,0.000000,0.000000,0.000000,0.000000,0.000000,0.000000,0.000000,0.000000,0.000000,0.000000,0.000000,0.000000,0.000000,0.000000,0.000000,0.000000,0.000000,0.000000,0.000000,0.000000,0.000000,0.000000,0.000000,0.000000,0.000000,2.039054,-0.004723,-0.521603,0.973507,-0.622245,0.136704,-0.768232,-0.887721,-0.024256,0.609400,0.062630,-0.412739,-0.966541,0.881064,-0.576231,0.149144,-0.968947,-0.805591,-0.659661,-0.775372,0.061507,-0.205893,0.602570,-0.767592,-0.137864,-0.143498,-0.538376,-0.808077,-0.978674,-0.962344,-0.202750,-0.891445,-0.210885,-0.125181,-0.109228,-0.616689,-0.002569,-0.215365,0.979054,-0.909262,-0.892243,0.649060,-0.467962,-0.632427,0.748971,0.065458,0.231579,-0.984079,-0.478498,-0.481594,0.521784,-0.228895,0.154871,0.863807,0.969354,-0.745341,0.111734,0.398284,0.564106,0.840216,0.456674,0.379870,-0.891805,0.089638,0.197531,0.392995,0.166727,-0.181100,-0.025085,0.934639,-0.341792,0.568914,0.214880,-0.112338,-0.171363,0.074453,0.599585,-0.755700,0.821315,0.548294,-0.301943,-0.979637,-0.789549,-0.711209,-0.792840,-0.794442,0.920290,0.316920,0.641277,0.125628,0.238969,0.761997,-0.476062,0.389049,0.798618,0.872585,-0.111904,0.713424,0.007719,-0.484228,-0.498082,-0.096467,-0.484223,-0.940043,-0.788906,0.698440,0.765018,0.746088,0.107425,0.870435,-0.001815,-0.074911,-0.051236,-0.491776,0.227007,-0.102098,0.949315,-0.656037,-0.846591,-0.297720,-0.568900,0.983809,0.117157,-0.280565,0.285482,-0.093777,-0.582350,-0.210961,-0.427291,0.275185,0.633137,-0.474846,0.242653,0.416960,-0.259978,-0.024929,-0.282367,-0.254190,-0.107567,-0.409154,-0.023340,0.504490,-0.211405,0.890876,-0.564009,-0.100991,0.203370,0.086529,0.893881,-0.351344,-0.244736,0.191363,0.192734,0.574882,0.589031,-0.978258,0.528399,0.435737
0.000000,0.000000,0.000000,0.000000,0.000000,0.000000,0.000000,0.000000,0.000000,0.000000,0.000000,0.000000,0.000000,0.000000,0.000000,0.000000,0.000000,0.000000,0.000000,0.000000,0.000000,0.000000,0.000000,0.000000,0.000000,0.000000,0.000000,0.000000,0.000000,0.000000,0.000000,0.000000,0.000000,0.000000,0.000000,0.000000,0.000000,0.000000,0.000000,0.000000,0.000000,0.000000,0.000000,0.000000,0.000000,0.000000,0.000000,0.000000,0.000000,0.000000,0.000000,0.000000,0.000000,0.000000,0.000000,0.000000,0.000000,0.000000,0.000000,0.000000,0.000000,0.000000,0.000000,0.000000,0.000000,0.000000,0.000000,0.000000,0.000000,0.000000,0.000000,0.000000,0.000000,0.000000,0.000000,0.000000,0.000000,0.000000,0.000000,0.000000,0.000000,0.000000,0.000000,0.000000,0.000000,0.000000,0.000000,0.000000,0.000000,0.000000,0.000000,0.000000,0.000000,0.000000,0.000000,0.000000,0.000000,1.964425,-0.366026,0.814112,0.476439,-0.485425,-0.389560,0.420911,0.835309,-0.018918,0.758399,-0.235771,-0.209673,0.371882,-0.898925,-0.722156,0.456850,-0.515829,-0.649842,-0.821895,-0.550291,-0.499058,-0.317677,0.876659,0.289237,0.386627,-0.734503,-0.614667,0.797342,0.268618,0.619302,-0.285075,0.154414,0.004415,-0.589176,0.649539,-0.332488,-0.066225,-0.734014,0.276713,0.582271,-0.179223,0.956264,-0.484832,0.746161,0.442431,0.854523,0.481296,-0.010295,-0.173059,0.658799,0.680727,0.177808,0.404249,-0.074285,-0.563257,-0.900039,0.307411,0.338426,0.330527,0.124815,-0.315198,-0.515927,-0.868590,-0.703983,0.256596,0.536143,0.815246,-0.832166,0.628052,0.194840,-0.397367,0.451585,0.978708,-0.241165,0.254876,-0.478335,-0.589944,-0.701737,-0.935693,0.447621,-0.708082,0.352546,0.739218,0.693199,-0.402070,-0.751188,-0.113871,-0.637422,-0.252984,0.137643,0.288694,-0.563352,-0.545408,0.731935,0.889776,0.284892,0.113646,0.316147,-0.742759,0.794078,-0.582809,0.339361,-0.556059,0.411583,0.506868,0.482092,-0.142603,0.214065,0.195977,0.440626,-0.001998,0.014587,0.368817,-0.659698,0.304960,-0.703538,0.449670,-0.222174,0.679165,-0.823176,-0.078953,-0.665565,0.737726,-0.749504,-0.029609,-0.789498,0.595425,-0.435921,0.188118,-0.659713,-0.296788,-0.772606,0.101662,-0.993094,0.986143,-0.167442,0.258894,-0.426438,-0.493504,0.692270,0.516366,0.286584,0.504610,-0.649374,0.868184,-0.090509,0.737423,0.472114,-0.428157,0.138634,0.933292,-0.925824,-0.147037,0.241079,-0.320208,-0.364168,0.497383
0.000000,0.000000,0.000000,0.000000,0.000000,0.000000,0.000000,0.000000,0.000000,0.000000,0.000000,0.000000,0.000000,0.000000,0.000000,0.000000,0.000000,0.000000,0.000000,0.000000,0.000000,0.000000,0.000000,0.000000,0.000000,0.000000,0.000000,0.000000,0.000000,0.000000,0.000000,0.000000,0.000000,0.000000,0.000000,0.000000,0.000000,0.000000,0.000000,0.000000,0.000000,0.000000,0.000000,0.000000,0.000000,0.000000,0.000000,0.000000,0.000000,0.000000,0.000000,0.000000,0.000000,0.000000,0.000000,0.000000,0.000000,0.000000,0.000000,0.000000,0.000000,0.000000,0.000000,0.000000,0.000000,0.000000,0.000000,0.000000,0.000000,0.000000,0.000000,0.000000,0.000000,0.000000,0.000000,0.000000,0.000000,0.000000,0.000000,0.000000,0.000000,0.000000,0.000000,0.000000,0.000000,0.000000,0.000000,0.000000,0.000000,0.000000,0.000000,0.000000,0.000000,0.000000,0.000000,0.000000,0.000000,0.000000,2.790817,0.075257,0.896419,-0.797443,-0.545059,-0.824576,-0.128931,0.253429,-0.599056,-0.102923,0.368789,0.278975,0.258564,0.212065,0.973221,0.427843,0.815346,0.903460,0.719358,-0.809664,0.058489,-0.236975,-0.805863,0.128418,-0.574351,0.163474,0.634778,-0.212324,0.899657,0.532937,0.608564,-0.775417,0.883746,-0.930942,0.687790,-0.940699,-0.675085,-0.369310,0.475521,0.798841,0.332998,0.455537,-0.420454,0.950753,-0.184532,0.825828,0.558509,-0.265467,-0.313729,0.358962,0.880943,0.344689,0.714854,0.932566,-0.339995,0.076983,0.218216,-0.565647,0.595098,-0.476484,0.413749,0.047648,0.673342,0.023110,0.173335,-0.637855,0.616374,-0.195751,0.159489,0.692118,-0.041222,-0.451071,-0.469185,0.132652,-0.417592,-0.322900,-0.530390,-0.107426,-0.067836,0.051841,0.185709,0.175810,-0.265496,0.801358,0.023313,0.664232,0.114757,-0.258774,0.477296,-0.646080,0.939361,0.144605,-0.791669,-0.157283,0.425076,-0.863781,-0.477239,0.848748,-0.287594,-0.681675,-0.803235,0.238125,0.116266,0.295483,0.916074,-0.879763,-0.604658,-0.532351,-0.145822,-0.757947,-0.180260,0.632389,-0.672684,0.833161,0.822507,0.025974,0.720315,0.423002,-0.286523,0.123503,-0.766767,-0.008475,0.659958,0.170480,-0.235939,0.327119,0.953711,-0.865037,-0.339271,-0.688121,0.913895,0.091804,-0.740662,0.224340,0.000840,-0.881359,0.729029,0.418393,-0.989522,0.919345,-0.681464,-0.999476,-0.145457,-0.718435,0.140296,-0.377141,-0.629644,0.970690,-0.334542,-0.170533,-0.411520,0.673974,-0.606432,-0.744685,0.762916,-0.633280
0.000000,0.000000,0.000000,0.000000,0.000000,0.000000,0.000000,0.000000,0.000000,0.000000,0.000000,0.000000,0.000000,0.000000,0.000000,0.000000,0.000000,0.000000,0.000000,0.000000,0.000000,0.000000,0.000000,0.000000,0.000000,0.000000,0.000000,0.000000,0.000000,0.000000,0.000000,0.000000,0.000000,0.000000,0.000000,0.000000,0.000000,0.000000,0.000000,0.000000,0.000000,0.000000,0.000000,0.000000,0.000000,0.000000,0.000000,0.000000,0.000000,0.000000,0.000000,0.000000,0.000000,0.000000,0.000000,0.000000,0.000000,0.000000,0.000000,0.000000,0.000000,0.000000,0.000000,0.000000,0.000000,0.000000,0.000000,0.000000,0.000000,0.000000,0.000000,0.000000,0.000000,0.000000,0.000000,0.000000,0.000000,0.000000,0.000000,0.000000,0.000000,0.000000,0.000000,0.000000,0.000000,0.000000,0.000000,0.000000,0.000000,0.000000,0.000000,0.000000,0.000000,0.000000,0.000000,0.000000,0.000000,0.000000,0.000000,2.644845,0.156356,0.646743,-0.859684,0.927242,-0.400475,-0.882746,0.529772,-0.643093,-0.297776,0.189313,-0.862767,-0.596133,-0.021856,-0.156194,0.115147,0.457266,-0.294015,-0.191189,-0.455237,-0.320606,-0.897942,0.160248,-0.654443,0.432573,-0.915613,-0.880248,-0.430621,-0.123192,0.387217,0.384367,0.946758,-0.296711,-0.881298,0.722529,0.461275,-0.863756,-0.833323,-0.046728,-0.316710,0.192744,-0.561678,0.918678,0.024270,0.501438,-0.748431,0.233850,0.730360,-0.954019,0.079972,-0.506477,-0.043222,0.631990,0.380141,0.508998,-0.576634,0.665040,0.227984,-0.861396,0.725419,-0.888490,-0.942459,0.667494,-0.973953,-0.823132,-0.966094,0.760557,-0.910609,-0.254640,-0.566015,-0.316678,-0.418815,0.775743,0.537411,0.770034,0.440085,-0.339304,-0.628310,0.059559,-0.286663,0.286826,-0.922135,0.425964,-0.400882,-0.075519,0.957228,-0.568849,-0.764689,-0.580372,-0.296993,0.072471,0.960452,0.739767,0.429913,0.441059,-0.432433,0.855938,0.079104,-0.674959,0.900605,0.013052,-0.688976,0.470464,-0.532420,-0.624666,-0.464817,0.156553,-0.414821,-0.918373,-0.225006,-0.531225,0.022895,-0.080877,-0.843834,-0.509372,-0.437031,-0.030527,0.644438,-0.562795,-0.683627,-0.997957,0.213006,-0.348720,0.340311,0.380285,-0.910593,-0.163177,0.935965,-0.449712,0.059101,0.075627,-0.478897,0.558513,-0.992634,-0.546419,0.185055,0.834587,-0.980938,0.201736,-0.993267,0.245635,-0.176809,-0.131091,0.935019,0.364493,-0.607171,0.994674,-0.486645,0.371814,0.360590,0.699450,-0.202266,0.391929,0.251882,-0.127160
0.000000,0.000000,0.000000,0.000000,0.000000,0.000000,0.000000,0.000000,0.000000,0.000000,0.000000,0.000000,0.000000,0.000000,0.000000,0.000000,0.000000,0.000000,0.000000,0.000000,0.000000,0.000000,0.000000,0.000000,0.000000,0.000000,0.000000,0.000000,0.000000,0.000000,0.000000,0.000000,0.000000,0.000000,0.000000,0.000000,0.000000,0.000000,0.000000,0.000000,0.000000,0.000000,0.000000,0.000000,0.000000,0.000000,0.000000,0.000000,0.000000,0.000000,0.000000,0.000000,0.000000,0.000000,0.000000,0.000000,0.000000,0.000000,0.000000,0.000000,0.000000,0.000000,0.000000,0.000000,0.000000,0.000000,0.000000,0.000000,0.000000,0.000000,0.000000,0.000000,0.000000,0.000000,0.000000,0.000000,0.000000,0.000000,0.000000,0.000000,0.000000,0.000000,0.000000,0.000000,0.000000,0.000000,0.000000,0.000000,0.000000,0.000000,0.000000,0.000000,0.000000,0.000000,0.000000,0.000000,0.000000,0.000000,0.000000,0.000000,2.789894,-0.496141,-0.551453,0.260777,-0.619467,0.659990,-0.320649,-0.157801,0.364632,0.770203,0.379935,-0.811590,-0.323878,0.500126,0.815501,0.267654,0.192310,-0.241561,-0.043897,-0.135545,-0.889647,-0.956294,0.234808,0.019678,-0.510218,0.785502,-0.586810,0.400998,0.576726,0.680454,0.679060,0.588364,-0.084400,0.247823,0.715423,-0.159421,0.341710,-0.680927,0.129385,-0.717908,0.320582,-0.246338,-0.544314,-0.278514,0.402834,0.816067,-0.977438,-0.664304,0.411467,0.137470,-0.361634,0.303527,0.734375,-0.484043,-0.028656,-0.958465,0.891992,0.603287,0.010181,0.983996,-0.559563,0.487941,0.539013,0.661712,0.370193,-0.618819,-0.817332,-0.639286,0.716637,-0.196010,0.092332,-0.949254,-0.017143,-0.181461,0.069120,-0.249453,-0.849116,-0.912079,0.899594,0.207637,0.286793,0.830838,0.101723,0.231106,0.046077,-0.648051,-0.376978,0.768680,-0.112271,-0.591701,0.656081,-0.825390,0.279061,0.400249,-0.392463,-0.666230,-0.103414,0.510065,0.773383,0.630674,-0.780942,-0.554447,0.233971,0.419820,-0.982524,-0.714853,-0.811966,-0.317782,0.361605,0.886388,-0.820953,0.012183,-0.255067,-0.203357,-0.863907,-0.423358,-0.495088,0.436597,0.283717,0.272621,0.038517,-0.315830,-0.512416,-0.977432,-0.704144,-0.560237,0.951127,0.940903,0.535332,0.220652,0.337617,0.201098,0.293660,-0.561526,0.953404,0.513277,-0.531513,0.027296,0.578435,0.822320,-0.232311,-0.032539,-0.380235,-0.246841,-0.544581,-0.940177,-0.167338,-0.058843,0.559794,0.045243,-0.347206,-0.073514,0.592266,-0.038098
0.000000,0.000000,0.000000,0.000000,0.000000,0.000000,0.000000,0.000000,0.000000,0.000000,0.000000,0.000000,0.000000,0.000000,0.000000,0.000000,0.000000,0.000000,0.000000,0.000000,0.000000,0.000000,0.000000,0.000000,0.000000,0.000000,0.000000,0.000000,0.000000,0.000000,0.000000,0.000000,0.000000,0.000000,0.000000,0.000000,0.000000,0.000000,0.000000,0.000000,0.000000,0.000000,0.000000,0.000000,0.000000,0.000000,0.000000,0.000000,0.000000,0.000000,0.000000,0.000000,0.000000,0.000000,0.000000,0.000000,0.000000,0.000000,0.000000,0.000000,0.000000,0.000000,0.000000,0.000000,0.000000,0.000000,0.000000,0.000000,0.000000,0.000000,0.000000,0.000000,0.000000,0.000000,0.000000,0.000000,0.000000,0.000000,0.000000,0.000000,0.000000,0.000000,0.000000,0.000000,0.000000,0.000000,0.000000,0.000000,0.000000,0.000000,0.000000,0.000000,0.000000,0.000000,0.000000,0.000000,0.000000,0.000000,0.000000,0.000000,0.000000,1.887958,-0.654002,-0.984729,0.859353,-0.464070,-0.304850,-0.770307,0.025996,0.474198,0.372134,0.711204,-0.426860,-0.370673,0.931147,-0.086800,0.669027,0.223004,-0.638270,0.914876,-0.351114,0.283583,-0.490969,0.151336,0.082229,-0.477924,0.977542,-0.718633,-0.113975,-0.937245,0.365445,-0.075793,0.120185,0.397014,0.528017,0.931655,0.727992,-0.352391,0.454529,-0.848071,-0.727586,-0.080775,-0.080751,0.011501,-0.049606,0.282757,0.908691,-0.654622,-0.285075,-0.851469,-0.600034,0.974610,-0.920887,-0.572644,-0.146991,-0.414661,0.090446,0.980893,0.407867,-0.188279,0.365873,0.744513,-0.541994,0.433859,0.227901,0.467641,-0.831680,0.465883,0.576052,0.374464,-0.605519,-0.677311,0.476753,0.295417,0.967271,-0.090509,-0.541367,0.539444,0.497051,0.045406,0.492098,-0.378815,-0.568559,-0.747809,-0.419044,0.309133,-0.483140,0.766878,-0.500474,0.368896,0.055129,-0.576906,0.112394,0.909466,0.888355,-0.416812,0.072977,-0.698288,-0.061929,-0.357010,0.858966,0.265363,-0.630145,0.984678,0.388351,-0.730649,0.599103,0.115117,-0.199477,-0.607366,-0.444145,-0.665485,0.606710,-0.454050,-0.060076,0.935829,0.989114,0.582536,0.597821,0.889694,0.593646,-0.098097,-0.879378,-0.583260,-0.110901,-0.469180,-0.341635,-0.882138,0.104258,-0.296840,-0.482319,0.220746,-0.446446,-0.047474,-0.507196,0.361028,0.708306,-0.836579,0.639701,0.703396,0.929856,0.655676,0.104782,-0.859492,-0.851103,-0.606598,-0.105801,0.910879,-0.649293,0.077595,0.996142,-0.972444,-0.906036,-0.460175
0.000000,0.000000,0.000000,0.000000,0.000000,0.000000,0.000000,0.000000,0.000000,0.000000,0.000000,0.000000,0.000000,0.000000,0.000000,0.000000,0.000000,0.000000,0.000000,0.000000,0.000000,0.000000,0.000000,0.000000,0.000000,0.000000,0.000000,0.000000,0.000000,0.000000,0.000000,0.000000,0.000000,0.000000,0.000000,0.000000,0.000000,0.000000,0.000000,0.000000,0.000000,0.000000,0.000000,0.000000,0.000000,0.000000,0.000000,0.000000,0.000000,0.000000,0.000000,0.000000,0.000000,0.000000,0.000000,0.000000,0.000000,0.000000,0.000000,0.000000,0.000000,0.000000,0.000000,0.000000,0.000000,0.000000,0.000000,0.000000,0.000000,0.000000,0.000000,0.000000,0.000000,0.000000,0.000000,0.000000,0.000000,0.000000,0.000000,0.000000,0.000000,0.000000,0.000000,0.000000,0.000000,0.000000,0.000000,0.000000,0.000000,0.000000,0.000000,0.000000,0.000000,0.000000,0.000000,0.000000,0.000000,0.000000,0.000000,0.000000,0.000000,0.000000,1.062871,-0.002797,-0.159096,0.167287,-0.705845,0.371685,-0.570613,-0.096016,-0.933300,0.595721,0.254214,-0.582455,0.203503,-0.125985,0.652536,0.967441,-0.750959,-0.019787,-0.483954,0.499364,-0.931073,0.089150,0.714190,-0.221427,0.675794,-0.706219,0.836651,0.582905,-0.217803,-0.738744,0.040845,0.340853,-0.742147,0.866349,0.525403,0.903263,-0.401513,-0.133139,-0.519781,-0.452433,-0.709427,-0.749528,0.341569,-0.686113,-0.733130,0.069171,0.407996,0.556077,0.160478,-0.596877,0.146460,0.251595,-0.483805,-0.711029,0.851301,-0.808106,-0.445637,-0.537103,0.783969,0.003919,0.913159,0.656438,0.509742,-0.646441,-0.311292,0.640541,0.967062,0.755842,0.896824,0.283700,-0.034365,0.029443,-0.083016,-0.690259,-0.388476,-0.819252,-0.822880,-0.376331,0.332252,0.227420,0.118926,0.497865,-0.154617,-0.115796,0.036037,-0.866819,0.163384,0.500479,-0.472715,0.709628,-0.467567,0.026427,0.748949,0.476257,0.152255,0.245463,-0.782227,0.398643,0.223852,-0.830932,-0.751382,0.942011,-0.643777,0.791546,-0.448332,-0.207757,0.110979,0.251737,-0.004442,-0.303125,-0.002625,0.401375,-0.207034,0.090492,-0.241653,-0.340146,-0.402363,-0.552092,0.521540,0.967793,-0.942012,-0.607874,0.928500,-0.316450,-0.222051,0.325936,-0.294630,-0.014599,0.801439,0.129568,0.333761,-0.565832,-0.477095,0.783115,0.835165,0.613958,-0.755869,0.637065,-0.961545,0.193109,0.350525,-0.147195,-0.041573,0.483699,0.789753,-0.621324,-0.723031,0.259984,-0.538481,-0.611551,-0.593017,-0.606323
0.000000,0.000000,0.000000,0.000000,0.000000,0.000000,0.000000,0.000000,0.000000,0.000000,0.000000,0.000000,0.000000,0.000000,0.000000,0.000000,0.000000,0.000000,0.000000,0.000000,0.000000,0.000000,0.000000,0.000000,0.000000,0.000000,0.000000,0.000000,0.000000,0.000000,0.000000,0.000000,0.000000,0.000000,0.000000,0.000000,0.000000,0.000000,0.000000,0.000000,0.000000,0.000000,0.000000,0.000000,0.000000,0.000000,0.000000,0.000000,0.000000,0.000000,0.000000,0.000000,0.000000,0.000000,0.000000,0.000000,0.000000,0.000000,0.000000,0.000000,0.000000,0.000000,0.000000,0.000000,0.000000,0.000000,0.000000,0.000000,0.000000,0.000000,0.000000,0.000000,0.000000,0.000000,0.000000,0.000000,0.000000,0.000000,0.000000,0.000000,0.000000,0.000000,0.000000,0.000000,0.000000,0.000000,0.000000,0.000000,0.000000,0.000000,0.000000,0.000000,0.000000,0.000000,0.000000,0.000000,0.000000,0.000000,0.000000,0.000000,0.000000,0.000000,0.000000,1.692795,0.928780,0.656140,0.086671,-0.837669,0.345863,-0.097715,0.556720,-0.012085,0.336547,-0.599901,0.666431,0.558848,-0.251971,0.927288,-0.679210,-0.959973,0.526275,0.201134,-0.778157,-0.680987,-0.738242,-0.666294,-0.077185,-0.898075,0.038773,0.210747,0.454736,0.892066,-0.835046,-0.929684,-0.721723,-0.325371,0.050723,-0.991428,0.384739,0.913765,-0.500442,-0.982406,0.506491,0.540101,-0.912981,0.234645,-0.514321,0.265749,0.452757,-0.554514,-0.478481,0.223149,0.164525,0.772333,0.020737,0.599535,0.464014,0.331400,-0.616454,-0.447279,0.133539,-0.868113,-0.909901,-0.900366,0.842615,0.377757,0.673523,0.926834,0.401938,0.030643,-0.041964,0.492054,0.735794,0.659232,-0.014109,0.547018,-0.046827,-0.231229,-0.404657,-0.890909,-0.597675,0.460014,-0.656578,0.802354,-0.842835,-0.897746,-0.037835,-0.554672,-0.794094,-0.880264,0.054593,-0.481072,0.111533,-0.703404,-0.951152,-0.945482,-0.774654,0.592085,-0.102972,0.247721,0.749979,-0.574790,0.742697,0.491271,0.458036,0.741473,-0.748245,0.081002,-0.032933,0.327999,-0.524022,-0.745347,0.946888,-0.068637,-0.535959,-0.742688,0.187197,-0.704475,-0.633915,0.904305,-0.941669,-0.626340,0.342438,-0.566212,-0.636120,0.113001,0.391913,-0.138735,0.562576,0.630420,0.246169,0.155638,0.632610,-0.969940,0.021270,-0.742535,-0.556886,0.897998,-0.992580,-0.385972,-0.691278,0.140834,0.688520,-0.218222,0.674371,-0.119527,0.818088,0.693890,-0.642361,0.770128,-0.614872,-0.019211,-0.607992,-0.227075
0.000000,0.000000,0.000000,0.000000,0.000000,0.000000,0.000000,0.000000,0.000000,0.000000,0.000000,0.000000,0.000000,0.000000,0.000000,0.000000,0.000000,0.000000,0.000000,0.000000,0.000000,0.000000,0.000000,0.000000,0.000000,0.000000,0.000000,0.000000,0.000000,0.000000,0.000000,0.000000,0.000000,0.000000,0.000000,0.000000,0.000000,0.000000,0.000000,0.000000,0.000000,0.000000,0.000000,0.000000,0.000000,0.000000,0.000000,0.000000,0.000000,0.000000,0.000000,0.000000,0.000000,0.000000,0.000000,0.000000,0.000000,0.000000,0.000000,0.000000,0.000000,0.000000,0.000000,0.000000,0.000000,0.000000,0.000000,0.000000,0.000000,0.000000,0.000000,0.000000,0.000000,0.000000,0.000000,0.000000,0.000000,0.000000,0.000000,0.000000,0.000000,0.000000,0.000000,0.000000,0.000000,0.000000,0.000000,0.000000,0.000000,0.000000,0.000000,0.000000,0.000000,0.000000,0.000000,0.000000,0.000000,0.000000,0.000000,0.000000,0.000000,0.000000,0.000000,0.000000,2.964011,0.530280,0.108148,0.870957,-0.280593,-0.653588,0.657905,-0.975649,0.609191,-0.956286,-0.431239,-0.289001,-0.362942,-0.513136,-0.783643,-0.993640,0.549424,-0.086169,-0.676112,-0.835646,-0.443124,-0.291252,-0.077163,-0.797893,0.959847,-0.462507,-0.117408,0.418031,-0.379619,-0.835006,-0.246919,0.105745,0.683508,-0.264148,0.779042,0.092151,0.434973,-0.939668,0.791455,-0.573106,-0.348263,0.047311,0.919660,-0.308650,-0.558997,0.921454,0.616929,0.326840,-0.180727,-0.159090,0.901341,-0.862083,0.515000,0.202301,0.936870,0.116811,-0.438920,0.559838,0.971257,0.814907,-0.410522,-0.307299,0.509640,0.196381,-0.976774,-0.716277,-0.829016,-0.642543,-0.390180,0.934399,0.352939,-0.890477,0.214730,-0.126671,0.508079,0.767856,-0.869574,0.959865,-0.884189,0.464747,0.806264,0.503438,-0.698421,-0.584015,-0.917642,-0.737856,-0.877967,-0.892722,0.124224,-0.846600,-0.149877,0.419326,-0.969730,0.277755,0.514368,0.073340,-0.048817,0.461682,0.059465,0.018566,0.603633,0.675110,-0.263164,-0.169042,0.601520,0.089736,0.373627,-0.849650,-0.809263,0.063603,0.638455,-0.366916,0.921265,0.520651,0.563423,0.668068,-0.491024,-0.339349,-0.763136,-0.239288,-0.928336,0.502975,0.605114,-0.572755,-0.020202,0.343986,0.485081,0.938877,-0.598693,-0.506552,0.707758,-0.805574,0.571765,-0.733319,-0.071059,0.184486,0.535755,-0.770941,0.648116,0.701115,0.586999,0.874622,0.744450,0.535957,0.158672,0.617249,0.950666,0.274638,-0.514790,-0.504308
0.000000,0.000000,0.000000,0.000000,0.000000,0.000000,0.000000,0.000000,0.000000,0.000000,0.000000,0.000000,0.000000,0.000000,0.000000,0.000000,0.000000,0.000000,0.000000,0.000000,0.000000,0.000000,0.000000,0.000000,0.000000,0.000000,0.000000,0.000000,0.000000,0.000000,0.000000,0.000000,0.000000,0.000000,0.000000,0.000000,0.000000,0.000000,0.000000,0.000000,0.000000,0.000000,0.000000,0.000000,0.000000,0.000000,0.000000,0.000000,0.000000,0.000000,0.000000,0.000000,0.000000,0.000000,0.000000,0.000000,0.000000,0.000000,0.000000,0.000000,0.000000,0.000000,0.000000,0.000000,0.000000,0.000000,0.000000,0.000000,0.000000,0.000000,0.000000,0.000000,0.000000,0.000000,0.000000,0.000000,0.000000,0.000000,0.000000,0.000000,0.000000,0.000000,0.000000,0.000000,0.000000,0.000000,0.000000,0.000000,0.000000,0.000000,0.000000,0.000000,0.000000,0.000000,0.000000,0.000000,0.000000,0.000000,0.000000,0.000000,0.000000,0.000000,0.000000,0.000000,0.000000,2.489968,0.978900,-0.579376,0.940169,-0.463422,-0.174394,0.816307,0.923629,0.133909,0.900181,0.684838,0.732791,0.736497,-0.227502,-0.938668,-0.670695,-0.851063,-0.515204,-0.889412,-0.446119,0.177920,-0.717880,-0.368514,-0.551728,-0.809796,0.352197,0.786053,0.431986,0.368429,0.966036,0.462550,-0.905795,-0.563507,0.274924,0.278089,0.665197,-0.682330,0.962434,0.032582,0.840825,0.058686,-0.626170,-0.297962,-0.557667,-0.471549,0.780716,-0.245211,-0.634658,-0.270915,0.234515,-0.598228,-0.898038,0.744240,-0.521559,0.872726,-0.905712,0.301676,0.330485,-0.687944,0.330464,-0.224725,-0.236462,0.754959,0.904829,-0.659772,0.368198,-0.690580,-0.929999,-0.700938,0.269312,0.452875,0.014073,0.903331,0.528346,-0.676764,-0.584125,0.192164,-0.333399,-0.998214,-0.951411,-0.183802,0.047231,0.306637,0.526280,0.937518,0.677731,-0.288119,0.069388,-0.568160,0.937506,0.070886,-0.500659,0.448088,-0.024219,0.993450,-0.850579,-0.329056,0.883704,-0.077600,-0.376411,0.209744,0.328987,-0.814385,-0.481225,-0.382049,-0.508379,-0.234245,-0.330583,0.462843,0.197869,-0.141611,-0.599992,-0.158721,-0.639032,0.904292,-0.652453,0.717355,0.231162,0.621636,0.777123,0.607970,0.178590,-0.466012,0.320012,-0.990313,-0.245067,0.715927,0.161072,-0.478753,0.784362,-0.969462,0.765850,0.518908,-0.707248,-0.874191,0.902471,-0.865934,0.947523,-0.158742,-0.292991,0.300088,-0.007907,-0.219904,0.280323,-0.299867,-0.931293,0.649279,0.029279,0.373369
0.000000,0.000000,0.000000,0.000000,0.000000,0.000000,0.000000,0.000000,0.000000,0.000000,0.000000,0.000000,0.000000,0.000000,0.000000,0.000000,0.000000,0.000000,0.000000,0.000000,0.000000,0.000000,0.000000,0.000000,0.000000,0.000000,0.000000,0.000000,0.000000,0.000000,0.000000,0.000000,0.000000,0.000000,0.000000,0.000000,0.000000,0.000000,0.000000,0.000000,0.000000,0.000000,0.000000,0.000000,0.000000,0.000000,0.000000,0.000000,0.000000,0.000000,0.000000,0.000000,0.000000,0.000000,0.000000,0.000000,0.000000,0.000000,0.000000,0.000000,0.000000,0.000000,0.000000,0.000000,0.000000,0.000000,0.000000,0.000000,0.000000,0.000000,0.000000,0.000000,0.000000,0.000000,0.000000,0.000000,0.000000,0.000000,0.000000,0.000000,0.000000,0.000000,0.000000,0.000000,0.000000,0.000000,0.000000,0.000000,0.000000,0.000000,0.000000,0.000000,0.000000,0.000000,0.000000,0.000000,0.000000,0.000000,0.000000,0.000000,0.000000,0.000000,0.000000,0.000000,0.000000,0.000000,1.937935,0.228385,-0.562121,0.869321,-0.104555,0.840194,0.613836,0.440164,-0.079764,-0.954713,-0.369576,0.329715,-0.338693,-0.801745,0.035518,-0.691041,-0.387559,0.003826,-0.767440,-0.774943,-0.579822,0.183611,0.866396,-0.521927,0.439647,-0.621243,0.271030,-0.724561,0.690762,0.485018,0.361453,-0.970676,0.672820,-0.698299,0.066978,0.553323,0.263341,0.638049,0.417704,0.512152,-0.402462,-0.241788,0.002906,0.172321,0.383342,0.111149,0.420914,-0.698499,-0.210707,0.826611,-0.566086,-0.712678,0.489616,-0.611142,-0.084781,0.423663,-0.030300,0.803022,0.756297,0.005901,0.921699,-0.416452,-0.532216,0.340490,0.145564,-0.497786,-0.257737,-0.533946,-0.526046,-0.264858,0.848439,0.669796,0.024836,-0.044461,-0.937043,-0.075408,0.247554,0.557180,-0.288041,0.838778,0.680386,-0.835533,0.805896,-0.554341,0.846636,0.261360,-0.176160,-0.127098,0.125577,0.687746,0.673845,-0.170194,0.698054,-0.056092,-0.164898,-0.513493,0.655860,0.240127,-0.137764,0.324753,0.722024,-0.604352,-0.215116,-0.239399,-0.847956,-0.331863,0.523586,-0.493320,0.621830,0.910507,-0.552059,-0.180667,-0.737332,0.384288,-0.035600,0.177423,0.557387,0.552358,0.031951,0.764642,0.863863,0.261427,-0.923187,0.551931,0.783834,0.113277,0.400716,-0.287912,0.004209,0.596213,0.751922,-0.769567,-0.965628,-0.252816,-0.218165,0.546661,-0.982806,0.528007,0.072653,0.395651,0.018517,0.581450,-0.125861,-0.308318,0.273038,-0.111110,-0.393147,0.827093
0.000000,0.000000,0.000000,0.000000,0.000000,0.000000,0.000000,0.000000,0.000000,0.000000,0.000000,0.000000,0.000000,0.000000,0.000000,0.000000,0.000000,0.000000,0.000000,0.000000,0.000000,0.000000,0.000000,0.000000,0.000000,0.000000,0.000000,0.000000,0.000000,0.000000,0.000000,0.000000,0.000000,0.000000,0.000000,0.000000,0.000000,0.000000,0.000000,0.000000,0.000000,0.000000,0.000000,0.000000,0.000000,0.000000,0.000000,0.000000,0.000000,0.000000,0.000000,0.000000,0.000000,0.000000,0.000000,0.000000,0.000000,0.000000,0.000000,0.000000,0.000000,0.000000,0.000000,0.000000,0.000000,0.000000,0.000000,0.000000,0.000000,0.000000,0.000000,0.000000,0.000000,0.000000,0.000000,0.000000,0.000000,0.000000,0.000000,0.000000,0.000000,0.000000,0.000000,0.000000,0.000000,0.000000,0.000000,0.000000,0.000000,0.000000,0.000000,0.000000,0.000000,0.000000,0.000000,0.000000,0.000000,0.000000,0.000000,0.000000,0.000000,0.000000,0.000000,0.000000,0.000000,0.000000,0.000000,2.308184,-0.606245,0.480212,-0.495206,-0.137453,-0.565156,-0.773404,-0.201873,0.110163,-0.395757,-0.849994,-0.500725,-0.508685,0.181504,-0.435703,0.067552,-0.059321,-0.467284,0.482434,0.335182,0.360546,-0.132838,-0.366807,0.181482,0.918181,-0.132080,0.330567,-0.115301,0.865203,-0.470567,-0.083200,-0.012695,0.457296,0.442618,0.478884,0.465880,-0.060483,-0.688871,0.740876,-0.350334,-0.779364,-0.742436,-0.010482,-0.148132,0.327053,0.223731,-0.785176,-0.406502,0.792510,0.533365,0.741082,-0.956025,0.824177,0.722156,-0.095446,0.347176,-0.456013,0.317176,0.597543,-0.032888,-0.943453,-0.167309,0.449960,0.407512,-0.027393,0.971418,-0.765908,-0.683424,-0.483345,0.607090,0.525637,0.545524,0.759246,-0.114178,-0.362854,0.200764,-0.180257,0.047681,-0.719565,-0.207235,-0.054732,-0.825119,0.988991,-0.924428,0.839031,-0.839604,0.718595,0.096484,-0.607330,-0.537343,-0.296783,0.588045,-0.705708,-0.515537,0.385356,0.227983,-0.158351,-0.878928,0.116998,-0.541557,0.224201,-0.450968,0.960662,0.181188,0.142611,0.673537,0.986330,0.558344,0.187791,0.727050,-0.637582,0.528459,0.359798,0.126502,0.733512,0.419314,0.433467,0.819483,0.398824,-0.489152,-0.632750,0.026394,-0.530176,0.399272,0.685419,-0.416368,0.826949,0.493807,0.976282,-0.602591,-0.076906,0.280616,0.525835,0.823865,0.782540,-0.527756,-0.155058,0.436610,-0.735372,0.918730,0.493906,0.657684,0.814889,-0.644096,-0.155738,0.303340,0.644922
0.000000,0.000000,0.000000,0.000000,0.000000,0.000000,0.000000,0.000000,0.000000,0.000000,0.000000,0.000000,0.000000,0.000000,0.000000,0.000000,0.000000,0.000000,0.000000,0.000000,0.000000,0.000000,0.000000,0.000000,0.000000,0.000000,0.000000,0.000000,0.000000,0.000000,0.000000,0.000000,0.000000,0.000000,0.000000,0.000000,0.000000,0.000000,0.000000,0.000000,0.000000,0.000000,0.000000,0.000000,0.000000,0.000000,0.000000,0.000000,0.000000,0.000000,0.000000,0.000000,0.000000,0.000000,0.000000,0.000000,0.000000,0.000000,0.000000,0.000000,0.000000,0.000000,0.000000,0.000000,0.000000,0.000000,0.000000,0.000000,0.000000,0.000000,0.000000,0.000000,0.000000,0.000000,0.000000,0.000000,0.000000,0.000000,0.000000,0.000000,0.000000,0.000000,0.000000,0.000000,0.000000,0.000000,0.000000,0.000000,0.000000,0.000000,0.000000,0.000000,0.000000,0.000000,0.000000,0.000000,0.000000,0.000000,0.000000,0.000000,0.000000,0.000000,0.000000,0.000000,0.000000,0.000000,0.000000,0.000000,2.345011,-0.756938,0.291344,-0.411893,-0.187004,0.988460,-0.685888,-0.791239,-0.181712,0.728256,-0.675583,-0.840094,-0.162302,0.264596,-0.690615,0.609178,0.691832,0.045192,-0.939072,0.032205,-0.571636,-0.107806,0.519474,-0.891162,-0.999696,-0.733102,-0.909261,-0.479160,-0.191464,0.559417,-0.939346,-0.298020,0.858888,0.152760,0.653527,-0.032972,-0.805520,-0.626122,0.516165,0.728215,-0.064916,-0.015087,-0.099755,-0.963274,-0.808980,0.983776,-0.915973,-0.302062,0.381372,-0.150338,0.965328,-0.934523,0.749118,-0.730511,-0.590356,0.056608,0.742909,-0.171838,-0.412852,-0.196656,-0.811313,0.676469,0.830430,0.351549,-0.110661,0.228302,0.103734,-0.896890,-0.211157,0.313657,0.695598,-0.282054,0.638544,0.513832,0.858620,0.978862,-0.916535,-0.125059,0.547120,0.646333,-0.834292,0.213181,0.796905,-0.545882,-0.305282,-0.210304,-0.210924,0.123413,-0.878387,0.558380,-0.754246,0.626632,-0.965811,0.574052,-0.289466,0.311717,-0.641656,0.074019,-0.401777,-0.992151,0.450282,-0.737648,0.879408,0.087449,-0.996651,0.889846,-0.734433,0.667882,-0.341444,0.136124,0.671451,-0.899684,0.360116,-0.702835,0.432792,-0.678592,-0.956113,-0.689124,0.251476,0.971454,0.940244,0.491383,0.649161,0.747929,0.056708,-0.542795,0.322191,-0.716814,0.664721,-0.175818,-0.467016,0.686916,-0.777615,0.949653,0.900824,0.217576,0.424255,-0.925701,-0.125834,0.769233,-0.976956,-0.418760,-0.292319,0.350159,0.409678,-0.869621
0.000000,0.000000,0.000000,0.000000,0.000000,0.000000,0.000000,0.000000,0.000000,0.000000,0.000000,0.000000,0.000000,0.000000,0.000000,0.000000,0.000000,0.000000,0.000000,0.000000,0.000000,0.000000,0.000000,0.000000,0.000000,0.000000,0.000000,0.000000,0.000000,0.000000,0.000000,0.000000,0.000000,0.000000,0.000000,0.000000,0.000000,0.000000,0.000000,0.000000,0.000000,0.000000,0.000000,0.000000,0.000000,0.000000,0.000000,0.000000,0.000000,0.000000,0.000000,0.000000,0.000000,0.000000,0.000000,0.000000,0.000000,0.000000,0.000000,0.000000,0.000000,0.000000,0.000000,0.000000,0.000000,0.000000,0.000000,0.000000,0.000000,0.000000,0.000000,0.000000,0.000000,0.000000,0.000000,0.000000,0.000000,0.000000,0.000000,0.000000,0.000000,0.000000,0.000000,0.000000,0.000000,0.000000,0.000000,0.000000,0.000000,0.000000,0.000000,0.000000,0.000000,0.000000,0.000000,0.000000,0.000000,0.000000,0.000000,0.000000,0.000000,0.000000,0.000000,0.000000,0.000000,0.000000,0.000000,0.000000,0.000000,1.043788,0.650995,-0.616364,-0.426932,-0.675511,0.508633,-0.945787,-0.396174,0.064630,-0.987959,0.907972,0.738578,0.294632,-0.121738,-0.689386,0.107279,-0.521584,0.276035,-0.708828,0.434239,-0.354190,0.003963,-0.676349,-0.487446,-0.099576,-0.083637,0.999556,-0.329157,-0.831244,0.048437,-0.356349,0.755553,-0.579404,0.711326,0.327155,-0.624021,-0.189506,-0.015135,0.043598,-0.205810,0.169256,0.433483,0.012368,0.204866,0.719191,-0.004496,-0.167402,-0.504498,-0.737270,-0.415486,-0.187673,0.528515,-0.565142,0.404292,-0.841932,-0.683218,-0.347343,-0.060356,-0.638143,-0.775938,0.131651,-0.176024,-0.168215,-0.384107,-0.257505,-0.631851,-0.458832,0.084546,0.044584,0.811855,0.665080,-0.985797,-0.540472,0.775390,-0.370494,-0.044589,0.349970,0.086714,-0.990264,-0.586873,-0.799121,-0.664709,-0.705263,0.245558,-0.186871,-0.866897,-0.835419,0.900713,-0.690476,-0.492320,0.148590,-0.625788,-0.604941,-0.854825,0.961642,0.212101,0.059488,0.777341,0.188850,-0.473833,-0.055483,-0.044843,-0.203841,0.507261,-0.780634,-0.681570,-0.255607,-0.857654,0.974791,-0.008411,-0.899788,0.215792,0.562209,-0.184567,-0.038936,0.401200,-0.532364,0.195328,0.261891,0.609287,0.782143,0.881776,-0.747347,0.632535,0.350862,-0.258544,0.845622,0.720234,0.548718,-0.885031,-0.645986,0.836658,0.964473,-0.445392,-0.445226,0.220610,-0.847637,0.190631,0.937378,-0.406094,0.485490,0.049801,-0.425377,-0.175043,0.102164
0.000000,0.000000,0.000000,0.000000,0.000000,0.000000,0.000000,0.000000,0.000000,0.000000,0.000000,0.000000,0.000000,0.000000,0.000000,0.000000,0.000000,0.000000,0.000000,0.000000,0.000000,0.000000,0.000000,0.000000,0.000000,0.000000,0.000000,0.000000,0.000000,0.000000,0.000000,0.000000,0.000000,0.000000,0.000000,0.000000,0.000000,0.000000,0.000000,0.000000,0.000000,0.000000,0.000000,0.000000,0.000000,0.000000,0.000000,0.000000,0.000000,0.000000,0.000000,0.000000,0.000000,0.000000,0.000000,0.000000,0.000000,0.000000,0.000000,0.000000,0.000000,0.000000,0.000000,0.000000,0.000000,0.000000,0.000000,0.000000,0.000000,0.000000,0.000000,0.000000,0.000000,0.000000,0.000000,0.000000,0.000000,0.000000,0.000000,0.000000,0.000000,0.000000,0.000000,0.000000,0.000000,0.000000,0.000000,0.000000,0.000000,0.000000,0.000000,0.000000,0.000000,0.000000,0.000000,0.000000,0.000000,0.000000,0.000000,0.000000,0.000000,0.000000,0.000000,0.000000,0.000000,0.000000,0.000000,0.000000,0.000000,0.000000,2.403977,0.081590,0.850281,-0.766103,0.915395,0.101303,-0.216370,-0.847898,-0.407504,-0.124131,0.874133,0.512851,-0.881910,-0.344213,-0.017135,0.700170,0.552855,-0.567725,-0.899081,-0.735249,0.006579,-0.820245,-0.500484,0.642695,-0.196094,0.992293,0.511966,-0.470163,-0.984859,0.054415,0.411712,-0.060634,0.813009,0.535902,0.040538,-0.962152,-0.323506,-0.011184,-0.499531,0.675304,-0.151058,-0.592399,0.558199,0.216568,-0.605843,0.065492,0.389042,-0.103133,-0.395236,0.379337,0.374532,-0.966125,-0.531749,0.292632,-0.551710,0.925310,-0.674418,0.496432,0.996645,-0.306843,0.206255,-0.788576,0.243647,0.975046,0.945718,-0.176444,0.641241,0.653199,-0.345467,0.645495,-0.675191,0.957758,0.728340,0.021186,-0.229356,0.891897,-0.857748,-0.003221,-0.026106,-0.237351,-0.774745,-0.497237,0.966236,0.615903,0.676566,0.019063,0.323651,0.010012,0.354719,0.726937,-0.514811,0.901787,0.827224,-0.161417,0.953628,0.765048,-0.919845,-0.915772,0.414569,0.567344,-0.502626,-0.002527,0.078497,-0.108808,-0.861755,-0.562208,0.629021,-0.853826,0.244281,0.268316,0.912980,0.974902,0.890085,0.082643,-0.916449,-0.445399,-0.049009,-0.921760,-0.925805,-0.351954,-0.225311,0.161689,0.865715,-0.217646,-0.903819,0.080087,-0.284075,0.802207,-0.137004,-0.356405,0.447761,-0.013494,0.110198,-0.695865,-0.249615,-0.907152,0.509758,-0.508837,-0.758968,0.179024,0.158859,-0.368405,0.924702,0.271043
0.000000,0.000000,0.000000,0.000000,0.000000,0.000000,0.000000,0.000000,0.000000,0.000000,0.000000,0.000000,0.000000,0.000000,0.000000,0.000000,0.000000,0.000000,0.000000,0.000000,0.000000,0.000000,0.000000,0.000000,0.000000,0.000000,0.000000,0.000000,0.000000,0.000000,0.000000,0.000000,0.000000,0.000000,0.000000,0.000000,0.000000,0.000000,0.000000,0.000000,0.000000,0.000000,0.000000,0.000000,0.000000,0.000000,0.000000,0.000000,0.000000,0.000000,0.000000,0.000000,0.000000,0.000000,0.000000,0.000000,0.000000,0.000000,0.000000,0.000000,0.000000,0.000000,0.000000,0.000000,0.000000,0.000000,0.000000,0.000000,0.000000,0.000000,0.000000,0.000000,0.000000,0.000000,0.000000,0.000000,0.000000,0.000000,0.000000,0.000000,0.000000,0.000000,0.000000,0.000000,0.000000,0.000000,0.000000,0.000000,0.000000,0.000000,0.000000,0.000000,0.000000,0.000000,0.000000,0.000000,0.000000,0.000000,0.000000,0.000000,0.000000,0.000000,0.000000,0.000000,0.000000,0.000000,0.000000,0.000000,0.000000,0.000000,0.000000,2.815985,-0.398809,0.103606,-0.172959,-0.173433,-0.904465,-0.560727,0.738651,0.699711,-0.789804,-0.963704,-0.795908,0.277603,-0.520354,0.525248,-0.988342,0.431545,0.772782,-0.910387,0.734790,0.835738,0.071680,-0.430943,0.125628,-0.378827,0.866420,0.087263,0.597409,0.219940,-0.423186,0.000259,0.759783,-0.234254,-0.317336,0.912861,-0.331878,0.719002,-0.643439,0.583450,0.230603,-0.759607,-0.872110,-0.403385,0.314912,-0.279773,-0.457695,0.163728,0.905110,-0.756295,0.289163,0.824804,0.082201,0.928373,0.195789,0.345204,0.582560,-0.600553,0.120384,0.228527,-0.759705,-0.088976,0.541357,-0.918588,-0.173016,-0.708565,-0.648503,0.025149,-0.941036,-0.150087,-0.948590,0.851120,0.765908,-0.576724,-0.868391,-0.498729,-0.943216,0.469578,0.147789,0.087679,0.703944,0.618625,-0.182237,0.220674,-0.116384,0.248019,-0.696950,-0.399840,-0.496233,-0.665066,-0.172324,0.452999,-0.207887,0.965271,-0.395819,0.896260,-0.612893,-0.358451,-0.671837,-0.524180,-0.685777,0.249655,-0.598770,-0.829736,-0.467159,0.356800,-0.142737,-0.687684,-0.873100,0.458709,0.408219,-0.076951,0.055498,-0.519014,-0.029326,0.457213,0.543065,-0.319010,0.357701,-0.027031,0.478672,0.381561,0.500713,-0.670233,-0.355756,-0.470033,-0.105862,-0.070175,0.334614,0.139214,0.159750,0.265970,-0.454221,-0.547737,-0.569623,0.558896,-0.805477,-0.367815,-0.439454,0.183852,0.848383,0.757189,-0.789225,0.080420
0.000000,0.000000,0.000000,0.000000,0.000000,0.000000,0.000000,0.000000,0.000000,0.000000,0.000000,0.000000,0.000000,0.000000,0.000000,0.000000,0.000000,0.000000,0.000000,0.000000,0.000000,0.000000,0.000000,0.000000,0.000000,0.000000,0.000000,0.000000,0.000000,0.000000,0.000000,0.000000,0.000000,0.000000,0.000000,0.000000,0.000000,0.000000,0.000000,0.000000,0.000000,0.000000,0.000000,0.000000,0.000000,0.000000,0.000000,0.000000,0.000000,0.000000,0.000000,0.000000,0.000000,0.000000,0.000000,0.000000,0.000000,0.000000,0.000000,0.000000,0.000000,0.000000,0.000000,0.000000,0.000000,0.000000,0.000000,0.000000,0.000000,0.000000,0.000000,0.000000,0.000000,0.000000,0.000000,0.000000,0.000000,0.000000,0.000000,0.000000,0.000000,0.000000,0.000000,0.000000,0.000000,0.000000,0.000000,0.000000,0.000000,0.000000,0.000000,0.000000,0.000000,0.000000,0.000000,0.000000,0.000000,0.000000,0.000000,0.000000,0.000000,0.000000,0.000000,0.000000,0.000000,0.000000,0.000000,0.000000,0.000000,0.000000,0.000000,0.000000,0.592993,0.584812,-0.250564,-0.570270,-0.031796,-0.129793,0.886257,-0.933627,0.899968,-0.531258,-0.709936,0.483648,0.045154,0.791295,0.085274,0.010935,-0.587676,0.899548,0.328980,0.203137,0.580111,-0.797458,0.732827,0.000965,0.604426,0.425262,-0.097480,0.539420,0.441382,-0.992556,0.418495,0.017577,0.678942,0.619289,-0.658703,-0.956483,-0.607349,0.482251,0.742703,0.401148,0.641175,0.174482,0.013041,0.940728,-0.838820,-0.157291,-0.443886,-0.755898,0.211154,-0.473499,-0.074071,-0.726823,-0.220027,-0.599490,0.793874,0.044792,0.599087,-0.028547,-0.915231,0.389107,-0.904353,-0.209919,0.093879,0.559657,0.797200,-0.590372,0.327144,-0.059543,0.535031,0.879688,0.065934,-0.426458,0.597018,0.053472,0.764557,0.132146,0.874246,-0.964927,0.477918,-0.306924,0.337241,0.884694,0.307822,0.489971,-0.683899,-0.658964,0.146853,-0.138791,-0.777699,0.456671,0.397913,-0.816848,-0.902686,-0.242373,0.265868,0.787135,-0.130989,-0.831794,0.680932,-0.750200,0.274783,-0.173093,0.819140,0.409822,-0.999715,-0.254476,-0.639382,-0.432937,-0.202088,0.082770,0.596763,-0.827144,-0.117793,0.701436,-0.135640,0.038590,0.557212,0.425789,0.019995,0.934186,-0.927573,-0.890979,-0.145275,-0.684301,-0.566983,-0.699835,0.384738,-0.157463,0.668349,-0.499231,0.246853,-0.573116,-0.971032,0.377837,-0.708960,0.387621,0.381343,0.336288,0.183920,0.769845,-0.848727,0.863638
0.000000,0.000000,0.000000,0.000000,0.000000,0.000000,0.000000,0.000000,0.000000,0.000000,0.000000,0.000000,0.000000,0.000000,0.000000,0.000000,0.000000,0.000000,0.000000,0.000000,0.000000,0.000000,0.000000,0.000000,0.000000,0.000000,0.000000,0.000000,0.000000,0.000000,0.000000,0.000000,0.000000,0.000000,0.000000,0.000000,0.000000,0.000000,0.000000,0.000000,0.000000,0.000000,0.000000,0.000000,0.000000,0.000000,0.000000,0.000000,0.000000,0.000000,0.000000,0.000000,0.000000,0.000000,0.000000,0.000000,0.000000,0.000000,0.000000,0.000000,0.000000,0.000000,0.000000,0.000000,0.000000,0.000000,0.000000,0.000000,0.000000,0.000000,0.000000,0.000000,0.000000,0.000000,0.000000,0.000000,0.000000,0.000000,0.000000,0.000000,0.000000,0.000000,0.000000,0.000000,0.000000,0.000000,0.000000,0.000000,0.000000,0.000000,0.000000,0.000000,0.000000,0.000000,0.000000,0.000000,0.000000,0.000000,0.000000,0.000000,0.000000,0.000000,0.000000,0.000000,0.000000,0.000000,0.000000,0.000000,0.000000,0.000000,0.000000,0.000000,0.000000,0.664923,-0.009353,0.846466,-0.462141,0.675809,0.186378,0.722371,-0.902865,0.111883,-0.622698,-0.963863,0.377909,0.499368,0.472592,0.453951,0.599884,-0.060820,-0.304848,0.541926,0.332921,-0.599987,-0.129414,-0.635655,0.557807,-0.505738,0.245391,0.470735,0.983208,-0.133715,0.744921,0.328708,-0.983103,-0.217442,-0.211764,-0.760750,-0.125820,-0.767081,0.670769,-0.276206,-0.633757,0.203646,0.715164,0.869855,0.788571,0.764105,-0.303897,0.010843,-0.257382,0.844523,-0.814348,0.108639,-0.506188,0.700748,-0.321563,0.727368,0.856086,-0.656065,0.508505,-0.300043,-0.193448,-0.451237,0.233333,-0.313666,0.481232,0.556984,-0.209735,-0.990512,-0.867837,-0.452376,0.907746,-0.212381,0.488471,0.872156,-0.316642,0.122580,0.704641,0.229596,-0.775559,0.539154,0.808185,0.537552,0.505078,0.511393,0.225078,-0.504380,0.821677,-0.742185,0.654591,-0.281251,0.347640,0.610194,0.597178,-0.677715,0.221836,-0.570875,-0.775791,0.027123,0.975054,0.963328,0.146802,0.544348,-0.500644,-0.551276,0.413046,0.571999,0.483674,-0.790985,-0.287455,-0.911640,0.572325,-0.376507,-0.140530,0.157777,-0.998895,-0.291760,0.454566,-0.427869,0.140955,0.954343,-0.763687,-0.463518,0.367933,0.196755,0.956007,-0.930795,0.755988,-0.022910,-0.546202,0.006729,-0.175608,-0.641330,-0.561209,-0.423717,0.104398,-0.833801,-0.822309,-0.336508,0.414582,0.956610,-0.975993,0.944681
0.000000,0.000000,0.000000,0.000000,0.000000,0.000000,0.000000,0.000000,0.000000,0.000000,0.000000,0.000000,0.000000,0.000000,0.000000,0.000000,0.000000,0.000000,0.000000,0.000000,0.000000,0.000000,0.000000,0.000000,0.000000,0.000000,0.000000,0.000000,0.000000,0.000000,0.000000,0.000000,0.000000,0.000000,0.000000,0.000000,0.000000,0.000000,0.000000,0.000000,0.000000,0.000000,0.000000,0.000000,0.000000,0.000000,0.000000,0.000000,0.000000,0.000000,0.000000,0.000000,0.000000,0.000000,0.000000,0.000000,0.000000,0.000000,0.000000,0.000000,0.000000,0.000000,0.000000,0.000000,0.000000,0.000000,0.000000,0.000000,0.000000,0.000000,0.000000,0.000000,0.000000,0.000000,0.000000,0.000000,0.000000,0.000000,0.000000,0.000000,0.000000,0.000000,0.000000,0.000000,0.000000,0.000000,0.000000,0.000000,0.000000,0.000000,0.000000,0.000000,0.000000,0.000000,0.000000,0.000000,0.000000,0.000000,0.000000,0.000000,0.000000,0.000000,0.000000,0.000000,0.000000,0.000000,0.000000,0.000000,0.000000,0.000000,0.000000,0.000000,0.000000,0.000000,2.215104,0.801972,0.072677,-0.074121,0.570319,0.102222,0.794731,0.786126,0.060911,0.147529,-0.087449,0.378812,0.364712,0.301186,-0.875300,0.927165,-0.328796,-0.507567,-0.577901,-0.861433,-0.085921,-0.916867,-0.678191,-0.989450,-0.650637,0.990491,0.082907,-0.865703,0.128294,0.201583,0.095454,-0.328024,0.314482,-0.714782,-0.560874,0.989441,-0.168824,-0.704416,-0.565949,0.448264,-0.767500,-0.292041,-0.343207,-0.544038,-0.046324,-0.779744,-0.086866,-0.934759,0.940684,0.209748,-0.849860,-0.618550,0.472899,0.463343,-0.270033,-0.703125,0.071855,-0.447205,-0.806383,-0.308003,0.502025,-0.291720,-0.918440,-0.759205,0.192692,0.044306,0.349725,0.143501,-0.005542,-0.049760,0.923075,0.724580,-0.234243,0.306943,-0.959134,-0.958098,-0.362856,0.509534,0.850917,0.365952,0.412779,-0.935763,0.860319,-0.826413,0.893816,-0.716587,-0.933231,0.127220,-0.772703,-0.942370,0.335655,0.476515,-0.414117,0.067016,0.172090,-0.678305,-0.119873,0.273938,0.771385,-0.162276,0.398667,0.003361,0.414170,0.577970,0.061103,-0.877794,0.750808,0.201988,0.201286,0.018930,-0.652058,-0.027651,0.073647,-0.232469,-0.701794,0.524474,-0.086821,0.401324,-0.906040,0.008757,-0.852441,0.467077,0.161922,-0.097218,0.945685,-0.347967,-0.154221,0.475060,0.050103,0.317042,0.952560,0.391354,-0.698583,-0.581306,0.739713,-0.904052,0.018353,0.811911,0.552456,-0.768666
0.000000,0.000000,0.000000,0.000000,0.000000,0.000000,0.000000,0.000000,0.000000,0.000000,0.000000,0.000000,0.000000,0.000000,0.000000,0.000000,0.000000,0.000000,0.000000,0.000000,0.000000,0.000000,0.000000,0.000000,0.000000,0.000000,0.000000,0.000000,0.000000,0.000000,0.000000,0.000000,0.000000,0.000000,0.000000,0.000000,0.000000,0.000000,0.000000,0.000000,0.000000,0.000000,0.000000,0.000000,0.000000,0.000000,0.000000,0.000000,0.000000,0.000000,0.000000,0.000000,0.000000,0.000000,0.000000,0.000000,0.000000,0.000000,0.000000,0.000000,0.000000,0.000000,0.000000,0.000000,0.000000,0.000000,0.000000,0.000000,0.000000,0.000000,0.000000,0.000000,0.000000,0.000000,0.000000,0.000000,0.000000,0.000000,0.000000,0.000000,0.000000,0.000000,0.000000,0.000000,0.000000,0.000000,0.000000,0.000000,0.000000,0.000000,0.000000,0.000000,0.000000,0.000000,0.000000,0.000000,0.000000,0.000000,0.000000,0.000000,0.000000,0.000000,0.000000,0.000000,0.000000,0.000000,0.000000,0.000000,0.000000,0.000000,0.000000,0.000000,0.000000,0.000000,0.000000,2.351163,-0.235863,0.802570,0.145591,0.097546,-0.982577,-0.500688,-0.174491,0.447836,0.040099,0.705078,-0.931299,-0.354222,0.195179,0.317512,0.004818,-0.202295,-0.856888,0.392485,0.807452,0.617676,0.402460,0.268322,0.544081,0.553463,-0.986119,-0.284303,0.736107,0.701567,0.419911,-0.381859,0.595825,-0.536891,-0.551802,0.071467,0.142682,-0.297344,0.207550,0.418224,-0.639564,-0.422770,0.399676,0.854502,0.768884,-0.740706,0.139451,0.600351,-0.525347,0.286381,-0.144724,0.325463,-0.935787,-0.374094,-0.385345,-0.162654,-0.770924,-0.126762,0.082996,-0.946682,-0.398170,-0.645418,0.944325,-0.739568,0.254831,-0.196294,-0.425337,0.708151,0.328174,0.240604,-0.812685,-0.482061,-0.447016,-0.131240,0.842936,-0.192695,-0.343958,-0.858126,-0.230084,-0.895285,-0.269591,0.935569,0.112122,-0.582259,-0.401560,0.142200,-0.961429,0.799142,0.156276,-0.015432,0.432468,-0.599478,-0.956713,0.230444,-0.679995,-0.975520,0.857833,0.576838,-0.771598,0.792702,-0.864852,0.605980,-0.171057,0.036362,0.336657,-0.802477,0.815513,-0.712718,0.883168,-0.817034,-0.655983,-0.884889,-0.204430,0.181732,0.250149,0.657038,0.056760,0.020223,-0.347708,0.302211,0.817058,-0.289399,-0.287291,-0.313351,-0.545173,0.133421,-0.788850,0.669594,-0.724494,-0.652140,-0.862852,-0.237306,0.515291,0.820188,-0.131438,-0.529727,0.451309,0.376288,0.363289,-0.113153
0.000000,0.000000,0.000000,0.000000,0.000000,0.000000,0.000000,0.000000,0.000000,0.000000,0.000000,0.000000,0.000000,0.000000,0.000000,0.000000,0.000000,0.000000,0.000000,0.000000,0.000000,0.000000,0.000000,0.000000,0.000000,0.000000,0.000000,0.000000,0.000000,0.000000,0.000000,0.000000,0.000000,0.000000,0.000000,0.000000,0.000000,0.000000,0.000000,0.000000,0.000000,0.000000,0.000000,0.000000,0.000000,0.000000,0.000000,0.000000,0.000000,0.000000,0.000000,0.000000,0.000000,0.000000,0.000000,0.000000,0.000000,0.000000,0.000000,0.000000,0.000000,0.000000,0.000000,0.000000,0.000000,0.000000,0.000000,0.000000,0.000000,0.000000,0.000000,0.000000,0.000000,0.000000,0.000000,0.000000,0.000000,0.000000,0.000000,0.000000,0.000000,0.000000,0.000000,0.000000,0.000000,0.000000,0.000000,0.000000,0.000000,0.000000,0.000000,0.000000,0.000000,0.000000,0.000000,0.000000,0.000000,0.000000,0.000000,0.000000,0.000000,0.000000,0.000000,0.000000,0.000000,0.000000,0.000000,0.000000,0.000000,0.000000,0.000000,0.000000,0.000000,0.000000,0.000000,0.000000,1.913246,-0.876066,-0.499975,0.853890,-0.916441,-0.396800,-0.546711,-0.739522,0.848704,-0.748208,-0.021257,0.679019,-0.992256,-0.782945,-0.316212,-0.704970,-0.634681,0.182312,-0.658738,0.277694,0.831037,-0.541143,-0.575430,-0.977213,-0.970667,-0.206747,-0.021916,-0.634378,-0.354024,-0.719380,0.362494,-0.214121,0.468668,0.100626,-0.245402,0.252733,-0.985662,0.380729,-0.257903,0.027153,0.046820,0.116825,0.404773,-0.778708,-0.022044,-0.833694,-0.531693,-0.621471,0.197419,0.212195,0.661799,0.043674,0.489357,0.778156,-0.732927,0.441939,-0.344128,-0.443872,0.925965,-0.587086,0.829106,0.647433,0.757265,0.171967,0.169412,-0.194836,-0.198161,0.701334,-0.224490,-0.026606,0.992786,-0.291372,0.645183,-0.445605,-0.949853,0.186856,-0.041308,0.573345,-0.991695,-0.858879,0.719358,-0.038338,0.012747,-0.549786,0.851842,0.828841,0.033388,-0.564353,0.965583,0.784913,0.042822,0.252797,-0.120664,-0.587884,0.362902,0.338268,0.094652,0.628892,-0.096327,0.721833,-0.565963,0.923611,-0.589839,-0.679762,0.206795,-0.813840,-0.664138,0.458069,-0.383697,0.600243,-0.688894,-0.229397,-0.227424,-0.039207,-0.179216,-0.226429,-0.343125,-0.969699,0.233181,-0.053017,-0.253435,-0.577170,0.782780,-0.524212,0.841849,-0.565472,0.942852,-0.160302,0.065435,-0.402379,0.878362,-0.434858,0.460424,-0.959018,0.117437,0.483151,-0.058253,0.286634
0.000000,0.000000,0.000000,0.000000,0.000000,0.000000,0.000000,0.000000,0.000000,0.000000,0.000000,0.000000,0.000000,0.000000,0.000000,0.000000,0.000000,0.000000,0.000000,0.000000,0.000000,0.000000,0.000000,0.000000,0.000000,0.000000,0.000000,0.000000,0.000000,0.000000,0.000000,0.000000,0.000000,0.000000,0.000000,0.000000,0.000000,0.000000,0.000000,0.000000,0.000000,0.000000,0.000000,0.000000,0.000000,0.000000,0.000000,0.000000,0.000000,0.000000,0.000000,0.000000,0.000000,0.000000,0.000000,0.000000,0.000000,0.000000,0.000000,0.000000,0.000000,0.000000,0.000000,0.000000,0.000000,0.000000,0.000000,0.000000,0.000000,0.000000,0.000000,0.000000,0.000000,0.000000,0.000000,0.000000,0.000000,0.000000,0.000000,0.000000,0.000000,0.000000,0.000000,0.000000,0.000000,0.000000,0.000000,0.000000,0.000000,0.000000,0.000000,0.000000,0.000000,0.000000,0.000000,0.000000,0.000000,0.000000,0.000000,0.000000,0.000000,0.000000,0.000000,0.000000,0.000000,0.000000,0.000000,0.000000,0.000000,0.000000,0.000000,0.000000,0.000000,0.000000,0.000000,0.000000,0.000000,2.420142,0.000476,-0.563816,-0.206456,0.461558,-0.457816,0.264069,-0.703416,0.860586,0.205966,-0.063459,0.623046,0.594342,-0.805354,-0.385873,-0.082845,-0.318920,-0.365399,-0.295619,-0.715901,-0.761165,-0.479378,-0.859837,0.020440,-0.693727,-0.864866,0.674292,0.175019,0.796720,0.966786,0.187063,0.591955,-0.680916,0.396737,0.099108,0.352786,-0.790552,0.871630,-0.165025,0.551599,0.981224,0.746624,-0.376589,-0.196048,0.297308,0.076046,-0.179399,0.306739,0.819057,-0.381008,-0.743323,0.351499,0.179190,0.811176,0.485318,-0.205794,0.266659,0.724734,-0.305054,-0.972347,0.252681,-0.948149,0.874960,-0.663602,-0.251473,0.892568,-0.840139,-0.991315,-0.792727,0.972077,0.943458,-0.230802,0.485771,0.471867,-0.800368,-0.529760,0.777965,-0.668606,0.041711,-0.511695,0.115229,-0.606939,-0.568504,-0.906402,0.980343,-0.773810,-0.168762,-0.164884,-0.392748,0.587981,-0.324616,0.250901,0.086001,0.728058,0.638965,-0.564105,0.500224,0.585137,0.838371,0.926435,0.473938,-0.100138,-0.414059,0.729326,0.831109,-0.804878,0.108645,-0.741611,-0.496841,-0.233608,-0.377672,0.431998,-0.842068,0.227547,0.162829,0.574390,-0.806643,-0.334791,0.394207,0.423374,-0.100748,-0.076461,0.929919,-0.347544,-0.699771,0.905684,0.619216,-0.525874,0.714514,-0.495397,0.654895,0.257125,-0.034840,0.856146,0.618736,-0.740150,0.411138
0.000000,0.000000,0.000000,0.000000,0.000000,0.000000,0.000000,0.000000,0.000000,0.000000,0.000000,0.000000,0.000000,0.000000,0.000000,0.000000,0.000000,0.000000,0.000000,0.000000,0.000000,0.000000,0.000000,0.000000,0.000000,0.000000,0.000000,0.000000,0.000000,0.000000,0.000000,0.000000,0.000000,0.000000,0.000000,0.000000,0.000000,0.000000,0.000000,0.000000,0.000000,0.000000,0.000000,0.000000,0.000000,0.000000,0.000000,0.000000,0.000000,0.000000,0.000000,0.000000,0.000000,0.000000,0.000000,0.000000,0.000000,0.000000,0.000000,0.000000,0.000000,0.000000,0.000000,0.000000,0.000000,0.000000,0.000000,0.000000,0.000000,0.000000,0.000000,0.000000,0.000000,0.000000,0.000000,0.000000,0.000000,0.000000,0.000000,0.000000,0.000000,0.000000,0.000000,0.000000,0.000000,0.000000,0.000000,0.000000,0.000000,0.000000,0.000000,0.000000,0.000000,0.000000,0.000000,0.000000,0.000000,0.000000,0.000000,0.000000,0.000000,0.000000,0.000000,0.000000,0.000000,0.000000,0.000000,0.000000,0.000000,0.000000,0.000000,0.000000,0.000000,0.000000,0.000000,0.000000,0.000000,0.000000,2.473755,0.082255,-0.447863,-0.531054,0.948292,-0.126413,0.037650,0.196331,-0.798737,-0.837409,-0.603726,-0.869342,0.796945,-0.703951,-0.546862,0.074621,0.792408,-0.901938,-0.568051,0.434701,0.038360,0.189037,-0.966092,0.733610,0.157481,0.668736,0.927490,0.464323,-0.937979,0.423059,0.126941,-0.792921,-0.459146,-0.662318,0.849683,0.590567,0.401708,0.526641,0.202492,0.710533,-0.542784,-0.498991,0.183499,0.620271,0.671577,0.952506,0.524570,-0.534514,-0.538699,-0.108823,0.300302,0.025984,-0.865054,-0.036198,0.634197,-0.519370,0.270065,-0.460561,0.111338,0.401958,-0.585555,0.479094,0.353037,-0.374480,0.789949,0.561028,0.042266,-0.834631,-0.118757,-0.340299,-0.475109,0.287147,0.843460,-0.706891,0.483274,0.243430,0.334065,0.690371,-0.249092,0.159109,-0.446353,-0.431577,0.026565,-0.985400,-0.503769,-0.696742,-0.760264,-0.230743,-0.791276,-0.691421,0.337431,0.302684,0.890036,0.840546,0.747881,0.381909,-0.466821,-0.643685,0.898836,0.919258,0.008869,0.096827,-0.989254,-0.702829,0.091989,-0.636414,-0.042541,0.589832,0.601556,0.723317,-0.528576,-0.136205,0.253691,0.162172,0.998146,-0.447437,-0.857321,-0.224276,0.036027,-0.225522,-0.361272,-0.485481,-0.145031,0.378404,-0.702269,0.731068,0.282244,-0.785259,-0.952961,-0.897286,-0.819263,0.287078,0.881713,-0.733393,-0.431335,0.731702
0.000000,0.000000,0.000000,0.000000,0.000000,0.000000,0.000000,0.000000,0.000000,0.000000,0.000000,0.000000,0.000000,0.000000,0.000000,0.000000,0.000000,0.000000,0.000000,0.000000,0.000000,0.000000,0.000000,0.000000,0.000000,0.000000,0.000000,0.000000,0.000000,0.000000,0.000000,0.000000,0.000000,0.000000,0.000000,0.000000,0.000000,0.000000,0.000000,0.000000,0.000000,0.000000,0.000000,0.000000,0.000000,0.000000,0.000000,0.000000,0.000000,0.000000,0.000000,0.000000,0.000000,0.000000,0.000000,0.000000,0.000000,0.000000,0.000000,0.000000,0.000000,0.000000,0.000000,0.000000,0.000000,0.000000,0.000000,0.000000,0.000000,0.000000,0.000000,0.000000,0.000000,0.000000,0.000000,0.000000,0.000000,0.000000,0.000000,0.000000,0.000000,0.000000,0.000000,0.000000,0.000000,0.000000,0.000000,0.000000,0.000000,0.000000,0.000000,0.000000,0.000000,0.000000,0.000000,0.000000,0.000000,0.000000,0.000000,0.000000,0.000000,0.000000,0.000000,0.000000,0.000000,0.000000,0.000000,0.000000,0.000000,0.000000,0.000000,0.000000,0.000000,0.000000,0.000000,0.000000,0.000000,0.000000,0.000000,1.764184,-0.145735,-0.053538,-0.797759,-0.560821,0.924033,0.286850,-0.427430,0.893955,-0.205009,-0.718272,0.930633,0.331863,0.505631,-0.954976,-0.433709,0.890855,-0.688949,0.746955,0.540936,-0.242965,0.773446,0.845414,0.733734,-0.185040,0.174270,-0.387742,-0.740094,0.804224,0.962313,-0.882828,0.375475,0.898497,0.215835,-0.905809,-0.970172,0.008205,0.879890,-0.442269,-0.299348,0.591988,0.603323,0.887278,0.677344,0.187842,0.877509,0.228836,0.203158,-0.968995,-0.089086,-0.914098,0.797539,-0.979059,-0.385996,0.990133,0.590130,0.515338,0.425761,-0.897519,-0.423601,0.596907,0.791104,-0.299888,-0.481168,-0.528209,0.096128,-0.417026,-0.957326,-0.218500,0.107467,0.268486,-0.314091,-0.372216,-0.432246,0.246651,-0.432749,0.833706,-0.436625,0.581872,-0.360538,0.269481,0.398031,-0.651253,-0.240068,-0.744836,0.021311,0.818841,0.192472,0.403320,-0.433892,-0.063549,0.481558,-0.737397,-0.756583,-0.551131,-0.526401,0.924796,-0.682783,-0.789690,-0.724635,-0.594178,-0.262561,-0.605693,-0.824400,-0.726764,0.579336,0.040151,0.491762,-0.646601,-0.389655,0.964611,-0.828664,-0.122659,-0.408459,-0.985331,0.104904,0.100011,-0.359079,-0.055483,-0.216105,-0.071589,0.696097,0.427947,-0.439511,-0.520918,0.450435,-0.550970,0.815172,0.665633,-0.494962,0.603001,-0.617305,-0.950278,0.922241,0.522701
0.000000,0.000000,0.000000,0.000000,0.000000,0.000000,0.000000,0.000000,0.000000,0.000000,0.000000,0.000000,0.000000,0.000000,0.000000,0.000000,0.000000,0.000000,0.000000,0.000000,0.000000,0.000000,0.000000,0.000000,0.000000,0.000000,0.000000,0.000000,0.000000,0.000000,0.000000,0.000000,0.000000,0.000000,0.000000,0.000000,0.000000,0.000000,0.000000,0.000000,0.000000,0.000000,0.000000,0.000000,0.000000,0.000000,0.000000,0.000000,0.000000,0.000000,0.000000,0.000000,0.000000,0.000000,0.000000,0.000000,0.000000,0.000000,0.000000,0.000000,0.000000,0.000000,0.000000,0.000000,0.000000,0.000000,0.000000,0.000000,0.000000,0.000000,0.000000,0.000000,0.000000,0.000000,0.000000,0.000000,0.000000,0.000000,0.000000,0.000000,0.000000,0.000000,0.000000,0.000000,0.000000,0.000000,0.000000,0.000000,0.000000,0.000000,0.000000,0.000000,0.000000,0.000000,0.000000,0.000000,0.000000,0.000000,0.000000,0.000000,0.000000,0.000000,0.000000,0.000000,0.000000,0.000000,0.000000,0.000000,0.000000,0.000000,0.000000,0.000000,0.000000,0.000000,0.000000,0.000000,0.000000,0.000000,0.000000,0.000000,1.722559,0.686419,-0.848357,0.479365,0.912651,0.637181,-0.136649,-0.307378,0.784832,-0.416986,0.874896,-0.360301,-0.749970,-0.528220,0.038967,-0.737788,-0.240086,0.811711,-0.812225,0.229088,-0.192471,0.294910,-0.020784,0.753410,-0.195003,0.016857,-0.739726,-0.019387,-0.770538,0.166260,-0.145212,0.566742,-0.163046,0.261191,-0.882015,0.420037,0.914868,-0.104443,-0.980302,0.207293,-0.709645,-0.064063,-0.935089,-0.114377,0.748972,-0.729226,-0.003349,-0.492256,-0.477939,0.286606,0.496554,0.746571,-0.443508,-0.858448,-0.115436,0.169183,0.479161,0.512143,0.727234,-0.937671,0.961996,0.933631,-0.928906,-0.373409,0.531085,-0.042979,-0.990717,-0.290568,0.157878,0.759160,0.658503,0.892639,-0.064144,0.596548,-0.798529,0.036916,0.833162,0.677695,0.311220,-0.701593,-0.635837,0.357305,-0.348864,-0.341104,0.695246,-0.959066,-0.214964,-0.523559,-0.945799,-0.566854,-0.631505,0.008948,-0.129617,-0.056601,0.755823,-0.011143,0.278009,0.294967,0.033749,-0.390451,0.806317,-0.123649,0.142256,0.118289,0.655276,0.069242,-0.086194,-0.079878,0.559897,-0.340050,0.869702,0.693208,-0.723305,-0.365522,0.811240,-0.443257,-0.364683,-0.565088,-0.891212,-0.043088,0.509706,0.319995,-0.944750,0.046766,-0.339422,0.283577,-0.189680,0.961060,0.656900,0.400742,0.031334,0.182226,-0.115729,0.589314
0.000000,0.000000,0.000000,0.000000,0.000000,0.000000,0.000000,0.000000,0.000000,0.000000,0.000000,0.000000,0.000000,0.000000,0.000000,0.000000,0.000000,0.000000,0.000000,0.000000,0.000000,0.000000,0.000000,0.000000,0.000000,0.000000,0.000000,0.000000,0.000000,0.000000,0.000000,0.000000,0.000000,0.000000,0.000000,0.000000,0.000000,0.000000,0.000000,0.000000,0.000000,0.000000,0.000000,0.000000,0.000000,0.000000,0.000000,0.000000,0.000000,0.000000,0.000000,0.000000,0.000000,0.000000,0.000000,0.000000,0.000000,0.000000,0.000000,0.000000,0.000000,0.000000,0.000000,0.000000,0.000000,0.000000,0.000000,0.000000,0.000000,0.000000,0.000000,0.000000,0.000000,0.000000,0.000000,0.000000,0.000000,0.000000,0.000000,0.000000,0.000000,0.000000,0.000000,0.000000,0.000000,0.000000,0.000000,0.000000,0.000000,0.000000,0.000000,0.000000,0.000000,0.000000,0.000000,0.000000,0.000000,0.000000,0.000000,0.000000,0.000000,0.000000,0.000000,0.000000,0.000000,0.000000,0.000000,0.000000,0.000000,0.000000,0.000000,0.000000,0.000000,0.000000,0.000000,0.000000,0.000000,0.000000,0.000000,0.000000,0.000000,2.770585,0.998190,0.197661,0.363771,-0.200275,-0.983054,0.406474,0.868071,0.719249,0.757242,-0.195748,0.427103,0.276860,0.081870,-0.696760,0.150884,-0.402818,0.407178,0.889705,0.455316,-0.480942,-0.069504,0.129731,0.452306,-0.704305,0.051185,0.720273,-0.944824,0.455161,0.760873,0.591527,0.863678,0.565421,0.036046,-0.046131,-0.936321,-0.962801,0.278938,-0.449195,-0.385809,0.614131,-0.777457,-0.432331,0.370077,-0.938868,0.039578,-0.829078,0.523314,0.269165,0.217104,-0.557430,0.449397,-0.396642,0.141630,-0.815941,-0.807827,-0.612020,-0.567990,-0.747135,-0.763503,0.758062,0.109267,0.244354,-0.424356,-0.889025,0.936547,-0.891944,0.645253,0.330173,-0.184958,0.493195,0.529465,0.756584,0.089851,-0.572586,0.145158,-0.801370,-0.247542,0.220733,-0.496226,0.730165,0.952104,-0.848180,-0.588215,-0.053977,-0.924117,-0.814145,0.801280,-0.908940,-0.505031,-0.152735,-0.959082,0.621188,0.660016,-0.210660,-0.596432,0.784716,0.357112,0.047724,-0.215204,0.078554,-0.500977,-0.100800,0.371795,-0.177282,0.369909,0.477451,0.507424,0.138356,-0.631224,0.401119,0.638562,-0.811422,0.791932,0.882601,0.336472,-0.777870,0.307382,-0.287863,-0.392709,-0.926472,0.449668,0.133360,-0.098414,-0.222623,-0.176296,-0.093811,-0.045023,-0.804639,-0.239358,-0.871927,0.551862,0.044479
0.000000,0.000000,0.000000,0.000000,0.000000,0.000000,0.000000,0.000000,0.000000,0.000000,0.000000,0.000000,0.000000,0.000000,0.000000,0.000000,0.000000,0.000000,0.000000,0.000000,0.000000,0.000000,0.000000,0.000000,0.000000,0.000000,0.000000,0.000000,0.000000,0.000000,0.000000,0.000000,0.000000,0.000000,0.000000,0.000000,0.000000,0.000000,0.000000,0.000000,0.000000,0.000000,0.000000,0.000000,0.000000,0.000000,0.000000,0.000000,0.000000,0.000000,0.000000,0.000000,0.000000,0.000000,0.000000,0.000000,0.000000,0.000000,0.000000,0.000000,0.000000,0.000000,0.000000,0.000000,0.000000,0.000000,0.000000,0.000000,0.000000,0.000000,0.000000,0.000000,0.000000,0.000000,0.000000,0.000000,0.000000,0.000000,0.000000,0.000000,0.000000,0.000000,0.000000,0.000000,0.000000,0.000000,0.000000,0.000000,0.000000,0.000000,0.000000,0.000000,0.000000,0.000000,0.000000,0.000000,0.000000,0.000000,0.000000,0.000000,0.000000,0.000000,0.000000,0.000000,0.000000,0.000000,0.000000,0.000000,0.000000,0.000000,0.000000,0.000000,0.000000,0.000000,0.000000,0.000000,0.000000,0.000000,0.000000,0.000000,0.000000,0.000000,2.498788,-0.141360,-0.693803,-0.400849,-0.532279,-0.120192,0.577822,-0.766734,-0.199800,-0.816418,-0.217088,0.165045,-0.862050,-0.866716,0.461020,-0.185004,-0.297235,0.372639,-0.830473,0.719430,0.550852,-0.220710,-0.062585,-0.204569,0.570460,-0.942012,0.342777,-0.394904,0.559094,0.967818,-0.442044,-0.108297,0.095182,0.102098,-0.686859,0.166492,0.447825,0.888057,0.450760,0.206614,-0.533498,-0.804160,0.268669,0.250365,0.678718,-0.107796,-0.655913,-0.550546,-0.047202,-0.375895,-0.639466,-0.784297,-0.175298,-0.324963,0.930551,0.712826,-0.633017,0.506707,-0.039604,0.852197,0.216410,-0.592013,-0.608063,0.934598,0.836553,-0.034282,0.127881,0.094196,0.526954,-0.051028,-0.754740,-0.351433,0.136552,-0.297851,0.627097,0.895810,-0.516004,0.778292,0.431414,0.173911,-0.739219,-0.178100,0.990705,0.296703,0.183367,-0.928766,-0.358223,-0.023688,0.283330,0.714232,-0.083863,-0.451093,-0.437436,-0.724378,-0.708922,-0.389363,0.533169,-0.173559,0.719134,0.898306,-0.849160,0.421646,-0.829468,-0.856544,-0.448461,-0.796795,0.325944,0.432239,0.278529,0.150714,0.562478,0.545157,0.740512,0.386392,-0.288251,0.049361,-0.018800,-0.784266,0.623486,0.825708,0.968818,-0.504065,-0.808720,-0.777916,0.608594,0.263483,0.512240,0.810393,-0.547461,-0.271829,0.584742,-0.481216
0.000000,0.000000,0.000000,0.000000,0.000000,0.000000,0.000000,0.000000,0.000000,0.000000,0.000000,0.000000,0.000000,0.000000,0.000000,0.000000,0.000000,0.000000,0.000000,0.000000,0.000000,0.000000,0.000000,0.000000,0.000000,0.000000,0.000000,0.000000,0.000000,0.000000,0.000000,0.000000,0.000000,0.000000,0.000000,0.000000,0.000000,0.000000,0.000000,0.000000,0.000000,0.000000,0.000000,0.000000,0.000000,0.000000,0.000000,0.000000,0.000000,0.000000,0.000000,0.000000,0.000000,0.000000,0.000000,0.000000,0.000000,0.000000,0.000000,0.000000,0.000000,0.000000,0.000000,0.000000,0.000000,0.000000,0.000000,0.000000,0.000000,0.000000,0.000000,0.000000,0.000000,0.000000,0.000000,0.000000,0.000000,0.000000,0.000000,0.000000,0.000000,0.000000,0.000000,0.000000,0.000000,0.000000,0.000000,0.000000,0.000000,0.000000,0.000000,0.000000,0.000000,0.000000,0.000000,0.000000,0.000000,0.000000,0.000000,0.000000,0.000000,0.000000,0.000000,0.000000,0.000000,0.000000,0.000000,0.000000,0.000000,0.000000,0.000000,0.000000,0.000000,0.000000,0.000000,0.000000,0.000000,0.000000,0.000000,0.000000,0.000000,0.000000,0.000000,1.765102,-0.113099,0.190610,0.976406,-0.792570,-0.030715,0.917974,-0.304246,0.481195,0.858541,-0.518785,-0.837239,-0.848614,-0.854013,-0.298958,-0.747571,-0.189948,0.508255,-0.403548,-0.041164,-0.745262,0.396579,-0.364650,-0.729548,0.909341,0.539245,0.304655,0.445999,-0.149015,-0.403338,-0.000027,0.650516,0.927585,0.210563,-0.247281,0.436412,0.394136,-0.505071,-0.128972,-0.731973,-0.195443,0.525498,-0.372195,0.266065,-0.344701,-0.705793,0.482775,0.178624,0.650915,0.357908,0.634384,-0.690104,0.229167,-0.265243,0.493013,0.160172,-0.891640,0.067092,0.488583,-0.474423,0.309053,0.681852,-0.869665,0.156045,0.775202,-0.747160,-0.461505,0.251848,0.170368,0.586792,0.258106,0.151690,-0.096297,-0.843501,0.182177,-0.686748,0.991699,-0.843000,-0.848567,0.574659,-0.797669,-0.189847,0.854998,0.575765,-0.534316,-0.497940,0.184541,-0.027122,-0.766507,-0.682705,0.605793,-0.310418,0.598025,-0.620345,0.198865,0.010217,-0.347229,0.217154,-0.750930,0.712937,0.486767,-0.426053,0.160304,0.804338,-0.155390,-0.273317,0.597894,-0.997628,0.372746,-0.568388,0.388494,-0.124198,-0.959410,0.748520,0.093080,-0.372798,0.406759,-0.008119,-0.930103,0.300513,0.939063,-0.556041,0.725852,0.241990,-0.844203,0.459950,-0.117020,0.587468,0.271491,-0.994431,-0.747406
0.000000,0.000000,0.000000,0.000000,0.000000,0.000000,0.000000,0.000000,0.000000,0.000000,0.000000,0.000000,0.000000,0.000000,0.000000,0.000000,0.000000,0.000000,0.000000,0.000000,0.000000,0.000000,0.000000,0.000000,0.000000,0.000000,0.000000,0.000000,0.000000,0.000000,0.000000,0.000000,0.000000,0.000000,0.000000,0.000000,0.000000,0.000000,0.000000,0.000000,0.000000,0.000000,0.000000,0.000000,0.000000,0.000000,0.000000,0.000000,0.000000,0.000000,0.000000,0.000000,0.000000,0.000000,0.000000,0.000000,0.000000,0.000000,0.000000,0.000000,0.000000,0.000000,0.000000,0.000000,0.000000,0.000000,0.000000,0.000000,0.000000,0.000000,0.000000,0.000000,0.000000,0.000000,0.000000,0.000000,0.000000,0.000000,0.000000,0.000000,0.000000,0.000000,0.000000,0.000000,0.000000,0.000000,0.000000,0.000000,0.000000,0.000000,0.000000,0.000000,0.000000,0.000000,0.000000,0.000000,0.000000,0.000000,0.000000,0.000000,0.000000,0.000000,0.000000,0.000000,0.000000,0.000000,0.000000,0.000000,0.000000,0.000000,0.000000,0.000000,0.000000,0.000000,0.000000,0.000000,0.000000,0.000000,0.000000,0.000000,0.000000,0.000000,0.000000,0.000000,1.381099,-0.036291,0.864255,0.643944,0.603231,0.079153,-0.814273,0.491615,-0.826903,-0.817105,-0.489828,0.845127,0.499838,-0.846695,0.837821,0.566750,0.207286,-0.746076,-0.359754,-0.398636,0.280094,0.175739,-0.445518,-0.377802,0.036883,0.690813,-0.747550,0.451476,0.991348,0.499466,-0.116858,0.463349,0.721373,0.537000,-0.974485,-0.737013,-0.785715,-0.936348,0.429046,-0.465253,0.443913,0.332197,0.047222,-0.880572,-0.389388,-0.945771,0.820040,-0.382733,-0.810101,-0.994964,0.223025,0.241938,0.989851,-0.422782,-0.906950,0.558765,-0.390836,-0.338682,0.815469,0.150741,-0.199301,0.901115,-0.469418,-0.957044,-0.538249,-0.911748,-0.184505,0.662133,0.950359,0.400642,0.852230,-0.182936,-0.394581,-0.691550,0.001761,-0.346124,-0.784925,0.863830,-0.752592,0.479479,-0.863850,0.054233,0.349605,-0.530931,-0.848701,0.186729,0.205814,-0.376035,-0.247613,-0.908788,-0.408423,0.765205,-0.657411,-0.063896,0.353652,0.605765,-0.837702,0.183672,0.254580,-0.605237,-0.938303,0.688734,-0.119860,-0.878441,0.156057,-0.246174,-0.839597,-0.425778,-0.346338,0.149810,-0.193333,-0.786016,0.270671,0.457598,0.014606,-0.873299,-0.793550,0.889292,-0.621269,-0.385011,0.375027,0.583671,0.822038,-0.209628,0.984584,-0.792219,0.653069,-0.455788,0.874182,0.738393
0.000000,0.000000,0.000000,0.000000,0.000000,0.000000,0.000000,0.000000,0.000000,0.000000,0.000000,0.000000,0.000000,0.000000,0.000000,0.000000,0.000000,0.000000,0.000000,0.000000,0.000000,0.000000,0.000000,0.000000,0.000000,0.000000,0.000000,0.000000,0.000000,0.000000,0.000000,0.000000,0.000000,0.000000,0.000000,0.000000,0.000000,0.000000,0.000000,0.000000,0.000000,0.000000,0.000000,0.000000,0.000000,0.000000,0.000000,0.000000,0.000000,0.000000,0.000000,0.000000,0.000000,0.000000,0.000000,0.000000,0.000000,0.000000,0.000000,0.000000,0.000000,0.000000,0.000000,0.000000,0.000000,0.000000,0.000000,0.000000,0.000000,0.000000,0.000000,0.000000,0.000000,0.000000,0.000000,0.000000,0.000000,0.000000,0.000000,0.000000,0.000000,0.000000,0.000000,0.000000,0.000000,0.000000,0.000000,0.000000,0.000000,0.000000,0.000000,0.000000,0.000000,0.000000,0.000000,0.000000,0.000000,0.000000,0.000000,0.000000,0.000000,0.000000,0.000000,0.000000,0.000000,0.000000,0.000000,0.000000,0.000000,0.000000,0.000000,0.000000,0.000000,0.000000,0.000000,0.000000,0.000000,0.000000,0.000000,0.000000,0.000000,0.000000,0.000000,0.000000,0.000000,2.405677,0.207495,-0.571087,-0.076149,-0.930428,0.418807,-0.768241,-0.483424,-0.509901,0.575897,-0.198704,0.069082,-0.582763,-0.331796,0.023798,-0.611592,0.379625,-0.101465,0.967301,-0.506939,-0.207881,0.849326,0.771995,-0.031660,-0.752813,-0.182437,0.174661,-0.491542,-0.617734,0.062875,-0.647952,0.749069,-0.851518,0.974801,0.075886,0.967125,0.503032,-0.694204,-0.545125,-0.786106,0.458171,-0.662683,0.429159,0.718997,-0.176571,0.322075,0.790392,0.506251,-0.738479,-0.414976,0.071275,-0.471462,0.011848,0.905662,-0.093666,-0.476660,-0.706843,0.802195,-0.540414,-0.612760,0.102275,-0.076578,-0.228670,0.157303,0.138812,-0.863195,-0.170163,0.441973,-0.236642,0.995319,-0.529230,-0.007271,0.347859,0.095725,-0.921854,0.027332,0.932854,-0.186672,-0.767642,-0.957483,-0.175470,-0.629406,0.669397,0.904515,0.881060,-0.250941,-0.090486,-0.369841,-0.741895,0.118078,-0.627589,-0.881184,0.698867,0.597032,0.852565,-0.345188,0.741441,-0.203096,-0.854441,-0.084318,0.107572,-0.135815,0.570872,-0.296344,0.842122,-0.851673,0.440815,0.857956,0.106324,0.757357,0.383662,-0.970941,0.342489,0.313123,-0.999945,-0.181679,-0.922401,-0.414002,0.973165,0.880568,0.369719,-0.266296,-0.207096,-0.923571,-0.323430,0.568769,0.038706,-0.046644,-0.817804
0.000000,0.000000,0.000000,0.000000,0.000000,0.000000,0.000000,0.000000,0.000000,0.000000,0.000000,0.000000,0.000000,0.000000,0.000000,0.000000,0.000000,0.000000,0.000000,0.000000,0.000000,0.000000,0.000000,0.000000,0.000000,0.000000,0.000000,0.000000,0.000000,0.000000,0.000000,0.000000,0.000000,0.000000,0.000000,0.000000,0.000000,0.000000,0.000000,0.000000,0.000000,0.000000,0.000000,0.000000,0.000000,0.000000,0.000000,0.000000,0.000000,0.000000,0.000000,0.000000,0.000000,0.000000,0.000000,0.000000,0.000000,0.000000,0.000000,0.000000,0.000000,0.000000,0.000000,0.000000,0.000000,0.000000,0.000000,0.000000,0.000000,0.000000,0.000000,0.000000,0.000000,0.000000,0.000000,0.000000,0.000000,0.000000,0.000000,0.000000,0.000000,0.000000,0.000000,0.000000,0.000000,0.000000,0.000000,0.000000,0.000000,0.000000,0.000000,0.000000,0.000000,0.000000,0.000000,0.000000,0.000000,0.000000,0.000000,0.000000,0.000000,0.000000,0.000000,0.000000,0.000000,0.000000,0.000000,0.000000,0.000000,0.000000,0.000000,0.000000,0.000000,0.000000,0.000000,0.000000,0.000000,0.000000,0.000000,0.000000,0.000000,0.000000,0.000000,0.000000,0.000000,0.000000,2.797501,-0.433854,-0.234194,-0.338580,-0.342532,0.198648,0.254065,0.197124,-0.863004,0.939075,0.427975,0.765457,-0.680661,0.864216,0.443361,0.001431,-0.953735,-0.493628,0.677483,-0.241637,0.356553,0.461586,0.551299,-0.235295,0.819667,-0.415600,0.672129,-0.150534,-0.531542,-0.313101,0.599127,0.229741,-0.726643,-0.752065,0.374402,-0.521015,-0.582681,0.499004,-0.354693,-0.863389,-0.150330,0.138357,0.202978,-0.882989,-0.092881,-0.280876,-0.102130,-0.916605,-0.408786,0.286917,-0.748167,0.918441,0.987822,-0.279115,0.361911,0.270687,-0.665670,-0.223612,0.961293,-0.744651,0.150354,0.198361,-0.664949,0.070496,0.834924,-0.768688,-0.620514,-0.488743,0.501959,0.154503,0.007094,0.584128,0.956534,-0.608084,0.624101,-0.259823,-0.708018,-0.486960,-0.201407,0.798322,-0.043181,0.228606,-0.933531,-0.871987,0.876665,0.676636,-0.020719,-0.599203,-0.919649,0.950698,-0.988655,-0.524704,0.367806,0.875797,-0.765881,0.547782,-0.336464,0.359437,-0.806734,0.729634,0.414448,0.911204,0.004838,0.775383,0.080797,0.025578,-0.810779,0.628339,-0.175595,0.200050,0.301383,0.549623,0.150689,0.239821,0.041509,0.227903,-0.111542,0.552823,0.621014,0.034215,-0.706744,-0.253004,0.679877,0.833498,-0.465894,0.882205,-0.446574,0.837754
0.000000,0.000000,0.000000,0.000000,0.000000,0.000000,0.000000,0.000000,0.000000,0.000000,0.000000,0.000000,0.000000,0.000000,0.000000,0.000000,0.000000,0.000000,0.000000,0.000000,0.000000,0.000000,0.000000,0.000000,0.000000,0.000000,0.000000,0.000000,0.000000,0.000000,0.000000,0.000000,0.000000,0.000000,0.000000,0.000000,0.000000,0.000000,0.000000,0.000000,0.000000,0.000000,0.000000,0.000000,0.000000,0.000000,0.000000,0.000000,0.000000,0.000000,0.000000,0.000000,0.000000,0.000000,0.000000,0.000000,0.000000,0.000000,0.000000,0.000000,0.000000,0.000000,0.000000,0.000000,0.000000,0.000000,0.000000,0.000000,0.000000,0.000000,0.000000,0.000000,0.000000,0.000000,0.000000,0.000000,0.000000,0.000000,0.000000,0.000000,0.000000,0.000000,0.000000,0.000000,0.000000,0.000000,0.000000,0.000000,0.000000,0.000000,0.000000,0.000000,0.000000,0.000000,0.000000,0.000000,0.000000,0.000000,0.000000,0.000000,0.000000,0.000000,0.000000,0.000000,0.000000,0.000000,0.000000,0.000000,0.000000,0.000000,0.000000,0.000000,0.000000,0.000000,0.000000,0.000000,0.000000,0.000000,0.000000,0.000000,0.000000,0.000000,0.000000,0.000000,0.000000,0.000000,0.000000,2.838589,0.009664,0.901104,0.098545,-0.242219,0.620319,-0.782956,-0.566690,-0.573500,0.244147,0.417746,0.674851,0.799724,0.750095,0.363989,0.829653,-0.448911,0.450552,-0.846665,-0.749543,-0.547756,-0.794647,0.931332,-0.067512,0.813409,-0.046736,0.399352,-0.356570,0.901331,-0.930211,0.394809,0.900760,0.576297,0.655193,-0.401674,-0.096304,-0.727638,-0.247189,-0.983129,0.557539,0.906025,0.401699,0.620595,0.026939,-0.616663,0.441631,-0.401432,-0.080950,0.801336,-0.254126,-0.421261,-0.936611,0.402914,-0.569560,0.278833,-0.266792,0.575351,0.779789,-0.528594,0.584622,-0.694372,-0.718145,-0.143109,-0.350981,0.974316,0.607958,0.780474,-0.728005,0.427922,0.208569,-0.801521,0.587327,0.707564,0.828186,0.879641,-0.784379,0.764345,0.890720,0.381588,-0.632297,-0.198325,-0.819780,-0.991507,0.840124,0.944677,0.838586,-0.492075,0.242222,-0.000605,-0.007905,-0.143332,0.882361,0.581779,0.693737,-0.930779,-0.176100,0.195957,0.317443,0.789760,-0.665994,-0.819927,0.786398,0.013238,0.078431,0.780001,0.499620,0.461509,-0.627943,0.242821,-0.099858,0.222083,0.151354,-0.947440,-0.312249,-0.084394,0.000444,-0.801061,0.797078,-0.331369,-0.021156,0.327455,0.438163,-0.243945,-0.741774,-0.585365,-0.669896,-0.511724
0.000000,0.000000,0.000000,0.000000,0.000000,0.000000,0.000000,0.000000,0.000000,0.000000,0.000000,0.000000,0.000000,0.000000,0.000000,0.000000,0.000000,0.000000,0.000000,0.000000,0.000000,0.000000,0.000000,0.000000,0.000000,0.000000,0.000000,0.000000,0.000000,0.000000,0.000000,0.000000,0.000000,0.000000,0.000000,0.000000,0.000000,0.000000,0.000000,0.000000,0.000000,0.000000,0.000000,0.000000,0.000000,0.000000,0.000000,0.000000,0.000000,0.000000,0.000000,0.000000,0.000000,0.000000,0.000000,0.000000,0.000000,0.000000,0.000000,0.000000,0.000000,0.000000,0.000000,0.000000,0.000000,0.000000,0.000000,0.000000,0.000000,0.000000,0.000000,0.000000,0.000000,0.000000,0.000000,0.000000,0.000000,0.000000,0.000000,0.000000,0.000000,0.000000,0.000000,0.000000,0.000000,0.000000,0.000000,0.000000,0.000000,0.000000,0.000000,0.000000,0.000000,0.000000,0.000000,0.000000,0.000000,0.000000,0.000000,0.000000,0.000000,0.000000,0.000000,0.000000,0.000000,0.000000,0.000000,0.000000,0.000000,0.000000,0.000000,0.000000,0.000000,0.000000,0.000000,0.000000,0.000000,0.000000,0.000000,0.000000,0.000000,0.000000,0.000000,0.000000,0.000000,0.000000,0.000000,0.000000,2.009116,0.071518,-0.662739,0.363033,-0.872591,0.819214,0.132382,0.180835,-0.428212,0.023274,-0.147485,0.901493,-0.847557,-0.082529,0.583035,0.089154,0.130436,0.822431,-0.248614,-0.995871,0.851343,-0.933881,0.594808,-0.720812,-0.958632,-0.290660,0.728113,-0.926124,-0.474640,-0.441902,-0.810386,-0.814884,0.816361,0.390591,-0.377725,-0.523358,-0.914238,-0.282426,-0.397731,0.834160,-0.558983,-0.189706,0.364028,-0.357639,0.563572,0.452513,-0.929062,0.711661,-0.272200,-0.808289,0.396691,0.494293,-0.857981,-0.292159,0.790961,0.338876,0.067843,0.008226,0.216833,0.306042,-0.862327,-0.331703,0.053304,0.460683,0.485549,0.211019,0.173050,-0.264498,0.669400,0.832800,0.692635,0.743842,0.817620,-0.595873,0.027753,0.069081,-0.029150,0.696977,-0.349922,-0.677373,-0.451399,-0.713745,-0.190420,-0.766378,-0.824848,-0.097990,0.202281,0.215284,-0.815427,0.943150,-0.756507,0.320927,0.777281,0.769532,0.024258,-0.445094,0.655739,0.225180,0.582093,-0.200016,0.826857,0.859185,0.474694,0.885134,-0.093004,-0.611073,0.311808,0.306730,-0.017356,-0.478763,0.248686,-0.638441,0.506598,0.813624,-0.666758,0.640543,-0.603056,0.000849,0.858492,-0.834579,-0.820467,0.917447,-0.682301,-0.315905,-0.082012,-0.986608
0.000000,0.000000,0.000000,0.000000,0.000000,0.000000,0.000000,0.000000,0.000000,0.000000,0.000000,0.000000,0.000000,0.000000,0.000000,0.000000,0.000000,0.000000,0.000000,0.000000,0.000000,0.000000,0.000000,0.000000,0.000000,0.000000,0.000000,0.000000,0.000000,0.000000,0.000000,0.000000,0.000000,0.000000,0.000000,0.000000,0.000000,0.000000,0.000000,0.000000,0.000000,0.000000,0.000000,0.000000,0.000000,0.000000,0.000000,0.000000,0.000000,0.000000,0.000000,0.000000,0.000000,0.000000,0.000000,0.000000,0.000000,0.000000,0.000000,0.000000,0.000000,0.000000,0.000000,0.000000,0.000000,0.000000,0.000000,0.000000,0.000000,0.000000,0.000000,0.000000,0.000000,0.000000,0.000000,0.000000,0.000000,0.000000,0.000000,0.000000,0.000000,0.000000,0.000000,0.000000,0.000000,0.000000,0.000000,0.000000,0.000000,0.000000,0.000000,0.000000,0.000000,0.000000,0.000000,0.000000,0.000000,0.000000,0.000000,0.000000,0.000000,0.000000,0.000000,0.000000,0.000000,0.000000,0.000000,0.000000,0.000000,0.000000,0.000000,0.000000,0.000000,0.000000,0.000000,0.000000,0.000000,0.000000,0.000000,0.000000,0.000000,0.000000,0.000000,0.000000,0.000000,0.000000,0.000000,0.000000,0.000000,0.970201,0.656811,0.037708,-0.212204,0.363939,-0.350462,-0.122923,0.987453,0.548572,0.107947,0.053491,0.688544,0.201734,-0.321443,-0.164417,-0.633221,0.919041,0.304413,-0.202859,-0.280224,0.813985,-0.279369,0.512730,0.670853,0.819601,-0.253896,0.530654,-0.346236,0.888038,-0.977680,0.140381,0.019904,0.755245,-0.567375,-0.825424,0.692879,-0.299796,-0.350162,-0.789379,0.840118,0.265916,0.384368,0.795876,0.687709,-0.096372,-0.680456,0.344628,0.301430,-0.905841,0.798803,-0.329522,-0.142441,0.027563,0.824038,-0.659020,-0.262620,0.002681,0.983797,-0.120498,-0.202924,0.870054,0.322990,-0.672851,-0.648396,0.288905,-0.065889,-0.982064,-0.102816,0.879391,0.494758,0.117205,-0.609608,-0.328720,0.993279,0.318107,-0.447425,0.475982,-0.817270,-0.258835,-0.541738,0.792016,0.470291,-0.005000,-0.184400,0.717174,-0.609137,-0.850474,0.703542,0.712992,-0.513847,-0.609432,0.442614,-0.713230,0.243902,0.402469,0.243960,-0.146143,0.632355,0.859967,0.411417,-0.162097,0.991403,-0.101168,-0.767473,-0.634836,-0.304111,-0.657767,0.556585,-0.971789,-0.188233,0.756414,-0.764527,0.152168,0.867698,-0.856807,-0.300548,-0.924676,0.364389,-0.165001,0.894643,0.382580,0.203881,0.820645,-0.740675,0.566890
0.000000,0.000000,0.000000,0.000000,0.000000,0.000000,0.000000,0.000000,0.000000,0.000000,0.000000,0.000000,0.000000,0.000000,0.000000,0.000000,0.000000,0.000000,0.000000,0.000000,0.000000,0.000000,0.000000,0.000000,0.000000,0.000000,0.000000,0.000000,0.000000,0.000000,0.000000,0.000000,0.000000,0.000000,0.000000,0.000000,0.000000,0.000000,0.000000,0.000000,0.000000,0.000000,0.000000,0.000000,0.000000,0.000000,0.000000,0.000000,0.000000,0.000000,0.000000,0.000000,0.000000,0.000000,0.000000,0.000000,0.000000,0.000000,0.000000,0.000000,0.000000,0.000000,0.000000,0.000000,0.000000,0.000000,0.000000,0.000000,0.000000,0.000000,0.000000,0.000000,0.000000,0.000000,0.000000,0.000000,0.000000,0.000000,0.000000,0.000000,0.000000,0.000000,0.000000,0.000000,0.000000,0.000000,0.000000,0.000000,0.000000,0.000000,0.000000,0.000000,0.000000,0.000000,0.000000,0.000000,0.000000,0.000000,0.000000,0.000000,0.000000,0.000000,0.000000,0.000000,0.000000,0.000000,0.000000,0.000000,0.000000,0.000000,0.000000,0.000000,0.000000,0.000000,0.000000,0.000000,0.000000,0.000000,0.000000,0.000000,0.000000,0.000000,0.000000,0.000000,0.000000,0.000000,0.000000,0.000000,0.000000,0.000000,2.324512,0.346502,0.276154,-0.751254,0.628087,0.270308,0.542946,0.752180,0.084852,0.913770,-0.781597,-0.991924,-0.340113,-0.566900,0.107220,-0.439409,0.376275,0.890657,0.538513,-0.159496,0.971006,0.542365,0.621763,-0.590502,0.373799,-0.858729,-0.529381,-0.967124,0.410472,-0.958108,-0.101646,0.297735,-0.390009,-0.265439,0.736318,0.802826,0.717400,0.499869,-0.444941,-0.850646,-0.022609,0.848786,-0.553253,-0.580901,0.559298,0.183976,-0.191400,0.725341,0.165057,0.840535,-0.263700,-0.111849,-0.851393,-0.264621,-0.640571,-0.934336,-0.488476,-0.018747,-0.505284,-0.781823,-0.096932,-0.704305,-0.828014,0.920365,-0.048087,0.604655,-0.658432,-0.076900,-0.820151,-0.176399,0.652800,0.785495,0.038012,-0.427195,0.466938,0.277857,-0.059047,-0.049273,-0.013572,-0.321515,0.037942,-0.885252,0.140368,-0.007591,-0.158875,-0.352013,0.243561,-0.030049,-0.798321,-0.251095,-0.846989,-0.241661,0.065664,-0.217942,-0.316740,-0.437701,-0.236455,-0.861379,0.987802,0.110678,0.272352,-0.633719,0.846810,0.142328,-0.171252,0.426428,-0.391299,0.869281,-0.661372,0.666221,0.933217,-0.016515,0.753320,-0.856874,0.241178,-0.287535,-0.271377,-0.099273,0.193553,0.232027,-0.443455,-0.232108,-0.500947,0.265081
0.000000,0.000000,0.000000,0.000000,0.000000,0.000000,0.000000,0.000000,0.000000,0.000000,0.000000,0.000000,0.000000,0.000000,0.000000,0.000000,0.000000,0.000000,0.000000,0.000000,0.000000,0.000000,0.000000,0.000000,0.000000,0.000000,0.000000,0.000000,0.000000,0.000000,0.000000,0.000000,0.000000,0.000000,0.000000,0.000000,0.000000,0.000000,0.000000,0.000000,0.000000,0.000000,0.000000,0.000000,0.000000,0.000000,0.000000,0.000000,0.000000,0.000000,0.000000,0.000000,0.000000,0.000000,0.000000,0.000000,0.000000,0.000000,0.000000,0.000000,0.000000,0.000000,0.000000,0.000000,0.000000,0.000000,0.000000,0.000000,0.000000,0.000000,0.000000,0.000000,0.000000,0.000000,0.000000,0.000000,0.000000,0.000000,0.000000,0.000000,0.000000,0.000000,0.000000,0.000000,0.000000,0.000000,0.000000,0.000000,0.000000,0.000000,0.000000,0.000000,0.000000,0.000000,0.000000,0.000000,0.000000,0.000000,0.000000,0.000000,0.000000,0.000000,0.000000,0.000000,0.000000,0.000000,0.000000,0.000000,0.000000,0.000000,0.000000,0.000000,0.000000,0.000000,0.000000,0.000000,0.000000,0.000000,0.000000,0.000000,0.000000,0.000000,0.000000,0.000000,0.000000,0.000000,0.000000,0.000000,0.000000,0.000000,0.000000,0.755087,-0.152851,0.956975,0.977557,0.035927,-0.505080,0.166992,-0.023078,-0.915027,0.978189,-0.345665,-0.201441,0.027122,0.760740,0.598239,-0.588900,0.432893,0.749129,0.428528,-0.721631,0.077797,0.677116,-0.608766,0.077075,0.339101,0.270740,-0.786792,-0.445088,0.104266,-0.582474,-0.332576,-0.169847,-0.972752,0.020846,0.989513,-0.183464,-0.451403,-0.494009,0.030349,-0.087979,0.723970,0.278489,-0.202696,-0.228506,0.094381,-0.493264,-0.154309,-0.429920,0.030932,0.093205,0.693619,-0.497646,0.809450,0.070537,0.453667,0.223343,0.658078,0.326279,-0.977853,-0.219449,0.876728,-0.097095,0.656769,0.737920,-0.334844,0.715449,-0.245130,-0.949279,0.388815,0.640579,-0.096785,-0.653181,0.230570,0.476514,0.309634,-0.288415,-0.263341,0.098195,-0.613213,0.692353,-0.795362,-0.026901,0.718878,0.058836,0.521899,-0.520845,-0.108975,0.426120,0.776660,0.286091,-0.514467,-0.707414,0.683080,0.108072,-0.632256,-0.028647,-0.747355,-0.789657,0.839954,0.089254,-0.502175,0.762534,0.997768,0.768404,0.495183,0.924134,-0.605226,0.755387,-0.282521,-0.935524,-0.935244,-0.624331,0.558978,0.793344,-0.744075,0.690765,0.510945,-0.895552,0.462779,-0.923242,-0.474834,0.061819,0.818518
0.000000,0.000000,0.000000,0.000000,0.000000,0.000000,0.000000,0.000000,0.000000,0.000000,0.000000,0.000000,0.000000,0.000000,0.000000,0.000000,0.000000,0.000000,0.000000,0.000000,0.000000,0.000000,0.000000,0.000000,0.000000,0.000000,0.000000,0.000000,0.000000,0.000000,0.000000,0.000000,0.000000,0.000000,0.000000,0.000000,0.000000,0.000000,0.000000,0.000000,0.000000,0.000000,0.000000,0.000000,0.000000,0.000000,0.000000,0.000000,0.000000,0.000000,0.000000,0.000000,0.000000,0.000000,0.000000,0.000000,0.000000,0.000000,0.000000,0.000000,0.000000,0.000000,0.000000,0.000000,0.000000,0.000000,0.000000,0.000000,0.000000,0.000000,0.000000,0.000000,0.000000,0.000000,0.000000,0.000000,0.000000,0.000000,0.000000,0.000000,0.000000,0.000000,0.000000,0.000000,0.000000,0.000000,0.000000,0.000000,0.000000,0.000000,0.000000,0.000000,0.000000,0.000000,0.000000,0.000000,0.000000,0.000000,0.000000,0.000000,0.000000,0.000000,0.000000,0.000000,0.000000,0.000000,0.000000,0.000000,0.000000,0.000000,0.000000,0.000000,0.000000,0.000000,0.000000,0.000000,0.000000,0.000000,0.000000,0.000000,0.000000,0.000000,0.000000,0.000000,0.000000,0.000000,0.000000,0.000000,0.000000,0.000000,0.000000,0.000000,0.763379,-0.303389,0.153834,0.480411,0.830777,-0.062300,0.681799,0.234043,-0.591892,0.159175,-0.372365,0.407285,-0.430918,-0.474312,0.890727,0.817399,-0.096510,0.530935,0.964125,-0.822750,0.212330,-0.493005,0.600030,-0.797178,0.577621,-0.598781,-0.087961,0.627642,-0.865073,0.856340,-0.565303,0.001456,0.469138,-0.753006,0.217491,0.031135,0.171668,0.324991,-0.158744,-0.402462,-0.632293,0.878132,-0.197248,-0.435551,-0.894907,0.502413,0.055491,-0.618072,0.786748,0.867561,0.761353,0.121942,-0.253440,-0.676229,-0.245513,0.224341,-0.546893,-0.072075,0.146186,0.462869,-0.817298,0.733993,-0.087851,0.163862,0.880634,-0.664043,0.768972,0.608861,0.988055,-0.213915,-0.746306,-0.971648,0.585192,-0.726808,-0.387976,0.974630,-0.115810,-0.537589,0.506467,-0.456893,0.062044,-0.685336,-0.078334,-0.782765,0.546189,-0.269722,-0.362393,0.987572,0.659405,0.107851,0.888424,-0.577203,0.146971,0.858115,0.139413,-0.384020,0.623312,-0.722380,-0.695999,0.462250,-0.861336,-0.898738,-0.241851,-0.204187,-0.060699,0.481464,0.137706,0.427097,-0.900211,-0.368593,0.932814,-0.144469,-0.555017,0.984172,-0.177364,-0.042436,-0.552406,0.312706,-0.585540,0.219847,0.514878,0.304796
0.000000,0.000000,0.000000,0.000000,0.000000,0.000000,0.000000,0.000000,0.000000,0.000000,0.000000,0.000000,0.000000,0.000000,0.000000,0.000000,0.000000,0.000000,0.000000,0.000000,0.000000,0.000000,0.000000,0.000000,0.000000,0.000000,0.000000,0.000000,0.000000,0.000000,0.000000,0.000000,0.000000,0.000000,0.000000,0.000000,0.000000,0.000000,0.000000,0.000000,0.000000,0.000000,0.000000,0.000000,0.000000,0.000000,0.000000,0.000000,0.000000,0.000000,0.000000,0.000000,0.000000,0.000000,0.000000,0.000000,0.000000,0.000000,0.000000,0.000000,0.000000,0.000000,0.000000,0.000000,0.000000,0.000000,0.000000,0.000000,0.000000,0.000000,0.000000,0.000000,0.000000,0.000000,0.000000,0.000000,0.000000,0.000000,0.000000,0.000000,0.000000,0.000000,0.000000,0.000000,0.000000,0.000000,0.000000,0.000000,0.000000,0.000000,0.000000,0.000000,0.000000,0.000000,0.000000,0.000000,0.000000,0.000000,0.000000,0.000000,0.000000,0.000000,0.000000,0.000000,0.000000,0.000000,0.000000,0.000000,0.000000,0.000000,0.000000,0.000000,0.000000,0.000000,0.000000,0.000000,0.000000,0.000000,0.000000,0.000000,0.000000,0.000000,0.000000,0.000000,0.000000,0.000000,0.000000,0.000000,0.000000,0.000000,0.000000,0.000000,0.000000,0.725956,-0.840452,0.684703,0.809118,-0.728679,-0.249080,0.308134,0.670962,0.817970,0.397366,-0.705051,0.536702,0.718050,-0.297388,-0.011695,-0.667235,-0.390961,0.739599,-0.822306,0.524846,-0.804726,-0.414759,0.164825,-0.993373,0.350745,-0.367610,0.497141,0.950474,-0.167022,-0.940008,0.697783,-0.450843,-0.702767,0.758424,-0.534941,0.210571,-0.492033,0.424916,0.297493,0.018336,0.110050,-0.545513,-0.956146,0.601418,0.778603,0.555739,0.415850,-0.056152,0.167806,0.383254,-0.947544,-0.152659,-0.550627,-0.271102,0.498463,-0.273227,0.478189,0.943663,0.846766,0.655450,0.705982,-0.212135,0.463165,0.334027,0.965784,0.149797,-0.140468,0.674534,0.499147,-0.750277,0.192560,0.184613,0.263250,0.882996,0.204071,0.740038,-0.283238,-0.885242,-0.249555,0.065339,0.666643,0.263698,-0.115596,-0.076255,0.993315,-0.717312,-0.588968,0.250563,0.402811,-0.210042,-0.935736,0.044024,-0.711280,-0.887903,-0.310481,-0.728695,-0.122006,0.523389,-0.905908,-0.000217,-0.006039,-0.996449,0.476502,-0.820528,0.864111,0.278729,-0.424368,0.850562,-0.199079,-0.479479,-0.230998,0.223174,0.447194,0.323644,0.842473,0.912342,-0.605874,0.825085,-0.786636,0.913784,-0.481310
0.000000,0.000000,0.000000,0.000000,0.000000,0.000000,0.000000,0.000000,0.000000,0.000000,0.000000,0.000000,0.000000,0.000000,0.000000,0.000000,0.000000,0.000000,0.000000,0.000000,0.000000,0.000000,0.000000,0.000000,0.000000,0.000000,0.000000,0.000000,0.000000,0.000000,0.000000,0.000000,0.000000,0.000000,0.000000,0.000000,0.000000,0.000000,0.000000,0.000000,0.000000,0.000000,0.000000,0.000000,0.000000,0.000000,0.000000,0.000000,0.000000,0.000000,0.000000,0.000000,0.000000,0.000000,0.000000,0.000000,0.000000,0.000000,0.000000,0.000000,0.000000,0.000000,0.000000,0.000000,0.000000,0.000000,0.000000,0.000000,0.000000,0.000000,0.000000,0.000000,0.000000,0.000000,0.000000,0.000000,0.000000,0.000000,0.000000,0.000000,0.000000,0.000000,0.000000,0.000000,0.000000,0.000000,0.000000,0.000000,0.000000,0.000000,0.000000,0.000000,0.000000,0.000000,0.000000,0.000000,0.000000,0.000000,0.000000,0.000000,0.000000,0.000000,0.000000,0.000000,0.000000,0.000000,0.000000,0.000000,0.000000,0.000000,0.000000,0.000000,0.000000,0.000000,0.000000,0.000000,0.000000,0.000000,0.000000,0.000000,0.000000,0.000000,0.000000,0.000000,0.000000,0.000000,0.000000,0.000000,0.000000,0.000000,0.000000,0.000000,0.000000,0.000000,1.164473,-0.156909,-0.636515,0.655437,-0.750525,-0.121422,0.814312,0.270778,0.214330,0.989288,-0.954902,-0.360413,-0.749964,-0.630845,-0.567991,0.253780,-0.455786,0.328369,0.476139,-0.196174,0.072655,-0.735816,0.505279,-0.161763,0.669270,0.052439,0.393529,-0.282835,-0.256461,-0.126983,0.272068,0.013067,0.608553,-0.890405,0.801085,0.852073,-0.511849,-0.798447,0.143712,-0.871660,-0.540569,0.015132,0.227623,-0.611390,0.865476,-0.637354,-0.692688,-0.675360,0.859050,0.757542,-0.933918,0.453231,-0.853023,-0.849379,-0.847960,0.659242,-0.145129,0.114059,-0.938373,0.801783,0.964045,-0.529643,0.313030,0.357606,0.932560,-0.032468,-0.524171,-0.279435,0.279223,-0.055026,-0.841185,0.614732,0.728538,-0.043336,0.046941,-0.016853,0.059492,-0.794755,-0.132734,-0.104249,0.995429,-0.902694,-0.375722,-0.008009,0.694471,-0.077526,-0.417987,0.070536,-0.405946,0.096643,0.379721,0.061565,0.219270,-0.922565,0.317600,0.939351,-0.016710,0.605416,0.097811,0.407997,-0.380176,0.933728,-0.569710,-0.681805,-0.908951,0.082381,0.237802,0.299044,-0.655537,0.302874,-0.669787,0.509986,-0.449511,-0.155908,-0.265546,-0.264554,0.441887,0.995546,0.054660,-0.197922
0.000000,0.000000,0.000000,0.000000,0.000000,0.000000,0.000000,0.000000,0.000000,0.000000,0.000000,0.000000,0.000000,0.000000,0.000000,0.000000,0.000000,0.000000,0.000000,0.000000,0.000000,0.000000,0.000000,0.000000,0.000000,0.000000,0.000000,0.000000,0.000000,0.000000,0.000000,0.000000,0.000000,0.000000,0.000000,0.000000,0.000000,0.000000,0.000000,0.000000,0.000000,0.000000,0.000000,0.000000,0.000000,0.000000,0.000000,0.000000,0.000000,0.000000,0.000000,0.000000,0.000000,0.000000,0.000000,0.000000,0.000000,0.000000,0.000000,0.000000,0.000000,0.000000,0.000000,0.000000,0.000000,0.000000,0.000000,0.000000,0.000000,0.000000,0.000000,0.000000,0.000000,0.000000,0.000000,0.000000,0.000000,0.000000,0.000000,0.000000,0.000000,0.000000,0.000000,0.000000,0.000000,0.000000,0.000000,0.000000,0.000000,0.000000,0.000000,0.000000,0.000000,0.000000,0.000000,0.000000,0.000000,0.000000,0.000000,0.000000,0.000000,0.000000,0.000000,0.000000,0.000000,0.000000,0.000000,0.000000,0.000000,0.000000,0.000000,0.000000,0.000000,0.000000,0.000000,0.000000,0.000000,0.000000,0.000000,0.000000,0.000000,0.000000,0.000000,0.000000,0.000000,0.000000,0.000000,0.000000,0.000000,0.000000,0.000000,0.000000,0.000000,0.000000,0.000000,1.234248,0.248956,-0.097634,0.545672,0.213378,-0.176157,0.906023,-0.977471,0.378976,-0.178417,-0.756756,-0.814609,0.298638,-0.704454,0.712152,-0.378144,-0.312314,0.320249,-0.559672,-0.985922,-0.108341,0.055760,-0.108209,-0.084017,0.331478,0.691378,-0.268989,0.580187,-0.874632,-0.039478,-0.247696,-0.068119,-0.817044,-0.722341,-0.413040,-0.452937,-0.229807,-0.085482,-0.557655,0.238441,-0.248357,-0.879729,-0.512607,0.120295,0.213754,0.599322,-0.509043,0.124430,-0.047790,0.697030,0.459983,-0.736029,0.917548,-0.289571,0.909183,-0.429558,-0.062122,0.100928,-0.872817,0.431331,-0.790579,-0.671674,-0.419516,0.921493,0.946233,-0.021367,0.066642,-0.576314,-0.163917,0.968837,0.581584,0.394798,-0.443170,0.526118,0.933108,0.975907,0.199584,-0.678536,0.928140,0.082757,-0.923319,-0.837006,0.154516,0.670588,0.883043,0.888872,0.157229,0.962818,-0.700808,-0.810665,-0.939444,0.548264,0.833194,0.679667,0.879272,0.096136,0.526083,-0.326580,0.533158,0.506092,-0.128794,-0.912469,-0.467474,0.770370,0.174533,-0.189814,0.894791,-0.267116,-0.343834,0.540992,-0.289391,-0.107534,0.444916,-0.139760,-0.355424,-0.969222,0.721139,0.053408,0.702664
0.000000,0.000000,0.000000,0.000000,0.000000,0.000000,0.000000,0.000000,0.000000,0.000000,0.000000,0.000000,0.000000,0.000000,0.000000,0.000000,0.000000,0.000000,0.000000,0.000000,0.000000,0.000000,0.000000,0.000000,0.000000,0.000000,0.000000,0.000000,0.000000,0.000000,0.000000,0.000000,0.000000,0.000000,0.000000,0.000000,0.000000,0.000000,0.000000,0.000000,0.000000,0.000000,0.000000,0.000000,0.000000,0.000000,0.000000,0.000000,0.000000,0.000000,0.000000,0.000000,0.000000,0.000000,0.000000,0.000000,0.000000,0.000000,0.000000,0.000000,0.000000,0.000000,0.000000,0.000000,0.000000,0.000000,0.000000,0.000000,0.000000,0.000000,0.000000,0.000000,0.000000,0.000000,0.000000,0.000000,0.000000,0.000000,0.000000,0.000000,0.000000,0.000000,0.000000,0.000000,0.000000,0.000000,0.000000,0.000000,0.000000,0.000000,0.000000,0.000000,0.000000,0.000000,0.000000,0.000000,0.000000,0.000000,0.000000,0.000000,0.000000,0.000000,0.000000,0.000000,0.000000,0.000000,0.000000,0.000000,0.000000,0.000000,0.000000,0.000000,0.000000,0.000000,0.000000,0.000000,0.000000,0.000000,0.000000,0.000000,0.000000,0.000000,0.000000,0.000000,0.000000,0.000000,0.000000,0.000000,0.000000,0.000000,0.000000,0.000000,0.000000,0.000000,0.000000,0.000000,2.044605,-0.598667,-0.273678,-0.165484,0.479452,0.096346,0.273007,0.506160,-0.452277,0.763984,-0.093446,0.322244,-0.563595,-0.533255,0.469979,-0.299188,0.751916,0.329494,0.330858,-0.239465,0.805341,0.889279,-0.484122,0.029125,0.813864,-0.797439,-0.404842,0.908853,-0.030053,0.903074,-0.239663,0.054999,-0.091754,-0.085572,0.835426,0.389286,0.891463,-0.340936,0.987788,0.415329,-0.737380,-0.174114,-0.502664,-0.529081,0.859106,0.919899,-0.971667,-0.723927,-0.444310,0.695471,0.222211,0.130855,0.196549,0.901174,-0.448419,-0.753356,0.215631,0.937738,0.420009,0.784233,0.792380,-0.561486,0.371197,0.724442,-0.797318,0.302957,-0.455994,0.643341,-0.553585,-0.253159,0.353485,0.111652,-0.760048,-0.549410,0.771680,0.977559,0.387944,-0.980471,0.486801,0.285651,-0.176359,-0.543908,-0.668604,-0.832926,0.278541,-0.325451,0.036027,0.050417,0.214605,0.189092,0.038153,-0.689764,-0.945914,0.152370,-0.153560,-0.179763,-0.139869,-0.772916,-0.641464,0.324309,0.027563,0.219325,-0.741319,0.628279,-0.254721,0.226144,-0.068694,-0.063354,0.557161,-0.779302,-0.850420,-0.797883,0.990600,0.854296,0.401107,-0.104908,-0.829858,0.641791
0.000000,0.000000,0.000000,0.000000,0.000000,0.000000,0.000000,0.000000,0.000000,0.000000,0.000000,0.000000,0.000000,0.000000,0.000000,0.000000,0.000000,0.000000,0.000000,0.000000,0.000000,0.000000,0.000000,0.000000,0.000000,0.000000,0.000000,0.000000,0.000000,0.000000,0.000000,0.000000,0.000000,0.000000,0.000000,0.000000,0.000000,0.000000,0.000000,0.000000,0.000000,0.000000,0.000000,0.000000,0.000000,0.000000,0.000000,0.000000,0.000000,0.000000,0.000000,0.000000,0.000000,0.000000,0.000000,0.000000,0.000000,0.000000,0.000000,0.000000,0.000000,0.000000,0.000000,0.000000,0.000000,0.000000,0.000000,0.000000,0.000000,0.000000,0.000000,0.000000,0.000000,0.000000,0.000000,0.000000,0.000000,0.000000,0.000000,0.000000,0.000000,0.000000,0.000000,0.000000,0.000000,0.000000,0.000000,0.000000,0.000000,0.000000,0.000000,0.000000,0.000000,0.000000,0.000000,0.000000,0.000000,0.000000,0.000000,0.000000,0.000000,0.000000,0.000000,0.000000,0.000000,0.000000,0.000000,0.000000,0.000000,0.000000,0.000000,0.000000,0.000000,0.000000,0.000000,0.000000,0.000000,0.000000,0.000000,0.000000,0.000000,0.000000,0.000000,0.000000,0.000000,0.000000,0.000000,0.000000,0.000000,0.000000,0.000000,0.000000,0.000000,0.000000,0.000000,0.000000,0.000000,0.973606,-0.454316,0.681584,-0.485331,0.689153,0.571877,0.674580,0.348582,-0.295748,0.306336,0.658215,0.498839,0.724056,0.967062,0.380291,0.856254,-0.456444,0.946965,0.820649,-0.917514,0.180896,0.005943,0.631211,-0.747320,0.055279,0.002528,-0.208922,0.984366,0.079093,-0.173511,0.712807,-0.721891,-0.424875,-0.442216,0.867401,0.760659,0.213369,-0.360741,-0.063792,0.142293,0.080174,-0.488129,-0.739025,0.815273,0.281695,-0.709815,0.979687,-0.177445,0.465940,-0.646571,0.865531,-0.841585,0.911643,0.454245,-0.545511,-0.638189,0.674202,-0.920152,-0.771440,0.345712,-0.845266,0.082491,0.148106,-0.964257,-0.245674,-0.942939,0.933771,-0.569357,0.379420,0.347531,0.544464,-0.329345,-0.631204,0.061004,0.388673,0.510603,-0.902169,0.505319,-0.775135,0.049292,0.110822,-0.745900,0.927996,0.276033,-0.552217,-0.898205,0.550047,0.682631,-0.818740,-0.485139,0.284756,-0.162046,-0.314975,-0.151097,0.010609,-0.630675,-0.223874,-0.860349,-0.987889,0.950387,-0.890384,-0.913044,0.779924,0.952074,0.689070,-0.720899,0.279063,0.393849,0.543325,-0.774222,-0.218495,-0.447806,0.309032,-0.312797,0.017645,0.252875,0.731621
0.000000,0.000000,0.000000,0.000000,0.000000,0.000000,0.000000,0.000000,0.000000,0.000000,0.000000,0.000000,0.000000,0.000000,0.000000,0.000000,0.000000,0.000000,0.000000,0.000000,0.000000,0.000000,0.000000,0.000000,0.000000,0.000000,0.000000,0.000000,0.000000,0.000000,0.000000,0.000000,0.000000,0.000000,0.000000,0.000000,0.000000,0.000000,0.000000,0.000000,0.000000,0.000000,0.000000,0.000000,0.000000,0.000000,0.000000,0.000000,0.000000,0.000000,0.000000,0.000000,0.000000,0.000000,0.000000,0.000000,0.000000,0.000000,0.000000,0.000000,0.000000,0.000000,0.000000,0.000000,0.000000,0.000000,0.000000,0.000000,0.000000,0.000000,0.000000,0.000000,0.000000,0.000000,0.000000,0.000000,0.000000,0.000000,0.000000,0.000000,0.000000,0.000000,0.000000,0.000000,0.000000,0.000000,0.000000,0.000000,0.000000,0.000000,0.000000,0.000000,0.000000,0.000000,0.000000,0.000000,0.000000,0.000000,0.000000,0.000000,0.000000,0.000000,0.000000,0.000000,0.000000,0.000000,0.000000,0.000000,0.000000,0.000000,0.000000,0.000000,0.000000,0.000000,0.000000,0.000000,0.000000,0.000000,0.000000,0.000000,0.000000,0.000000,0.000000,0.000000,0.000000,0.000000,0.000000,0.000000,0.000000,0.000000,0.000000,0.000000,0.000000,0.000000,0.000000,0.000000,0.000000,0.000000,2.802292,0.386896,-0.687217,0.777834,-0.590969,-0.893623,-0.125458,0.369276,-0.701271,-0.401269,-0.839880,0.236413,0.416476,0.039373,-0.111136,0.695403,-0.161628,-0.116461,0.154656,0.407699,0.554061,-0.918360,0.702313,-0.097356,0.811745,0.072686,-0.048334,-0.609227,-0.060792,-0.014141,0.788957,0.774172,-0.027171,0.735135,0.708781,0.896770,-0.276793,-0.575544,0.887849,0.169723,-0.066685,-0.177083,-0.830496,-0.591811,-0.416835,0.102634,0.033423,0.085733,-0.847077,-0.980454,-0.073696,-0.613035,0.783360,-0.138175,-0.296015,0.088011,0.257204,-0.836065,0.482676,-0.724842,-0.226535,-0.286265,0.138324,0.378935,0.601637,0.054291,-0.689216,0.391908,-0.042401,0.177867,-0.112585,-0.167412,0.402718,0.048217,0.735595,0.486892,-0.047376,-0.571583,-0.964851,-0.589200,-0.437460,-0.763774,0.338182,-0.347845,-0.939509,-0.126245,0.568628,-0.320504,0.804663,0.705587,0.778757,0.335580,0.613191,-0.222050,0.386438,-0.552199,-0.590562,0.887230,0.097634,-0.856645,-0.605398,-0.077321,0.691785,0.791906,-0.773085,-0.875943,-0.756624,0.342790,0.065659,0.475782,0.186720,-0.808229,-0.484736,-0.336897,0.415393,0.193704
0.000000,0.000000,0.000000,0.000000,0.000000,0.000000,0.000000,0.000000,0.000000,0.000000,0.000000,0.000000,0.000000,0.000000,0.000000,0.000000,0.000000,0.000000,0.000000,0.000000,0.000000,0.000000,0.000000,0.000000,0.000000,0.000000,0.000000,0.000000,0.000000,0.000000,0.000000,0.000000,0.000000,0.000000,0.000000,0.000000,0.000000,0.000000,0.000000,0.000000,0.000000,0.000000,0.000000,0.000000,0.000000,0.000000,0.000000,0.000000,0.000000,0.000000,0.000000,0.000000,0.000000,0.000000,0.000000,0.000000,0.000000,0.000000,0.000000,0.000000,0.000000,0.000000,0.000000,0.000000,0.000000,0.000000,0.000000,0.000000,0.000000,0.000000,0.000000,0.000000,0.000000,0.000000,0.000000,0.000000,0.000000,0.000000,0.000000,0.000000,0.000000,0.000000,0.000000,0.000000,0.000000,0.000000,0.000000,0.000000,0.000000,0.000000,0.000000,0.000000,0.000000,0.000000,0.000000,0.000000,0.000000,0.000000,0.000000,0.000000,0.000000,0.000000,0.000000,0.000000,0.000000,0.000000,0.000000,0.000000,0.000000,0.000000,0.000000,0.000000,0.000000,0.000000,0.000000,0.000000,0.000000,0.000000,0.000000,0.000000,0.000000,0.000000,0.000000,0.000000,0.000000,0.000000,0.000000,0.000000,0.000000,0.000000,0.000000,0.000000,0.000000,0.000000,0.000000,0.000000,0.000000,0.000000,0.000000,2.867059,-0.708955,0.877253,-0.559699,-0.313066,-0.930842,-0.406945,-0.600587,-0.565498,0.144408,0.561574,0.489915,0.658296,0.462672,0.953011,-0.963053,0.975792,-0.180343,-0.044392,0.154700,-0.982953,-0.636580,-0.108059,0.539035,0.740176,-0.704533,-0.474027,0.214741,-0.278034,-0.404174,-0.233358,0.403192,-0.602800,-0.876188,-0.993086,0.053340,-0.499965,0.123277,0.761983,-0.412684,-0.632859,-0.996849,0.962706,0.033653,0.604189,0.716199,0.990429,0.719266,-0.411882,0.128733,0.925471,0.266756,0.538128,0.813324,0.227306,0.384933,0.176547,-0.322725,-0.502410,0.267069,0.962247,0.832275,-0.580281,0.685514,-0.957785,0.178898,0.860672,0.918671,0.206116,0.261629,-0.220187,0.447277,-0.508583,-0.932258,0.670608,-0.879276,0.329416,-0.126138,-0.913486,-0.680368,-0.798562,-0.571189,0.270554,0.141242,-0.134128,0.686107,0.506156,0.365414,0.197728,0.392220,-0.546812,-0.480357,-0.403769,0.482125,-0.135451,0.919008,-0.919596,-0.233666,-0.690546,0.632641,-0.040782,0.240034,0.195899,-0.841868,0.567476,0.643954,0.214879,-0.438105,0.448184,0.401332,0.825078,-0.765333,0.819607,0.774144,-0.404945
0.000000,0.000000,0.000000,0.000000,0.000000,0.000000,0.000000,0.000000,0.000000,0.000000,0.000000,0.000000,0.000000,0.000000,0.000000,0.000000,0.000000,0.000000,0.000000,0.000000,0.000000,0.000000,0.000000,0.000000,0.000000,0.000000,0.000000,0.000000,0.000000,0.000000,0.000000,0.000000,0.000000,0.000000,0.000000,0.000000,0.000000,0.000000,0.000000,0.000000,0.000000,0.000000,0.000000,0.000000,0.000000,0.000000,0.000000,0.000000,0.000000,0.000000,0.000000,0.000000,0.000000,0.000000,0.000000,0.000000,0.000000,0.000000,0.000000,0.000000,0.000000,0.000000,0.000000,0.000000,0.000000,0.000000,0.000000,0.000000,0.000000,0.000000,0.000000,0.000000,0.000000,0.000000,0.000000,0.000000,0.000000,0.000000,0.000000,0.000000,0.000000,0.000000,0.000000,0.000000,0.000000,0.000000,0.000000,0.000000,0.000000,0.000000,0.000000,0.000000,0.000000,0.000000,0.000000,0.000000,0.000000,0.000000,0.000000,0.000000,0.000000,0.000000,0.000000,0.000000,0.000000,0.000000,0.000000,0.000000,0.000000,0.000000,0.000000,0.000000,0.000000,0.000000,0.000000,0.000000,0.000000,0.000000,0.000000,0.000000,0.000000,0.000000,0.000000,0.000000,0.000000,0.000000,0.000000,0.000000,0.000000,0.000000,0.000000,0.000000,0.000000,0.000000,0.000000,0.000000,0.000000,0.000000,0.000000,0.000000,2.290494,-0.472584,-0.529808,0.283070,-0.899933,-0.807045,0.320287,0.903738,-0.931922,-0.954163,-0.850457,-0.996671,0.856625,-0.051916,0.384227,-0.167226,0.994490,-0.040137,0.878532,0.299221,0.895476,-0.009716,0.757760,-0.332227,0.322397,0.234370,-0.026328,0.002965,-0.659758,0.812054,-0.091580,-0.697062,0.408657,0.454322,-0.909766,-0.334360,0.168521,0.643165,-0.378790,-0.400690,0.473136,-0.561591,0.791997,0.580831,0.786111,-0.292509,-0.668528,0.170115,-0.620062,-0.467774,-0.198865,-0.074543,-0.355173,-0.430560,-0.506546,0.380272,-0.388243,0.388796,0.485769,0.428460,0.828875,0.908971,-0.706279,-0.358826,0.575333,0.563606,-0.858114,0.924074,0.712409,0.798408,-0.591230,0.001840,-0.118916,-0.279403,-0.545290,-0.720787,0.741017,0.060871,0.201653,-0.476798,0.870106,0.872753,0.342900,-0.358894,-0.534312,0.190543,0.665758,0.933968,-0.863619,-0.331607,-0.217701,-0.261949,0.335552,0.094413,0.782748,-0.554898,-0.201336,0.082319,0.633594,0.646479,0.718744,0.038269,-0.516801,0.452511,0.909347,-0.429401,-0.603237,-0.955048,0.332936,0.090030,-0.730571,-0.600969,0.324445,-0.127965
0.000000,0.000000,0.000000,0.000000,0.000000,0.000000,0.000000,0.000000,0.000000,0.000000,0.000000,0.000000,0.000000,0.000000,0.000000,0.000000,0.000000,0.000000,0.000000,0.000000,0.000000,0.000000,0.000000,0.000000,0.000000,0.000000,0.000000,0.000000,0.000000,0.000000,0.000000,0.000000,0.000000,0.000000,0.000000,0.000000,0.000000,0.000000,0.000000,0.000000,0.000000,0.000000,0.000000,0.000000,0.000000,0.000000,0.000000,0.000000,0.000000,0.000000,0.000000,0.000000,0.000000,0.000000,0.000000,0.000000,0.000000,0.000000,0.000000,0.000000,0.000000,0.000000,0.000000,0.000000,0.000000,0.000000,0.000000,0.000000,0.000000,0.000000,0.000000,0.000000,0.000000,0.000000,0.000000,0.000000,0.000000,0.000000,0.000000,0.000000,0.000000,0.000000,0.000000,0.000000,0.000000,0.000000,0.000000,0.000000,0.000000,0.000000,0.000000,0.000000,0.000000,0.000000,0.000000,0.000000,0.000000,0.000000,0.000000,0.000000,0.000000,0.000000,0.000000,0.000000,0.000000,0.000000,0.000000,0.000000,0.000000,0.000000,0.000000,0.000000,0.000000,0.000000,0.000000,0.000000,0.000000,0.000000,0.000000,0.000000,0.000000,0.000000,0.000000,0.000000,0.000000,0.000000,0.000000,0.000000,0.000000,0.000000,0.000000,0.000000,0.000000,0.000000,0.000000,0.000000,0.000000,0.000000,0.000000,0.000000,0.000000,1.083077,0.211646,-0.894668,-0.967594,-0.478245,-0.420962,-0.791263,-0.770267,-0.664394,0.449218,0.612332,-0.636790,0.313540,-0.532695,0.760117,-0.462144,-0.740457,-0.121708,-0.691574,-0.603266,-0.321874,0.321441,-0.766292,-0.431782,0.716729,-0.452461,-0.663106,0.067233,-0.933368,0.607902,-0.555077,-0.734284,0.616406,0.685510,0.469463,-0.530806,0.053978,0.938132,-0.044468,0.899279,0.352737,0.689992,-0.615200,0.853470,0.706689,0.570099,0.882446,0.577758,0.153494,0.297380,0.641789,0.498316,0.183583,0.196159,0.760564,-0.980177,0.435907,0.131322,0.676588,-0.589126,0.050687,-0.744711,0.318749,0.527536,0.247065,0.109543,-0.313242,0.279569,0.799011,0.442837,-0.954094,0.017443,0.472834,0.008326,0.182700,0.823169,0.747900,-0.837371,0.021106,0.244633,0.704063,-0.468999,-0.720292,0.194309,-0.064776,-0.484590,0.885856,-0.364888,-0.889428,-0.882402,-0.597836,-0.766528,-0.210623,-0.839071,0.122330,-0.183218,0.195850,0.978473,0.983803,-0.165942,-0.265892,0.363106,-0.264641,0.556563,0.203292,-0.601026,-0.170332,0.727316,0.106707,0.419837,0.419701,-0.035689,-0.409017
0.000000,0.000000,0.000000,0.000000,0.000000,0.000000,0.000000,0.000000,0.000000,0.000000,0.000000,0.000000,0.000000,0.000000,0.000000,0.000000,0.000000,0.000000,0.000000,0.000000,0.000000,0.000000,0.000000,0.000000,0.000000,0.000000,0.000000,0.000000,0.000000,0.000000,0.000000,0.000000,0.000000,0.000000,0.000000,0.000000,0.000000,0.000000,0.000000,0.000000,0.000000,0.000000,0.000000,0.000000,0.000000,0.000000,0.000000,0.000000,0.000000,0.000000,0.000000,0.000000,0.000000,0.000000,0.000000,0.000000,0.000000,0.000000,0.000000,0.000000,0.000000,0.000000,0.000000,0.000000,0.000000,0.000000,0.000000,0.000000,0.000000,0.000000,0.000000,0.000000,0.000000,0.000000,0.000000,0.000000,0.000000,0.000000,0.000000,0.000000,0.000000,0.000000,0.000000,0.000000,0.000000,0.000000,0.000000,0.000000,0.000000,0.000000,0.000000,0.000000,0.000000,0.000000,0.000000,0.000000,0.000000,0.000000,0.000000,0.000000,0.000000,0.000000,0.000000,0.000000,0.000000,0.000000,0.000000,0.000000,0.000000,0.000000,0.000000,0.000000,0.000000,0.000000,0.000000,0.000000,0.000000,0.000000,0.000000,0.000000,0.000000,0.000000,0.000000,0.000000,0.000000,0.000000,0.000000,0.000000,0.000000,0.000000,0.000000,0.000000,0.000000,0.000000,0.000000,0.000000,0.000000,0.000000,0.000000,0.000000,0.000000,0.000000,1.990847,-0.773884,0.194741,-0.794523,0.803596,0.487743,-0.637580,0.569321,0.451706,0.456890,-0.329436,0.045482,0.171550,-0.246043,0.120798,-0.511967,0.749769,0.920673,-0.346534,-0.315205,-0.567580,0.729559,-0.673276,0.597718,0.664657,-0.367562,0.553583,-0.094056,-0.303095,0.786757,-0.092944,-0.889541,0.269043,0.316005,0.269301,-0.279362,0.357230,-0.417811,-0.071276,-0.566587,0.226505,0.621002,-0.804667,-0.945975,0.522269,-0.354240,-0.352349,0.129479,-0.026525,-0.756880,0.520870,-0.647457,0.652056,0.528695,-0.665547,0.516427,0.321879,0.963640,0.423658,-0.219565,0.240115,0.323744,0.491301,-0.062748,0.655389,-0.426116,0.926681,-0.379139,-0.924908,-0.599730,0.854881,0.580103,-0.121258,0.810311,-0.506734,-0.532884,-0.742083,-0.115135,0.028251,-0.709718,-0.770789,-0.219096,-0.534762,0.148528,0.048670,-0.675033,-0.973446,0.289579,0.545771,-0.023455,0.151002,0.923423,0.535408,-0.332380,0.700603,0.096984,0.043869,0.383744,-0.141030,0.761545,-0.665431,-0.156173,-0.870273,0.410789,-0.459410,-0.149151,0.772724,-0.627429,-0.995497,0.156240,-0.124910,-0.890079
0.000000,0.000000,0.000000,0.000000,0.000000,0.000000,0.000000,0.000000,0.000000,0.000000,0.000000,0.000000,0.000000,0.000000,0.000000,0.000000,0.000000,0.000000,0.000000,0.000000,0.000000,0.000000,0.000000,0.000000,0.000000,0.000000,0.000000,0.000000,0.000000,0.000000,0.000000,0.000000,0.000000,0.000000,0.000000,0.000000,0.000000,0.000000,0.000000,0.000000,0.000000,0.000000,0.000000,0.000000,0.000000,0.000000,0.000000,0.000000,0.000000,0.000000,0.000000,0.000000,0.000000,0.000000,0.000000,0.000000,0.000000,0.000000,0.000000,0.000000,0.000000,0.000000,0.000000,0.000000,0.000000,0.000000,0.000000,0.000000,0.000000,0.000000,0.000000,0.000000,0.000000,0.000000,0.000000,0.000000,0.000000,0.000000,0.000000,0.000000,0.000000,0.000000,0.000000,0.000000,0.000000,0.000000,0.000000,0.000000,0.000000,0.000000,0.000000,0.000000,0.000000,0.000000,0.000000,0.000000,0.000000,0.000000,0.000000,0.000000,0.000000,0.000000,0.000000,0.000000,0.000000,0.000000,0.000000,0.000000,0.000000,0.000000,0.000000,0.000000,0.000000,0.000000,0.000000,0.000000,0.000000,0.000000,0.000000,0.000000,0.000000,0.000000,0.000000,0.000000,0.000000,0.000000,0.000000,0.000000,0.000000,0.000000,0.000000,0.000000,0.000000,0.000000,0.000000,0.000000,0.000000,0.000000,0.000000,0.000000,0.000000,0.000000,0.000000,1.240614,-0.521788,-0.478764,0.579325,-0.390500,-0.020747,-0.468960,0.901080,0.548428,-0.153435,0.453967,-0.370350,-0.835540,-0.138956,0.129171,-0.301291,-0.196923,0.428858,0.790895,0.788212,0.151384,0.258981,0.065623,-0.257529,0.476319,-0.777509,0.788028,-0.432561,-0.562356,-0.452012,0.623434,-0.462211,0.219077,-0.313684,0.312807,0.183253,0.995533,-0.378088,-0.300385,-0.602465,-0.072184,0.674720,-0.578004,0.922820,-0.973685,0.610297,0.383251,0.810507,0.043625,0.361929,-0.901152,-0.211290,0.541399,-0.782037,0.564795,-0.383453,-0.294022,0.294750,-0.843672,0.249252,0.827448,-0.812471,-0.494005,-0.972637,0.035980,0.461920,0.852796,-0.263941,-0.702498,-0.941831,-0.349988,0.024456,0.801547,-0.567097,0.562598,-0.038160,0.735070,0.726130,0.715389,-0.197310,-0.307581,-0.585423,-0.543142,0.232459,0.923882,0.211918,-0.175365,-0.515156,0.303939,-0.578109,-0.813248,-0.812920,0.700919,-0.235489,0.880680,-0.006516,0.383012,0.653903,0.748978,-0.674901,-0.566653,-0.699817,-0.108899,-0.689931,0.301731,-0.274346,0.928143,0.633174,0.448560,0.377425,-0.920790
0.000000,0.000000,0.000000,0.000000,0.000000,0.000000,0.000000,0.000000,0.000000,0.000000,0.000000,0.000000,0.000000,0.000000,0.000000,0.000000,0.000000,0.000000,0.000000,0.000000,0.000000,0.000000,0.000000,0.000000,0.000000,0.000000,0.000000,0.000000,0.000000,0.000000,0.000000,0.000000,0.000000,0.000000,0.000000,0.000000,0.000000,0.000000,0.000000,0.000000,0.000000,0.000000,0.000000,0.000000,0.000000,0.000000,0.000000,0.000000,0.000000,0.000000,0.000000,0.000000,0.000000,0.000000,0.000000,0.000000,0.000000,0.000000,0.000000,0.000000,0.000000,0.000000,0.000000,0.000000,0.000000,0.000000,0.000000,0.000000,0.000000,0.000000,0.000000,0.000000,0.000000,0.000000,0.000000,0.000000,0.000000,0.000000,0.000000,0.000000,0.000000,0.000000,0.000000,0.000000,0.000000,0.000000,0.000000,0.000000,0.000000,0.000000,0.000000,0.000000,0.000000,0.000000,0.000000,0.000000,0.000000,0.000000,0.000000,0.000000,0.000000,0.000000,0.000000,0.000000,0.000000,0.000000,0.000000,0.000000,0.000000,0.000000,0.000000,0.000000,0.000000,0.000000,0.000000,0.000000,0.000000,0.000000,0.000000,0.000000,0.000000,0.000000,0.000000,0.000000,0.000000,0.000000,0.000000,0.000000,0.000000,0.000000,0.000000,0.000000,0.000000,0.000000,0.000000,0.000000,0.000000,0.000000,0.000000,0.000000,0.000000,0.000000,0.000000,0.000000,0.709214,-0.135778,0.829400,-0.811944,-0.159721,0.587830,-0.360414,0.858765,0.869400,-0.886052,0.232806,-0.708856,-0.117979,0.795609,-0.853266,0.874721,0.988920,0.340491,-0.287457,-0.497975,-0.134785,-0.640347,-0.959887,-0.874523,0.327131,-0.958489,-0.397076,0.352779,-0.650444,-0.335446,-0.937117,-0.775155,-0.548150,-0.747646,-0.055880,-0.746105,-0.389636,0.447137,0.307705,-0.234002,0.862176,0.574445,0.214353,-0.126443,-0.879928,-0.174295,0.090533,0.982035,0.903213,-0.775577,0.958532,0.509235,0.363871,0.807122,-0.349889,-0.201394,0.741894,-0.792017,0.418320,0.619644,0.770126,-0.561654,0.358493,-0.828564,0.721925,-0.036401,0.248330,0.702751,0.012047,0.017317,-0.070688,0.201386,0.434646,0.610336,-0.940393,-0.303845,-0.134945,-0.802613,0.503243,0.045751,-0.996234,0.262744,-0.321956,0.453709,-0.640610,-0.997581,-0.826352,-0.119200,0.496019,0.207828,-0.970067,0.183217,-0.035653,0.593090,-0.486668,0.437863,0.263554,0.245982,-0.188889,-0.974303,-0.624715,0.688499,0.233688,0.156282,0.051382,-0.846137,-0.304661,0.238300,-0.748900,0.841988
0.000000,0.000000,0.000000,0.000000,0.000000,0.000000,0.000000,0.000000,0.000000,0.000000,0.000000,0.000000,0.000000,0.000000,0.000000,0.000000,0.000000,0.000000,0.000000,0.000000,0.000000,0.000000,0.000000,0.000000,0.000000,0.000000,0.000000,0.000000,0.000000,0.000000,0.000000,0.000000,0.000000,0.000000,0.000000,0.000000,0.000000,0.000000,0.000000,0.000000,0.000000,0.000000,0.000000,0.000000,0.000000,0.000000,0.000000,0.000000,0.000000,0.000000,0.000000,0.000000,0.000000,0.000000,0.000000,0.000000,0.000000,0.000000,0.000000,0.000000,0.000000,0.000000,0.000000,0.000000,0.000000,0.000000,0.000000,0.000000,0.000000,0.000000,0.000000,0.000000,0.000000,0.000000,0.000000,0.000000,0.000000,0.000000,0.000000,0.000000,0.000000,0.000000,0.000000,0.000000,0.000000,0.000000,0.000000,0.000000,0.000000,0.000000,0.000000,0.000000,0.000000,0.000000,0.000000,0.000000,0.000000,0.000000,0.000000,0.000000,0.000000,0.000000,0.000000,0.000000,0.000000,0.000000,0.000000,0.000000,0.000000,0.000000,0.000000,0.000000,0.000000,0.000000,0.000000,0.000000,0.000000,0.000000,0.000000,0.000000,0.000000,0.000000,0.000000,0.000000,0.000000,0.000000,0.000000,0.000000,0.000000,0.000000,0.000000,0.000000,0.000000,0.000000,0.000000,0.000000,0.000000,0.000000,0.000000,0.000000,0.000000,0.000000,0.000000,0.000000,0.000000,0.681620,0.359572,-0.397516,0.727349,0.653674,-0.333577,-0.075773,0.918223,0.215803,-0.987995,0.554482,-0.277372,-0.448319,0.664282,0.935054,-0.875920,-0.219288,-0.440570,0.795508,0.735390,0.802234,-0.914681,-0.899781,0.102801,-0.666197,-0.774683,-0.479283,0.418801,0.343308,0.570384,-0.874494,0.532827,-0.018765,-0.374010,0.220569,0.599060,-0.792250,0.614585,0.138880,0.240108,0.757904,0.419975,0.167048,-0.327955,0.020620,0.673133,0.991214,0.512304,0.580325,0.398836,0.533901,-0.513641,-0.152334,0.111992,0.098928,0.194536,0.947070,0.710541,0.655666,0.660740,0.586666,0.358407,-0.486915,0.711533,-0.440538,0.449777,-0.778033,0.094557,-0.362399,0.408914,0.710574,-0.968946,-0.771356,0.851034,-0.521458,0.461579,0.625093,0.481101,-0.935785,0.470847,0.923142,-0.262414,0.420510,-0.447061,0.994911,-0.583320,-0.388868,-0.664189,0.910355,0.142853,-0.506030,-0.730989,0.749614,-0.874681,0.286526,0.220257,0.543590,0.363692,0.672950,-0.923937,-0.139417,-0.838068,-0.189565,0.121651,0.187550,0.849537,0.843444,-0.380427,0.398137
0.000000,0.000000,0.000000,0.000000,0.000000,0.000000,0.000000,0.000000,0.000000,0.000000,0.000000,0.000000,0.000000,0.000000,0.000000,0.000000,0.000000,0.000000,0.000000,0.000000,0.000000,0.000000,0.000000,0.000000,0.000000,0.000000,0.000000,0.000000,0.000000,0.000000,0.000000,0.000000,0.000000,0.000000,0.000000,0.000000,0.000000,0.000000,0.000000,0.000000,0.000000,0.000000,0.000000,0.000000,0.000000,0.000000,0.000000,0.000000,0.000000,0.000000,0.000000,0.000000,0.000000,0.000000,0.000000,0.000000,0.000000,0.000000,0.000000,0.000000,0.000000,0.000000,0.000000,0.000000,0.000000,0.000000,0.000000,0.000000,0.000000,0.000000,0.000000,0.000000,0.000000,0.000000,0.000000,0.000000,0.000000,0.000000,0.000000,0.000000,0.000000,0.000000,0.000000,0.000000,0.000000,0.000000,0.000000,0.000000,0.000000,0.000000,0.000000,0.000000,0.000000,0.000000,0.000000,0.000000,0.000000,0.000000,0.000000,0.000000,0.000000,0.000000,0.000000,0.000000,0.000000,0.000000,0.000000,0.000000,0.000000,0.000000,0.000000,0.000000,0.000000,0.000000,0.000000,0.000000,0.000000,0.000000,0.000000,0.000000,0.000000,0.000000,0.000000,0.000000,0.000000,0.000000,0.000000,0.000000,0.000000,0.000000,0.000000,0.000000,0.000000,0.000000,0.000000,0.000000,0.000000,0.000000,0.000000,0.000000,0.000000,0.000000,0.000000,0.000000,0.000000,0.000000,2.281768,0.914304,-0.832132,0.234303,-0.185473,-0.305344,0.234988,-0.440926,-0.928267,0.555585,-0.826405,-0.343603,0.189852,0.247472,0.332530,0.989007,-0.197226,-0.725011,-0.724102,0.020497,-0.232521,0.826327,0.021864,-0.096092,0.724714,0.592217,0.427758,0.054709,-0.530656,0.134949,-0.768470,0.073625,0.702882,0.030026,-0.863047,-0.937364,0.720978,-0.551433,0.051398,0.553578,-0.493578,0.474892,-0.849415,0.497227,-0.872020,-0.445721,-0.486592,0.782830,0.068960,0.686151,0.164559,0.613810,0.102684,-0.100173,0.315954,-0.427102,0.837474,0.816273,-0.854534,0.833576,-0.636270,0.362546,0.646209,-0.517523,-0.774689,0.512357,-0.115142,-0.026633,0.523722,-0.492408,-0.805696,0.915479,0.399318,0.304269,-0.334116,0.991412,-0.554912,-0.643802,-0.363432,0.477909,-0.525979,-0.374477,0.059255,0.299893,-0.701568,0.309278,-0.237890,-0.307690,-0.841964,0.947923,0.386241,-0.800238,-0.267526,-0.839864,0.083064,0.400293,-0.886896,0.844337,-0.251730,-0.530414,-0.740288,-0.708746,0.699593,-0.039900,0.596898,-0.545844,-0.364095,-0.174770
0.000000,0.000000,0.000000,0.000000,0.000000,0.000000,0.000000,0.000000,0.000000,0.000000,0.000000,0.000000,0.000000,0.000000,0.000000,0.000000,0.000000,0.000000,0.000000,0.000000,0.000000,0.000000,0.000000,0.000000,0.000000,0.000000,0.000000,0.000000,0.000000,0.000000,0.000000,0.000000,0.000000,0.000000,0.000000,0.000000,0.000000,0.000000,0.000000,0.000000,0.000000,0.000000,0.000000,0.000000,0.000000,0.000000,0.000000,0.000000,0.000000,0.000000,0.000000,0.000000,0.000000,0.000000,0.000000,0.000000,0.000000,0.000000,0.000000,0.000000,0.000000,0.000000,0.000000,0.000000,0.000000,0.000000,0.000000,0.000000,0.000000,0.000000,0.000000,0.000000,0.000000,0.000000,0.000000,0.000000,0.000000,0.000000,0.000000,0.000000,0.000000,0.000000,0.000000,0.000000,0.000000,0.000000,0.000000,0.000000,0.000000,0.000000,0.000000,0.000000,0.000000,0.000000,0.000000,0.000000,0.000000,0.000000,0.000000,0.000000,0.000000,0.000000,0.000000,0.000000,0.000000,0.000000,0.000000,0.000000,0.000000,0.000000,0.000000,0.000000,0.000000,0.000000,0.000000,0.000000,0.000000,0.000000,0.000000,0.000000,0.000000,0.000000,0.000000,0.000000,0.000000,0.000000,0.000000,0.000000,0.000000,0.000000,0.000000,0.000000,0.000000,0.000000,0.000000,0.000000,0.000000,0.000000,0.000000,0.000000,0.000000,0.000000,0.000000,0.000000,0.000000,0.000000,0.000000,1.636295,-0.804641,-0.909995,0.991791,0.333086,-0.890461,0.545130,-0.277772,0.592921,0.899604,-0.946854,0.928585,-0.668478,-0.405535,0.253891,0.431857,-0.659537,-0.726348,-0.426908,-0.348801,-0.363556,-0.657376,0.941615,0.596144,0.960041,-0.792685,-0.848844,0.071949,0.228936,0.270314,-0.813486,0.687592,-0.020573,-0.263722,0.008876,-0.919080,-0.569847,0.996980,0.105118,-0.842918,-0.414329,-0.630451,0.849401,0.612421,0.093807,0.903563,-0.254261,0.729935,-0.064916,0.697264,0.801377,-0.074071,-0.643997,-0.615252,-0.422274,-0.554118,-0.223493,0.013362,-0.825773,0.819286,-0.995136,-0.723419,-0.983179,0.973057,-0.178699,-0.607949,-0.762657,-0.259176,0.951798,0.097450,-0.291565,-0.270918,-0.765327,0.034014,-0.151616,0.457702,-0.616105,-0.725325,0.162921,0.484015,-0.004999,0.580066,0.682173,0.833259,-0.243642,0.808690,0.418108,0.249825,0.107549,-0.960561,0.120661,0.557982,0.976735,-0.133771,0.980316,-0.657823,0.916400,0.179310,0.325139,0.147360,0.965693,-0.911405,-0.179070,0.750465,-0.665814,0.139188,0.047155
0.000000,0.000000,0.000000,0.000000,0.000000,0.000000,0.000000,0.000000,0.000000,0.000000,0.000000,0.000000,0.000000,0.000000,0.000000,0.000000,0.000000,0.000000,0.000000,0.000000,0.000000,0.000000,0.000000,0.000000,0.000000,0.000000,0.000000,0.000000,0.000000,0.000000,0.000000,0.000000,0.000000,0.000000,0.000000,0.000000,0.000000,0.000000,0.000000,0.000000,0.000000,0.000000,0.000000,0.000000,0.000000,0.000000,0.000000,0.000000,0.000000,0.000000,0.000000,0.000000,0.000000,0.000000,0.000000,0.000000,0.000000,0.000000,0.000000,0.000000,0.000000,0.000000,0.000000,0.000000,0.000000,0.000000,0.000000,0.000000,0.000000,0.000000,0.000000,0.000000,0.000000,0.000000,0.000000,0.000000,0.000000,0.000000,0.000000,0.000000,0.000000,0.000000,0.000000,0.000000,0.000000,0.000000,0.000000,0.000000,0.000000,0.000000,0.000000,0.000000,0.000000,0.000000,0.000000,0.000000,0.000000,0.000000,0.000000,0.000000,0.000000,0.000000,0.000000,0.000000,0.000000,0.000000,0.000000,0.000000,0.000000,0.000000,0.000000,0.000000,0.000000,0.000000,0.000000,0.000000,0.000000,0.000000,0.000000,0.000000,0.000000,0.000000,0.000000,0.000000,0.000000,0.000000,0.000000,0.000000,0.000000,0.000000,0.000000,0.000000,0.000000,0.000000,0.000000,0.000000,0.000000,0.000000,0.000000,0.000000,0.000000,0.000000,0.000000,0.000000,0.000000,0.000000,0.000000,0.000000,2.518575,0.836506,-0.482330,0.386288,0.095376,0.325573,-0.599244,-0.454653,0.099693,-0.994109,0.432851,-0.676864,0.862604,0.721214,0.246702,0.782115,0.974490,0.549913,0.253265,-0.101437,0.627125,0.408872,-0.054720,0.000069,-0.542128,0.577180,0.756662,-0.967033,-0.776202,0.982471,-0.643785,0.473057,-0.038315,0.042702,-0.783245,-0.724305,0.155821,-0.244740,0.594924,0.943956,0.624634,-0.188168,-0.035639,-0.686624,0.391383,-0.105283,0.714767,0.304059,-0.658914,-0.178034,0.353898,0.715845,-0.298387,0.338989,-0.652814,0.809425,0.150340,0.537200,-0.206297,0.881082,0.440214,-0.692685,0.100371,-0.456496,0.666719,0.565649,-0.010910,-0.396147,0.705374,0.700969,0.010472,0.434514,-0.428999,-0.302300,0.888112,0.472554,-0.855759,-0.084533,-0.208510,-0.538021,0.989884,-0.728418,-0.371466,0.697437,-0.735451,-0.247722,0.268385,-0.326208,-0.182359,0.100227,0.905374,0.741814,-0.776074,0.138859,0.306593,-0.348476,-0.471606,0.195466,-0.170044,0.810130,-0.672891,-0.917832,0.799233,0.792250,-0.166460,0.507778
0.000000,0.000000,0.000000,0.000000,0.000000,0.000000,0.000000,0.000000,0.000000,0.000000,0.000000,0.000000,0.000000,0.000000,0.000000,0.000000,0.000000,0.000000,0.000000,0.000000,0.000000,0.000000,0.000000,0.000000,0.000000,0.000000,0.000000,0.000000,0.000000,0.000000,0.000000,0.000000,0.000000,0.000000,0.000000,0.000000,0.000000,0.000000,0.000000,0.000000,0.000000,0.000000,0.000000,0.000000,0.000000,0.000000,0.000000,0.000000,0.000000,0.000000,0.000000,0.000000,0.000000,0.000000,0.000000,0.000000,0.000000,0.000000,0.000000,0.000000,0.000000,0.000000,0.000000,0.000000,0.000000,0.000000,0.000000,0.000000,0.000000,0.000000,0.000000,0.000000,0.000000,0.000000,0.000000,0.000000,0.000000,0.000000,0.000000,0.000000,0.000000,0.000000,0.000000,0.000000,0.000000,0.000000,0.000000,0.000000,0.000000,0.000000,0.000000,0.000000,0.000000,0.000000,0.000000,0.000000,0.000000,0.000000,0.000000,0.000000,0.000000,0.000000,0.000000,0.000000,0.000000,0.000000,0.000000,0.000000,0.000000,0.000000,0.000000,0.000000,0.000000,0.000000,0.000000,0.000000,0.000000,0.000000,0.000000,0.000000,0.000000,0.000000,0.000000,0.000000,0.000000,0.000000,0.000000,0.000000,0.000000,0.000000,0.000000,0.000000,0.000000,0.000000,0.000000,0.000000,0.000000,0.000000,0.000000,0.000000,0.000000,0.000000,0.000000,0.000000,0.000000,0.000000,0.000000,0.000000,0.000000,2.614288,-0.490220,0.308888,0.474300,-0.285016,0.891990,0.934305,-0.026544,-0.848000,0.837937,0.045949,-0.722346,0.464195,0.374307,-0.720283,-0.450289,0.728523,0.939170,-0.189496,-0.730828,-0.296040,0.015235,-0.399152,0.222601,-0.984153,0.632953,0.689312,0.567010,-0.393131,0.264744,-0.269570,-0.221451,0.418201,0.687081,0.661983,-0.537825,0.316057,-0.465861,0.256881,-0.265590,0.579917,0.874937,-0.420038,0.737629,0.480001,0.132046,0.049940,-0.361389,-0.593430,-0.833228,0.424898,-0.555118,-0.009224,0.779630,0.342213,-0.661530,0.468908,-0.570332,0.559819,-0.844576,-0.716582,0.868381,-0.439431,-0.698728,-0.570184,-0.277801,0.675232,-0.694957,-0.968499,0.729983,-0.400683,-0.846166,-0.944467,0.799155,0.046281,0.220998,0.232112,0.044388,0.538523,0.812172,0.282155,0.687768,-0.980768,-0.039624,0.208095,-0.597537,-0.679406,-0.727513,-0.430360,0.646822,-0.944702,0.204856,-0.863692,0.186393,-0.495584,-0.685315,-0.068334,-0.537787,-0.243466,0.266101,0.872460,0.235643,0.014136,0.114000,-0.055814
0.000000,0.000000,0.000000,0.000000,0.000000,0.000000,0.000000,0.000000,0.000000,0.000000,0.000000,0.000000,0.000000,0.000000,0.000000,0.000000,0.000000,0.000000,0.000000,0.000000,0.000000,0.000000,0.000000,0.000000,0.000000,0.000000,0.000000,0.000000,0.000000,0.000000,0.000000,0.000000,0.000000,0.000000,0.000000,0.000000,0.000000,0.000000,0.000000,0.000000,0.000000,0.000000,0.000000,0.000000,0.000000,0.000000,0.000000,0.000000,0.000000,0.000000,0.000000,0.000000,0.000000,0.000000,0.000000,0.000000,0.000000,0.000000,0.000000,0.000000,0.000000,0.000000,0.000000,0.000000,0.000000,0.000000,0.000000,0.000000,0.000000,0.000000,0.000000,0.000000,0.000000,0.000000,0.000000,0.000000,0.000000,0.000000,0.000000,0.000000,0.000000,0.000000,0.000000,0.000000,0.000000,0.000000,0.000000,0.000000,0.000000,0.000000,0.000000,0.000000,0.000000,0.000000,0.000000,0.000000,0.000000,0.000000,0.000000,0.000000,0.000000,0.000000,0.000000,0.000000,0.000000,0.000000,0.000000,0.000000,0.000000,0.000000,0.000000,0.000000,0.000000,0.000000,0.000000,0.000000,0.000000,0.000000,0.000000,0.000000,0.000000,0.000000,0.000000,0.000000,0.000000,0.000000,0.000000,0.000000,0.000000,0.000000,0.000000,0.000000,0.000000,0.000000,0.000000,0.000000,0.000000,0.000000,0.000000,0.000000,0.000000,0.000000,0.000000,0.000000,0.000000,0.000000,0.000000,0.000000,0.000000,0.000000,1.907027,0.140355,-0.015610,0.576744,-0.218509,-0.782905,0.286104,0.592193,0.560036,-0.495737,0.294042,0.997175,-0.790870,0.045511,-0.389225,0.582446,-0.350545,0.467167,-0.679091,-0.866065,-0.791795,-0.479416,0.699029,-0.699132,-0.933219,0.706922,-0.250235,0.177468,-0.832403,0.814689,0.008886,-0.820861,0.267622,-0.268869,-0.293186,-0.183563,0.016247,0.238652,-0.707174,0.508733,-0.945713,0.398346,-0.633405,-0.106352,0.123102,0.294760,0.582071,0.032393,0.760254,0.910102,0.952094,-0.360877,-0.935652,0.431594,-0.496205,0.535373,-0.989999,0.554366,-0.859712,0.758694,0.302625,-0.676576,0.015644,0.010403,0.758077,0.064673,0.100954,-0.362000,0.457009,-0.899404,0.935906,0.212502,0.691331,0.562134,-0.563695,-0.421848,-0.443978,-0.548964,-0.968185,0.653903,0.075705,0.182368,-0.016593,-0.751273,-0.127794,-0.412734,0.784117,0.402416,-0.674685,0.403835,0.096736,-0.836645,-0.860898,-0.705125,0.620995,0.659898,0.216361,-0.968747,-0.365757,-0.198183,-0.431229,0.162255,-0.875577,-0.960060
0.000000,0.000000,0.000000,0.000000,0.000000,0.000000,0.000000,0.000000,0.000000,0.000000,0.000000,0.000000,0.000000,0.000000,0.000000,0.000000,0.000000,0.000000,0.000000,0.000000,0.000000,0.000000,0.000000,0.000000,0.000000,0.000000,0.000000,0.000000,0.000000,0.000000,0.000000,0.000000,0.000000,0.000000,0.000000,0.000000,0.000000,0.000000,0.000000,0.000000,0.000000,0.000000,0.000000,0.000000,0.000000,0.000000,0.000000,0.000000,0.000000,0.000000,0.000000,0.000000,0.000000,0.000000,0.000000,0.000000,0.000000,0.000000,0.000000,0.000000,0.000000,0.000000,0.000000,0.000000,0.000000,0.000000,0.000000,0.000000,0.000000,0.000000,0.000000,0.000000,0.000000,0.000000,0.000000,0.000000,0.000000,0.000000,0.000000,0.000000,0.000000,0.000000,0.000000,0.000000,0.000000,0.000000,0.000000,0.000000,0.000000,0.000000,0.000000,0.000000,0.000000,0.000000,0.000000,0.000000,0.000000,0.000000,0.000000,0.000000,0.000000,0.000000,0.000000,0.000000,0.000000,0.000000,0.000000,0.000000,0.000000,0.000000,0.000000,0.000000,0.000000,0.000000,0.000000,0.000000,0.000000,0.000000,0.000000,0.000000,0.000000,0.000000,0.000000,0.000000,0.000000,0.000000,0.000000,0.000000,0.000000,0.000000,0.000000,0.000000,0.000000,0.000000,0.000000,0.000000,0.000000,0.000000,0.000000,0.000000,0.000000,0.000000,0.000000,0.000000,0.000000,0.000000,0.000000,0.000000,0.000000,0.000000,0.000000,1.969667,-0.470939,0.373058,0.555186,0.222114,0.979391,0.285854,0.545501,0.282035,0.610883,-0.218796,-0.131285,-0.329625,0.152956,-0.250714,0.975724,0.206007,-0.328598,0.016332,0.561226,0.612235,0.274203,-0.995339,0.737226,0.819604,0.743298,0.342232,-0.945801,0.901561,-0.864385,-0.701032,0.255802,-0.076381,0.509516,0.266289,-0.991620,0.285630,0.716440,0.704293,-0.685184,-0.305277,-0.760941,0.502965,0.255121,-0.031133,-0.400482,0.574196,0.582867,-0.017640,-0.751159,-0.069282,0.792134,0.168171,0.508002,-0.410664,-0.313673,-0.765758,-0.314390,-0.660773,0.077960,-0.212389,0.671503,-0.234544,-0.575323,-0.831530,-0.494857,0.394727,0.252462,0.239892,0.716341,-0.494381,-0.058415,-0.663631,-0.562410,-0.258163,0.414160,0.667419,-0.385572,-0.204471,0.775321,0.560480,0.380670,-0.185713,-0.317882,0.446859,-0.813347,0.086933,-0.878390,0.246675,0.136823,-0.880415,-0.160270,-0.615100,0.596244,0.826566,-0.370644,-0.941362,0.795309,0.689045,0.593697,-0.287242,-0.840587,0.949742
0.000000,0.000000,0.000000,0.000000,0.000000,0.000000,0.000000,0.000000,0.000000,0.000000,0.000000,0.000000,0.000000,0.000000,0.000000,0.000000,0.000000,0.000000,0.000000,0.000000,0.000000,0.000000,0.000000,0.000000,0.000000,0.000000,0.000000,0.000000,0.000000,0.000000,0.000000,0.000000,0.000000,0.000000,0.000000,0.000000,0.000000,0.000000,0.000000,0.000000,0.000000,0.000000,0.000000,0.000000,0.000000,0.000000,0.000000,0.000000,0.000000,0.000000,0.000000,0.000000,0.000000,0.000000,0.000000,0.000000,0.000000,0.000000,0.000000,0.000000,0.000000,0.000000,0.000000,0.000000,0.000000,0.000000,0.000000,0.000000,0.000000,0.000000,0.000000,0.000000,0.000000,0.000000,0.000000,0.000000,0.000000,0.000000,0.000000,0.000000,0.000000,0.000000,0.000000,0.000000,0.000000,0.000000,0.000000,0.000000,0.000000,0.000000,0.000000,0.000000,0.000000,0.000000,0.000000,0.000000,0.000000,0.000000,0.000000,0.000000,0.000000,0.000000,0.000000,0.000000,0.000000,0.000000,0.000000,0.000000,0.000000,0.000000,0.000000,0.000000,0.000000,0.000000,0.000000,0.000000,0.000000,0.000000,0.000000,0.000000,0.000000,0.000000,0.000000,0.000000,0.000000,0.000000,0.000000,0.000000,0.000000,0.000000,0.000000,0.000000,0.000000,0.000000,0.000000,0.000000,0.000000,0.000000,0.000000,0.000000,0.000000,0.000000,0.000000,0.000000,0.000000,0.000000,0.000000,0.000000,0.000000,0.000000,0.000000,0.000000,1.733526,-0.286778,0.554421,0.341402,-0.916269,0.916795,0.112127,-0.623523,-0.968061,0.104475,0.188080,-0.800751,0.089856,-0.136553,-0.124746,0.950523,-0.408229,0.768321,-0.310962,-0.640997,-0.695468,0.881276,-0.953416,-0.561679,-0.319052,0.313600,-0.248399,-0.959173,0.033919,0.768931,0.773142,0.983190,-0.315215,-0.755074,-0.860923,0.734183,0.496428,0.255147,-0.006479,-0.085319,-0.012096,-0.272311,-0.050646,-0.579341,-0.764464,-0.577410,0.941928,0.981373,0.503023,0.674382,-0.792867,-0.753947,-0.814691,-0.873609,0.494683,-0.887194,0.898081,0.308074,-0.658247,0.635045,0.647388,0.127778,-0.818032,-0.198444,0.097075,0.487591,-0.402993,0.746314,-0.498524,0.996397,-0.769889,0.665899,-0.735566,0.518626,0.724602,-0.374163,-0.797332,0.999818,0.942104,0.513642,-0.227019,-0.731199,-0.163899,0.440685,-0.695272,-0.966399,0.808071,0.399980,0.387680,0.894372,0.041411,-0.363846,0.818851,0.971623,-0.959080,-0.338654,-0.275189,-0.777544,-0.556853,-0.951085,0.392832,-0.786190
0.000000,0.000000,0.000000,0.000000,0.000000,0.000000,0.000000,0.000000,0.000000,0.000000,0.000000,0.000000,0.000000,0.000000,0.000000,0.000000,0.000000,0.000000,0.000000,0.000000,0.000000,0.000000,0.000000,0.000000,0.000000,0.000000,0.000000,0.000000,0.000000,0.000000,0.000000,0.000000,0.000000,0.000000,0.000000,0.000000,0.000000,0.000000,0.000000,0.000000,0.000000,0.000000,0.000000,0.000000,0.000000,0.000000,0.000000,0.000000,0.000000,0.000000,0.000000,0.000000,0.000000,0.000000,0.000000,0.000000,0.000000,0.000000,0.000000,0.000000,0.000000,0.000000,0.000000,0.000000,0.000000,0.000000,0.000000,0.000000,0.000000,0.000000,0.000000,0.000000,0.000000,0.000000,0.000000,0.000000,0.000000,0.000000,0.000000,0.000000,0.000000,0.000000,0.000000,0.000000,0.000000,0.000000,0.000000,0.000000,0.000000,0.000000,0.000000,0.000000,0.000000,0.000000,0.000000,0.000000,0.000000,0.000000,0.000000,0.000000,0.000000,0.000000,0.000000,0.000000,0.000000,0.000000,0.000000,0.000000,0.000000,0.000000,0.000000,0.000000,0.000000,0.000000,0.000000,0.000000,0.000000,0.000000,0.000000,0.000000,0.000000,0.000000,0.000000,0.000000,0.000000,0.000000,0.000000,0.000000,0.000000,0.000000,0.000000,0.000000,0.000000,0.000000,0.000000,0.000000,0.000000,0.000000,0.000000,0.000000,0.000000,0.000000,0.000000,0.000000,0.000000,0.000000,0.000000,0.000000,0.000000,0.000000,0.000000,0.000000,0.000000,2.719069,0.167951,-0.287682,0.617774,0.301341,0.506046,0.755553,0.615330,0.558285,0.459687,-0.245023,0.303662,0.131398,0.926892,0.001871,-0.556364,-0.084543,-0.170700,-0.062967,0.162061,0.896045,-0.437839,0.938258,0.559165,-0.634158,-0.439119,0.818650,0.602686,-0.713278,0.169137,-0.446013,0.259501,-0.652836,-0.296174,-0.222943,0.075418,-0.521366,0.455493,0.618533,0.279979,0.806163,0.580990,-0.911971,-0.830558,0.319937,0.443751,0.935810,-0.993335,-0.526079,0.663502,0.783067,-0.071136,-0.032489,0.707239,-0.080063,0.574857,0.897460,-0.476308,-0.451200,0.877205,-0.151401,-0.968546,0.004979,0.233520,-0.510524,0.454821,-0.534115,-0.760701,-0.501269,0.067820,0.711576,0.058664,0.697971,-0.871627,-0.254827,-0.129643,0.603451,0.221294,0.570073,-0.322887,0.868066,0.627313,0.830971,-0.474408,-0.986862,0.230962,-0.014842,0.557908,-0.805012,0.190893,-0.602203,0.029198,-0.683357,0.824685,-0.633446,0.150153,-0.988781,-0.687123,-0.001332,-0.918077,0.085565
0.000000,0.000000,0.000000,0.000000,0.000000,0.000000,0.000000,0.000000,0.000000,0.000000,0.000000,0.000000,0.000000,0.000000,0.000000,0.000000,0.000000,0.000000,0.000000,0.000000,0.000000,0.000000,0.000000,0.000000,0.000000,0.000000,0.000000,0.000000,0.000000,0.000000,0.000000,0.000000,0.000000,0.000000,0.000000,0.000000,0.000000,0.000000,0.000000,0.000000,0.000000,0.000000,0.000000,0.000000,0.000000,0.000000,0.000000,0.000000,0.000000,0.000000,0.000000,0.000000,0.000000,0.000000,0.000000,0.000000,0.000000,0.000000,0.000000,0.000000,0.000000,0.000000,0.000000,0.000000,0.000000,0.000000,0.000000,0.000000,0.000000,0.000000,0.000000,0.000000,0.000000,0.000000,0.000000,0.000000,0.000000,0.000000,0.000000,0.000000,0.000000,0.000000,0.000000,0.000000,0.000000,0.000000,0.000000,0.000000,0.000000,0.000000,0.000000,0.000000,0.000000,0.000000,0.000000,0.000000,0.000000,0.000000,0.000000,0.000000,0.000000,0.000000,0.000000,0.000000,0.000000,0.000000,0.000000,0.000000,0.000000,0.000000,0.000000,0.000000,0.000000,0.000000,0.000000,0.000000,0.000000,0.000000,0.000000,0.000000,0.000000,0.000000,0.000000,0.000000,0.000000,0.000000,0.000000,0.000000,0.000000,0.000000,0.000000,0.000000,0.000000,0.000000,0.000000,0.000000,0.000000,0.000000,0.000000,0.000000,0.000000,0.000000,0.000000,0.000000,0.000000,0.000000,0.000000,0.000000,0.000000,0.000000,0.000000,0.000000,0.000000,0.000000,0.960835,0.453078,0.736583,0.517092,-0.873219,-0.007308,-0.777646,-0.181885,0.679094,-0.917679,-0.496696,0.653140,-0.188145,-0.529289,0.898821,-0.688539,0.577216,-0.643845,0.926104,0.572142,-0.447143,0.967228,-0.771081,0.719194,0.398859,-0.652231,0.092743,-0.976150,0.146255,0.164407,-0.182948,0.648832,0.861494,0.067524,0.347907,-0.708288,0.996196,0.715832,0.898056,0.556128,-0.354171,-0.556637,0.022095,-0.834801,0.103637,-0.260160,0.455868,0.251384,-0.506960,0.466884,-0.377774,-0.502816,-0.162893,-0.684293,-0.349680,-0.480303,-0.956540,-0.398247,-0.066333,0.659477,-0.639047,-0.345222,-0.941252,-0.849784,-0.287770,-0.000143,0.496524,0.526360,0.827957,0.815592,-0.797001,-0.775895,-0.006417,0.178947,0.195781,-0.027448,0.962399,0.017911,0.870622,0.976383,-0.111956,-0.732472,-0.348164,-0.282920,0.776656,0.923394,-0.660692,-0.959853,0.661326,0.117292,0.502344,-0.336658,-0.682960,-0.470679,-0.903041,-0.228307,-0.801546,-0.072457,0.598449,-0.904739
0.000000,0.000000,0.000000,0.000000,0.000000,0.000000,0.000000,0.000000,0.000000,0.000000,0.000000,0.000000,0.000000,0.000000,0.000000,0.000000,0.000000,0.000000,0.000000,0.000000,0.000000,0.000000,0.000000,0.000000,0.000000,0.000000,0.000000,0.000000,0.000000,0.000000,0.000000,0.000000,0.000000,0.000000,0.000000,0.000000,0.000000,0.000000,0.000000,0.000000,0.000000,0.000000,0.000000,0.000000,0.000000,0.000000,0.000000,0.000000,0.000000,0.000000,0.000000,0.000000,0.000000,0.000000,0.000000,0.000000,0.000000,0.000000,0.000000,0.000000,0.000000,0.000000,0.000000,0.000000,0.000000,0.000000,0.000000,0.000000,0.000000,0.000000,0.000000,0.000000,0.000000,0.000000,0.000000,0.000000,0.000000,0.000000,0.000000,0.000000,0.000000,0.000000,0.000000,0.000000,0.000000,0.000000,0.000000,0.000000,0.000000,0.000000,0.000000,0.000000,0.000000,0.000000,0.000000,0.000000,0.000000,0.000000,0.000000,0.000000,0.000000,0.000000,0.000000,0.000000,0.000000,0.000000,0.000000,0.000000,0.000000,0.000000,0.000000,0.000000,0.000000,0.000000,0.000000,0.000000,0.000000,0.000000,0.000000,0.000000,0.000000,0.000000,0.000000,0.000000,0.000000,0.000000,0.000000,0.000000,0.000000,0.000000,0.000000,0.000000,0.000000,0.000000,0.000000,0.000000,0.000000,0.000000,0.000000,0.000000,0.000000,0.000000,0.000000,0.000000,0.000000,0.000000,0.000000,0.000000,0.000000,0.000000,0.000000,0.000000,0.000000,0.000000,0.000000,2.741781,-0.753695,0.311962,-0.518929,0.689836,-0.979296,-0.157226,0.923804,-0.774211,0.521289,0.453236,-0.361650,-0.879091,0.666191,0.809757,-0.744339,0.695656,0.666447,0.154046,0.567063,-0.921042,-0.007646,0.933984,0.550431,-0.463731,0.247062,-0.574900,-0.555749,-0.621308,-0.620037,-0.001418,-0.380403,0.555919,0.788223,-0.024818,-0.617370,0.995998,-0.905936,0.099288,-0.560702,0.875315,-0.350074,0.916086,0.945603,0.885950,0.585450,0.482431,0.905542,-0.552660,0.619805,-0.773024,-0.276244,-0.196336,0.990653,-0.358047,0.109467,0.266981,0.355678,-0.759699,0.118253,0.269443,0.806697,0.914587,-0.529946,-0.578962,0.367493,-0.021033,0.487134,0.696944,-0.978631,0.757461,-0.469130,0.938794,-0.139476,0.704895,-0.600129,0.050314,-0.873424,0.469686,0.884200,0.686246,0.360706,-0.762124,0.967920,-0.312075,0.265546,-0.454040,0.654644,-0.243159,-0.218645,-0.991040,0.150671,-0.498537,0.843699,0.566300,0.904144,-0.220509,0.323460,-0.096396
0.000000,0.000000,0.000000,0.000000,0.000000,0.000000,0.000000,0.000000,0.000000,0.000000,0.000000,0.000000,0.000000,0.000000,0.000000,0.000000,0.000000,0.000000,0.000000,0.000000,0.000000,0.000000,0.000000,0.000000,0.000000,0.000000,0.000000,0.000000,0.000000,0.000000,0.000000,0.000000,0.000000,0.000000,0.000000,0.000000,0.000000,0.000000,0.000000,0.000000,0.000000,0.000000,0.000000,0.000000,0.000000,0.000000,0.000000,0.000000,0.000000,0.000000,0.000000,0.000000,0.000000,0.000000,0.000000,0.000000,0.000000,0.000000,0.000000,0.000000,0.000000,0.000000,0.000000,0.000000,0.000000,0.000000,0.000000,0.000000,0.000000,0.000000,0.000000,0.000000,0.000000,0.000000,0.000000,0.000000,0.000000,0.000000,0.000000,0.000000,0.000000,0.000000,0.000000,0.000000,0.000000,0.000000,0.000000,0.000000,0.000000,0.000000,0.000000,0.000000,0.000000,0.000000,0.000000,0.000000,0.000000,0.000000,0.000000,0.000000,0.000000,0.000000,0.000000,0.000000,0.000000,0.000000,0.000000,0.000000,0.000000,0.000000,0.000000,0.000000,0.000000,0.000000,0.000000,0.000000,0.000000,0.000000,0.000000,0.000000,0.000000,0.000000,0.000000,0.000000,0.000000,0.000000,0.000000,0.000000,0.000000,0.000000,0.000000,0.000000,0.000000,0.000000,0.000000,0.000000,0.000000,0.000000,0.000000,0.000000,0.000000,0.000000,0.000000,0.000000,0.000000,0.000000,0.000000,0.000000,0.000000,0.000000,0.000000,0.000000,0.000000,0.000000,0.000000,0.000000,2.773344,-0.351478,-0.342949,-0.268113,-0.004422,0.775439,-0.585065,0.302616,-0.388085,-0.834678,0.907314,0.571558,0.904038,-0.199461,0.513960,0.302290,0.238034,-0.919459,-0.856542,-0.609474,0.499308,0.596684,0.294442,-0.615863,0.555235,-0.773063,0.788047,-0.230452,0.454175,-0.661010,-0.371435,-0.009454,-0.007290,-0.805600,0.096638,-0.849764,0.847360,-0.156465,-0.121842,0.153987,0.563349,-0.860930,0.405956,0.821062,-0.121607,-0.973469,-0.505263,0.882092,-0.763961,-0.972773,0.871720,0.726051,-0.079216,-0.989210,0.167541,0.633524,-0.427858,-0.654529,0.809317,0.535853,-0.103838,0.810030,0.216312,0.888177,-0.793678,-0.127170,0.358434,-0.184205,-0.300468,0.390848,0.211375,-0.434922,-0.111996,0.413802,0.253812,-0.093947,-0.479990,-0.770823,0.680350,0.640627,0.226605,0.142684,-0.727340,-0.106537,-0.032269,-0.077170,-0.515817,-0.752377,0.862756,0.112689,0.725139,0.343970,0.640618,-0.568005,-0.787932,0.227741,0.098693,-0.807074
0.000000,0.000000,0.000000,0.000000,0.000000,0.000000,0.000000,0.000000,0.000000,0.000000,0.000000,0.000000,0.000000,0.000000,0.000000,0.000000,0.000000,0.000000,0.000000,0.000000,0.000000,0.000000,0.000000,0.000000,0.000000,0.000000,0.000000,0.000000,0.000000,0.000000,0.000000,0.000000,0.000000,0.000000,0.000000,0.000000,0.000000,0.000000,0.000000,0.000000,0.000000,0.000000,0.000000,0.000000,0.000000,0.000000,0.000000,0.000000,0.000000,0.000000,0.000000,0.000000,0.000000,0.000000,0.000000,0.000000,0.000000,0.000000,0.000000,0.000000,0.000000,0.000000,0.000000,0.000000,0.000000,0.000000,0.000000,0.000000,0.000000,0.000000,0.000000,0.000000,0.000000,0.000000,0.000000,0.000000,0.000000,0.000000,0.000000,0.000000,0.000000,0.000000,0.000000,0.000000,0.000000,0.000000,0.000000,0.000000,0.000000,0.000000,0.000000,0.000000,0.000000,0.000000,0.000000,0.000000,0.000000,0.000000,0.000000,0.000000,0.000000,0.000000,0.000000,0.000000,0.000000,0.000000,0.000000,0.000000,0.000000,0.000000,0.000000,0.000000,0.000000,0.000000,0.000000,0.000000,0.000000,0.000000,0.000000,0.000000,0.000000,0.000000,0.000000,0.000000,0.000000,0.000000,0.000000,0.000000,0.000000,0.000000,0.000000,0.000000,0.000000,0.000000,0.000000,0.000000,0.000000,0.000000,0.000000,0.000000,0.000000,0.000000,0.000000,0.000000,0.000000,0.000000,0.000000,0.000000,0.000000,0.000000,0.000000,0.000000,0.000000,0.000000,0.000000,0.000000,0.000000,2.028238,-0.636202,-0.783666,0.970457,0.111433,-0.340465,-0.803888,0.833445,0.885158,-0.486089,-0.129950,0.291095,-0.777686,0.073915,-0.562716,-0.549472,0.206123,-0.379850,0.100706,-0.475382,-0.024621,0.864463,-0.030549,0.002703,-0.014320,0.713125,0.363478,-0.938749,-0.764092,0.155776,0.520362,-0.765986,0.005569,0.284990,-0.198395,0.387014,-0.314747,0.246037,0.531421,0.911634,0.277790,-0.296841,0.442481,0.608959,-0.170727,-0.274866,-0.695064,0.353799,-0.110262,-0.734183,0.122915,0.979758,-0.897341,0.031037,0.871651,0.918255,-0.316556,-0.656788,-0.158546,-0.362942,-0.034828,0.191920,0.536481,0.268315,0.784109,0.471421,0.037295,-0.761402,0.607506,0.428332,-0.327662,-0.536085,0.316159,-0.831549,0.574502,-0.546231,0.186950,-0.392876,-0.045520,0.601259,-0.425944,-0.933819,-0.845215,-0.851050,-0.081960,-0.833438,-0.174662,0.395711,0.759737,-0.557136,0.753336,0.956168,0.251416,0.474441,-0.033925,-0.850304,0.919881
0.000000,0.000000,0.000000,0.000000,0.000000,0.000000,0.000000,0.000000,0.000000,0.000000,0.000000,0.000000,0.000000,0.000000,0.000000,0.000000,0.000000,0.000000,0.000000,0.000000,0.000000,0.000000,0.000000,0.000000,0.000000,0.000000,0.000000,0.000000,0.000000,0.000000,0.000000,0.000000,0.000000,0.000000,0.000000,0.000000,0.000000,0.000000,0.000000,0.000000,0.000000,0.000000,0.000000,0.000000,0.000000,0.000000,0.000000,0.000000,0.000000,0.000000,0.000000,0.000000,0.000000,0.000000,0.000000,0.000000,0.000000,0.000000,0.000000,0.000000,0.000000,0.000000,0.000000,0.000000,0.000000,0.000000,0.000000,0.000000,0.000000,0.000000,0.000000,0.000000,0.000000,0.000000,0.000000,0.000000,0.000000,0.000000,0.000000,0.000000,0.000000,0.000000,0.000000,0.000000,0.000000,0.000000,0.000000,0.000000,0.000000,0.000000,0.000000,0.000000,0.000000,0.000000,0.000000,0.000000,0.000000,0.000000,0.000000,0.000000,0.000000,0.000000,0.000000,0.000000,0.000000,0.000000,0.000000,0.000000,0.000000,0.000000,0.000000,0.000000,0.000000,0.000000,0.000000,0.000000,0.000000,0.000000,0.000000,0.000000,0.000000,0.000000,0.000000,0.000000,0.000000,0.000000,0.000000,0.000000,0.000000,0.000000,0.000000,0.000000,0.000000,0.000000,0.000000,0.000000,0.000000,0.000000,0.000000,0.000000,0.000000,0.000000,0.000000,0.000000,0.000000,0.000000,0.000000,0.000000,0.000000,0.000000,0.000000,0.000000,0.000000,0.000000,0.000000,0.000000,0.000000,0.000000,2.863167,-0.354450,-0.608518,-0.869031,-0.004362,0.849538,-0.918117,0.223096,0.671124,-0.240595,0.223954,-0.112374,-0.869201,0.008922,-0.821884,0.369939,-0.379805,0.605006,0.174072,0.870061,0.475485,0.449707,-0.390774,-0.116166,0.491137,0.444017,0.384580,-0.984098,-0.965357,-0.865066,-0.936833,0.545698,0.093789,0.009791,-0.828801,0.549247,-0.814311,-0.556373,0.637818,0.385154,-0.814773,-0.852212,-0.187006,0.206788,-0.506478,0.170348,-0.281194,0.177262,0.451024,0.686324,-0.608307,-0.829759,-0.763240,-0.669240,-0.351291,-0.942729,0.665077,0.698110,0.426310,-0.287035,0.413498,0.149213,0.324691,-0.824233,0.749434,-0.302640,-0.461549,-0.218371,-0.505404,0.988339,0.292429,0.792823,0.902053,0.162481,0.601037,0.810579,-0.699982,-0.461683,-0.196771,0.245685,0.536594,-0.309991,0.685378,0.308722,-0.255956,0.361428,0.704069,-0.328097,-0.226036,0.383668,-0.140356,-0.644664,0.708332,-0.596911,-0.507314,0.735631
0.000000,0.000000,0.000000,0.000000,0.000000,0.000000,0.000000,0.000000,0.000000,0.000000,0.000000,0.000000,0.000000,0.000000,0.000000,0.000000,0.000000,0.000000,0.000000,0.000000,0.000000,0.000000,0.000000,0.000000,0.000000,0.000000,0.000000,0.000000,0.000000,0.000000,0.000000,0.000000,0.000000,0.000000,0.000000,0.000000,0.000000,0.000000,0.000000,0.000000,0.000000,0.000000,0.000000,0.000000,0.000000,0.000000,0.000000,0.000000,0.000000,0.000000,0.000000,0.000000,0.000000,0.000000,0.000000,0.000000,0.000000,0.000000,0.000000,0.000000,0.000000,0.000000,0.000000,0.000000,0.000000,0.000000,0.000000,0.000000,0.000000,0.000000,0.000000,0.000000,0.000000,0.000000,0.000000,0.000000,0.000000,0.000000,0.000000,0.000000,0.000000,0.000000,0.000000,0.000000,0.000000,0.000000,0.000000,0.000000,0.000000,0.000000,0.000000,0.000000,0.000000,0.000000,0.000000,0.000000,0.000000,0.000000,0.000000,0.000000,0.000000,0.000000,0.000000,0.000000,0.000000,0.000000,0.000000,0.000000,0.000000,0.000000,0.000000,0.000000,0.000000,0.000000,0.000000,0.000000,0.000000,0.000000,0.000000,0.000000,0.000000,0.000000,0.000000,0.000000,0.000000,0.000000,0.000000,0.000000,0.000000,0.000000,0.000000,0.000000,0.000000,0.000000,0.000000,0.000000,0.000000,0.000000,0.000000,0.000000,0.000000,0.000000,0.000000,0.000000,0.000000,0.000000,0.000000,0.000000,0.000000,0.000000,0.000000,0.000000,0.000000,0.000000,0.000000,0.000000,0.000000,0.000000,0.000000,2.104890,-0.136784,-0.236381,-0.633527,-0.864168,0.818844,-0.910539,-0.876642,0.504203,0.787488,0.419425,-0.515847,-0.458700,0.922756,0.400165,0.655609,-0.107265,0.553046,0.961543,-0.286560,-0.358954,-0.914105,0.474045,-0.518660,-0.492178,0.264014,0.477657,-0.185048,0.889083,-0.676577,0.054700,0.234659,0.234763,0.313703,0.267767,0.583405,0.628164,0.954902,0.879397,0.039855,0.411895,-0.195143,0.301295,-0.985111,-0.264815,0.829070,0.350007,-0.965440,0.045374,-0.268223,0.617551,-0.770311,0.208126,0.424140,0.190910,-0.451130,0.586381,0.587189,-0.278141,-0.466657,0.327790,-0.264361,-0.309301,-0.098883,-0.083819,0.659245,0.905638,0.426926,-0.823531,-0.324430,-0.620773,0.326530,0.196282,0.964908,-0.104607,-0.789083,0.196787,-0.266112,-0.644032,-0.258023,-0.523633,-0.605575,-0.032719,0.620022,0.771329,-0.479369,-0.103184,0.685783,0.977355,0.699864,-0.011928,0.740272,0.413255,-0.772969,-0.831717
0.000000,0.000000,0.000000,0.000000,0.000000,0.000000,0.000000,0.000000,0.000000,0.000000,0.000000,0.000000,0.000000,0.000000,0.000000,0.000000,0.000000,0.000000,0.000000,0.000000,0.000000,0.000000,0.000000,0.000000,0.000000,0.000000,0.000000,0.000000,0.000000,0.000000,0.000000,0.000000,0.000000,0.000000,0.000000,0.000000,0.000000,0.000000,0.000000,0.000000,0.000000,0.000000,0.000000,0.000000,0.000000,0.000000,0.000000,0.000000,0.000000,0.000000,0.000000,0.000000,0.000000,0.000000,0.000000,0.000000,0.000000,0.000000,0.000000,0.000000,0.000000,0.000000,0.000000,0.000000,0.000000,0.000000,0.000000,0.000000,0.000000,0.000000,0.000000,0.000000,0.000000,0.000000,0.000000,0.000000,0.000000,0.000000,0.000000,0.000000,0.000000,0.000000,0.000000,0.000000,0.000000,0.000000,0.000000,0.000000,0.000000,0.000000,0.000000,0.000000,0.000000,0.000000,0.000000,0.000000,0.000000,0.000000,0.000000,0.000000,0.000000,0.000000,0.000000,0.000000,0.000000,0.000000,0.000000,0.000000,0.000000,0.000000,0.000000,0.000000,0.000000,0.000000,0.000000,0.000000,0.000000,0.000000,0.000000,0.000000,0.000000,0.000000,0.000000,0.000000,0.000000,0.000000,0.000000,0.000000,0.000000,0.000000,0.000000,0.000000,0.000000,0.000000,0.000000,0.000000,0.000000,0.000000,0.000000,0.000000,0.000000,0.000000,0.000000,0.000000,0.000000,0.000000,0.000000,0.000000,0.000000,0.000000,0.000000,0.000000,0.000000,0.000000,0.000000,0.000000,0.000000,0.000000,0.000000,0.000000,2.840660,0.848885,-0.083269,0.323650,-0.390416,0.402797,-0.107631,-0.303035,-0.118791,-0.088892,0.885519,0.769961,-0.611132,-0.443064,-0.401250,-0.976859,0.060861,-0.034617,-0.750795,0.980475,0.522571,-0.633826,0.410663,-0.318733,0.265695,-0.059018,-0.722284,-0.079827,0.923374,0.496261,0.253164,0.687054,0.657442,0.776408,-0.782280,-0.741099,0.597789,0.990684,0.125087,0.928532,0.325629,-0.829362,0.852506,0.678425,0.071696,0.487813,-0.296892,0.231561,-0.173521,0.054266,0.273106,-0.892261,-0.807953,-0.835175,0.189859,-0.174185,0.000121,0.000563,-0.919059,0.592118,0.401376,0.375802,-0.931498,0.303436,0.000916,0.521135,-0.806257,0.493417,0.923376,0.701973,0.788341,-0.848398,0.059287,-0.506675,0.089848,0.413169,0.493648,0.983192,0.915253,-0.505693,0.831231,0.768029,0.446872,-0.484685,-0.623500,-0.128785,-0.921885,-0.432167,-0.853231,0.049015,0.233094,-0.777389,0.747865,-0.806401
0.000000,0.000000,0.000000,0.000000,0.000000,0.000000,0.000000,0.000000,0.000000,0.000000,0.000000,0.000000,0.000000,0.000000,0.000000,0.000000,0.000000,0.000000,0.000000,0.000000,0.000000,0.000000,0.000000,0.000000,0.000000,0.000000,0.000000,0.000000,0.000000,0.000000,0.000000,0.000000,0.000000,0.000000,0.000000,0.000000,0.000000,0.000000,0.000000,0.000000,0.000000,0.000000,0.000000,0.000000,0.000000,0.000000,0.000000,0.000000,0.000000,0.000000,0.000000,0.000000,0.000000,0.000000,0.000000,0.000000,0.000000,0.000000,0.000000,0.000000,0.000000,0.000000,0.000000,0.000000,0.000000,0.000000,0.000000,0.000000,0.000000,0.000000,0.000000,0.000000,0.000000,0.000000,0.000000,0.000000,0.000000,0.000000,0.000000,0.000000,0.000000,0.000000,0.000000,0.000000,0.000000,0.000000,0.000000,0.000000,0.000000,0.000000,0.000000,0.000000,0.000000,0.000000,0.000000,0.000000,0.000000,0.000000,0.000000,0.000000,0.000000,0.000000,0.000000,0.000000,0.000000,0.000000,0.000000,0.000000,0.000000,0.000000,0.000000,0.000000,0.000000,0.000000,0.000000,0.000000,0.000000,0.000000,0.000000,0.000000,0.000000,0.000000,0.000000,0.000000,0.000000,0.000000,0.000000,0.000000,0.000000,0.000000,0.000000,0.000000,0.000000,0.000000,0.000000,0.000000,0.000000,0.000000,0.000000,0.000000,0.000000,0.000000,0.000000,0.000000,0.000000,0.000000,0.000000,0.000000,0.000000,0.000000,0.000000,0.000000,0.000000,0.000000,0.000000,0.000000,0.000000,0.000000,0.000000,0.000000,0.000000,1.490526,0.001963,0.164244,-0.361789,0.426168,-0.317280,-0.494619,-0.093647,-0.773135,0.932316,0.100195,-0.711892,0.592136,0.440759,-0.138987,0.967403,0.001230,-0.574497,0.582511,0.857485,-0.475254,-0.986558,0.218560,0.465560,-0.478290,0.927312,-0.664725,0.602313,0.752620,-0.658231,0.002688,-0.943906,0.283778,0.092959,0.556544,0.002555,-0.292231,-0.726656,-0.897853,0.057664,0.837768,0.532010,-0.213759,0.967452,-0.632000,0.995258,-0.539728,-0.663563,0.716665,-0.062293,0.783715,0.496080,-0.686540,-0.756151,-0.106467,0.123090,-0.153572,-0.576022,-0.564939,0.019818,-0.971401,-0.122104,-0.933550,0.746270,0.240223,-0.679623,0.537134,-0.014767,0.021413,-0.487745,-0.212487,0.756308,-0.705599,0.247414,-0.566201,-0.110391,0.066042,-0.756421,-0.842979,-0.031882,-0.181313,0.841991,0.395992,0.793625,0.856609,-0.961869,0.759722,0.916952,-0.094714,0.271975,-0.308045,-0.802685,-0.474790
0.000000,0.000000,0.000000,0.000000,0.000000,0.000000,0.000000,0.000000,0.000000,0.000000,0.000000,0.000000,0.000000,0.000000,0.000000,0.000000,0.000000,0.000000,0.000000,0.000000,0.000000,0.000000,0.000000,0.000000,0.000000,0.000000,0.000000,0.000000,0.000000,0.000000,0.000000,0.000000,0.000000,0.000000,0.000000,0.000000,0.000000,0.000000,0.000000,0.000000,0.000000,0.000000,0.000000,0.000000,0.000000,0.000000,0.000000,0.000000,0.000000,0.000000,0.000000,0.000000,0.000000,0.000000,0.000000,0.000000,0.000000,0.000000,0.000000,0.000000,0.000000,0.000000,0.000000,0.000000,0.000000,0.000000,0.000000,0.000000,0.000000,0.000000,0.000000,0.000000,0.000000,0.000000,0.000000,0.000000,0.000000,0.000000,0.000000,0.000000,0.000000,0.000000,0.000000,0.000000,0.000000,0.000000,0.000000,0.000000,0.000000,0.000000,0.000000,0.000000,0.000000,0.000000,0.000000,0.000000,0.000000,0.000000,0.000000,0.000000,0.000000,0.000000,0.000000,0.000000,0.000000,0.000000,0.000000,0.000000,0.000000,0.000000,0.000000,0.000000,0.000000,0.000000,0.000000,0.000000,0.000000,0.000000,0.000000,0.000000,0.000000,0.000000,0.000000,0.000000,0.000000,0.000000,0.000000,0.000000,0.000000,0.000000,0.000000,0.000000,0.000000,0.000000,0.000000,0.000000,0.000000,0.000000,0.000000,0.000000,0.000000,0.000000,0.000000,0.000000,0.000000,0.000000,0.000000,0.000000,0.000000,0.000000,0.000000,0.000000,0.000000,0.000000,0.000000,0.000000,0.000000,0.000000,0.000000,0.000000,0.000000,0.000000,0.701360,-0.026418,0.307174,-0.989548,-0.542273,-0.852463,0.931485,0.606223,-0.938022,0.627976,0.654525,0.610480,0.756839,-0.063148,-0.521173,0.740896,0.669294,-0.450581,0.161439,0.113877,-0.024943,0.217225,-0.832061,-0.090712,-0.440256,-0.995255,0.038350,-0.270592,-0.137524,-0.777299,0.011241,-0.459748,-0.998836,0.560022,0.255677,0.055832,0.244114,-0.352667,-0.753927,-0.286146,0.577757,0.216532,0.582485,0.804563,-0.500685,0.828856,0.325198,0.121556,0.006419,-0.062560,-0.852204,-0.890719,-0.338049,-0.592890,-0.826777,-0.951125,0.956776,-0.575812,0.969380,0.089003,-0.616335,-0.709398,-0.598391,-0.272444,-0.590017,0.656043,-0.265936,0.053890,0.002462,0.319074,0.994803,-0.112874,-0.354700,0.948153,0.995245,0.561865,0.595340,-0.185352,0.077805,-0.296378,0.237704,0.651479,-0.251868,0.070387,0.549940,-0.582274,0.220734,0.551516,-0.895704,-0.492578,-0.949485,-0.987174
0.000000,0.000000,0.000000,0.000000,0.000000,0.000000,0.000000,0.000000,0.000000,0.000000,0.000000,0.000000,0.000000,0.000000,0.000000,0.000000,0.000000,0.000000,0.000000,0.000000,0.000000,0.000000,0.000000,0.000000,0.000000,0.000000,0.000000,0.000000,0.000000,0.000000,0.000000,0.000000,0.000000,0.000000,0.000000,0.000000,0.000000,0.000000,0.000000,0.000000,0.000000,0.000000,0.000000,0.000000,0.000000,0.000000,0.000000,0.000000,0.000000,0.000000,0.000000,0.000000,0.000000,0.000000,0.000000,0.000000,0.000000,0.000000,0.000000,0.000000,0.000000,0.000000,0.000000,0.000000,0.000000,0.000000,0.000000,0.000000,0.000000,0.000000,0.000000,0.000000,0.000000,0.000000,0.000000,0.000000,0.000000,0.000000,0.000000,0.000000,0.000000,0.000000,0.000000,0.000000,0.000000,0.000000,0.000000,0.000000,0.000000,0.000000,0.000000,0.000000,0.000000,0.000000,0.000000,0.000000,0.000000,0.000000,0.000000,0.000000,0.000000,0.000000,0.000000,0.000000,0.000000,0.000000,0.000000,0.000000,0.000000,0.000000,0.000000,0.000000,0.000000,0.000000,0.000000,0.000000,0.000000,0.000000,0.000000,0.000000,0.000000,0.000000,0.000000,0.000000,0.000000,0.000000,0.000000,0.000000,0.000000,0.000000,0.000000,0.000000,0.000000,0.000000,0.000000,0.000000,0.000000,0.000000,0.000000,0.000000,0.000000,0.000000,0.000000,0.000000,0.000000,0.000000,0.000000,0.000000,0.000000,0.000000,0.000000,0.000000,0.000000,0.000000,0.000000,0.000000,0.000000,0.000000,0.000000,0.000000,0.000000,0.000000,0.000000,1.694043,0.401349,-0.233921,0.242175,-0.617027,0.672849,-0.274819,0.414415,-0.740116,0.636216,0.036120,0.940536,-0.189258,0.745999,-0.175801,-0.784215,0.375269,-0.634068,0.599705,-0.330272,0.512849,-0.037119,0.074010,0.469263,0.330112,0.328430,0.317890,0.170540,0.614355,-0.399960,-0.636872,0.470320,0.079657,0.801223,0.930171,0.734268,0.095118,0.508250,-0.331334,-0.970477,0.560940,0.562996,-0.983923,0.727194,0.762877,-0.358709,-0.965508,0.752041,-0.858964,-0.535591,0.085149,0.633069,0.563635,0.362353,0.657350,0.370863,0.275378,-0.664604,-0.120157,-0.097235,-0.963003,-0.188962,-0.545822,-0.820664,0.092642,-0.525977,-0.619243,0.573590,0.620186,0.321714,-0.620662,0.265387,0.426645,-0.533380,-0.734113,-0.132945,-0.151386,-0.693394,-0.616570,-0.000766,0.054845,0.075717,0.964067,-0.920784,0.572581,-0.296384,0.505815,0.470880,0.239691,0.262308,0.327193
0.000000,0.000000,0.000000,0.000000,0.000000,0.000000,0.000000,0.000000,0.000000,0.000000,0.000000,0.000000,0.000000,0.000000,0.000000,0.000000,0.000000,0.000000,0.000000,0.000000,0.000000,0.000000,0.000000,0.000000,0.000000,0.000000,0.000000,0.000000,0.000000,0.000000,0.000000,0.000000,0.000000,0.000000,0.000000,0.000000,0.000000,0.000000,0.000000,0.000000,0.000000,0.000000,0.000000,0.000000,0.000000,0.000000,0.000000,0.000000,0.000000,0.000000,0.000000,0.000000,0.000000,0.000000,0.000000,0.000000,0.000000,0.000000,0.000000,0.000000,0.000000,0.000000,0.000000,0.000000,0.000000,0.000000,0.000000,0.000000,0.000000,0.000000,0.000000,0.000000,0.000000,0.000000,0.000000,0.000000,0.000000,0.000000,0.000000,0.000000,0.000000,0.000000,0.000000,0.000000,0.000000,0.000000,0.000000,0.000000,0.000000,0.000000,0.000000,0.000000,0.000000,0.000000,0.000000,0.000000,0.000000,0.000000,0.000000,0.000000,0.000000,0.000000,0.000000,0.000000,0.000000,0.000000,0.000000,0.000000,0.000000,0.000000,0.000000,0.000000,0.000000,0.000000,0.000000,0.000000,0.000000,0.000000,0.000000,0.000000,0.000000,0.000000,0.000000,0.000000,0.000000,0.000000,0.000000,0.000000,0.000000,0.000000,0.000000,0.000000,0.000000,0.000000,0.000000,0.000000,0.000000,0.000000,0.000000,0.000000,0.000000,0.000000,0.000000,0.000000,0.000000,0.000000,0.000000,0.000000,0.000000,0.000000,0.000000,0.000000,0.000000,0.000000,0.000000,0.000000,0.000000,0.000000,0.000000,0.000000,0.000000,0.000000,0.000000,0.000000,2.369005,-0.736760,-0.278322,0.684017,0.095768,-0.726129,0.923297,0.975673,0.025354,0.066388,-0.415952,0.032324,0.937570,-0.490862,-0.390766,0.795002,-0.231209,0.945055,-0.300823,-0.990735,0.907452,-0.526023,0.388241,-0.905233,0.496506,-0.559862,0.600503,0.933200,-0.909547,-0.264016,0.431557,0.992871,-0.273911,0.989960,0.798370,0.438624,-0.236206,0.073830,0.440694,0.371458,-0.423200,0.114435,0.670050,-0.049849,0.132486,-0.344931,-0.679795,-0.868041,-0.187889,0.263540,0.520028,-0.831891,-0.363024,0.615811,-0.775489,0.986561,0.265377,0.880035,0.460562,0.927755,0.330666,-0.463847,0.600543,-0.547860,0.130012,-0.253918,0.598217,0.518980,0.727789,-0.506105,0.995113,0.610741,-0.226594,-0.744673,-0.301149,-0.787635,0.230744,-0.774155,-0.138975,0.335135,-0.093859,0.763301,-0.518015,0.047784,0.826362,-0.293600,-0.054581,0.865689,-0.001373,0.728482
0.000000,0.000000,0.000000,0.000000,0.000000,0.000000,0.000000,0.000000,0.000000,0.000000,0.000000,0.000000,0.000000,0.000000,0.000000,0.000000,0.000000,0.000000,0.000000,0.000000,0.000000,0.000000,0.000000,0.000000,0.000000,0.000000,0.000000,0.000000,0.000000,0.000000,0.000000,0.000000,0.000000,0.000000,0.000000,0.000000,0.000000,0.000000,0.000000,0.000000,0.000000,0.000000,0.000000,0.000000,0.000000,0.000000,0.000000,0.000000,0.000000,0.000000,0.000000,0.000000,0.000000,0.000000,0.000000,0.000000,0.000000,0.000000,0.000000,0.000000,0.000000,0.000000,0.000000,0.000000,0.000000,0.000000,0.000000,0.000000,0.000000,0.000000,0.000000,0.000000,0.000000,0.000000,0.000000,0.000000,0.000000,0.000000,0.000000,0.000000,0.000000,0.000000,0.000000,0.000000,0.000000,0.000000,0.000000,0.000000,0.000000,0.000000,0.000000,0.000000,0.000000,0.000000,0.000000,0.000000,0.000000,0.000000,0.000000,0.000000,0.000000,0.000000,0.000000,0.000000,0.000000,0.000000,0.000000,0.000000,0.000000,0.000000,0.000000,0.000000,0.000000,0.000000,0.000000,0.000000,0.000000,0.000000,0.000000,0.000000,0.000000,0.000000,0.000000,0.000000,0.000000,0.000000,0.000000,0.000000,0.000000,0.000000,0.000000,0.000000,0.000000,0.000000,0.000000,0.000000,0.000000,0.000000,0.000000,0.000000,0.000000,0.000000,0.000000,0.000000,0.000000,0.000000,0.000000,0.000000,0.000000,0.000000,0.000000,0.000000,0.000000,0.000000,0.000000,0.000000,0.000000,0.000000,0.000000,0.000000,0.000000,0.000000,0.000000,0.000000,0.000000,2.851151,-0.487795,0.571682,0.307510,0.973438,0.171142,0.585554,-0.308614,0.212783,0.557161,0.933827,-0.496318,-0.842210,0.952609,0.205283,-0.965498,0.039979,0.872087,0.968849,-0.348578,0.563818,-0.082603,-0.203980,0.516387,-0.460065,-0.147245,-0.506936,-0.714725,-0.241402,0.918457,-0.162238,0.366449,-0.429854,0.730714,0.249801,0.900908,-0.348096,0.076067,-0.617909,-0.728232,0.170719,0.606833,-0.600411,0.405833,0.343110,-0.034902,0.533824,0.187813,0.893000,0.527411,0.773187,-0.277264,0.621998,0.984048,-0.673070,0.022359,0.724672,-0.206747,0.016466,0.495255,0.649395,-0.600939,-0.217780,-0.210990,-0.694351,-0.817697,0.489388,0.703985,0.903837,0.912590,0.989368,-0.834014,-0.206405,-0.835688,0.355780,0.944783,-0.926633,0.052659,0.066527,-0.673450,0.666937,-0.210554,-0.159071,0.923917,-0.505233,-0.229064,0.540301,-0.040035,0.206840
0.000000,0.000000,0.000000,0.000000,0.000000,0.000000,0.000000,0.000000,0.000000,0.000000,0.000000,0.000000,0.000000,0.000000,0.000000,0.000000,0.000000,0.000000,0.000000,0.000000,0.000000,0.000000,0.000000,0.000000,0.000000,0.000000,0.000000,0.000000,0.000000,0.000000,0.000000,0.000000,0.000000,0.000000,0.000000,0.000000,0.000000,0.000000,0.000000,0.000000,0.000000,0.000000,0.000000,0.000000,0.000000,0.000000,0.000000,0.000000,0.000000,0.000000,0.000000,0.000000,0.000000,0.000000,0.000000,0.000000,0.000000,0.000000,0.000000,0.000000,0.000000,0.000000,0.000000,0.000000,0.000000,0.000000,0.000000,0.000000,0.000000,0.000000,0.000000,0.000000,0.000000,0.000000,0.000000,0.000000,0.000000,0.000000,0.000000,0.000000,0.000000,0.000000,0.000000,0.000000,0.000000,0.000000,0.000000,0.000000,0.000000,0.000000,0.000000,0.000000,0.000000,0.000000,0.000000,0.000000,0.000000,0.000000,0.000000,0.000000,0.000000,0.000000,0.000000,0.000000,0.000000,0.000000,0.000000,0.000000,0.000000,0.000000,0.000000,0.000000,0.000000,0.000000,0.000000,0.000000,0.000000,0.000000,0.000000,0.000000,0.000000,0.000000,0.000000,0.000000,0.000000,0.000000,0.000000,0.000000,0.000000,0.000000,0.000000,0.000000,0.000000,0.000000,0.000000,0.000000,0.000000,0.000000,0.000000,0.000000,0.000000,0.000000,0.000000,0.000000,0.000000,0.000000,0.000000,0.000000,0.000000,0.000000,0.000000,0.000000,0.000000,0.000000,0.000000,0.000000,0.000000,0.000000,0.000000,0.000000,0.000000,0.000000,0.000000,0.000000,0.000000,0.000000,1.694533,-0.433349,-0.674546,0.700268,-0.449575,0.994735,-0.979871,0.763895,0.894737,-0.882590,0.255147,0.565358,0.230727,0.760238,-0.735039,0.897514,0.101017,-0.311254,0.050369,-0.321370,-0.089114,-0.687077,0.689295,-0.220761,-0.065977,0.819152,0.814004,0.576164,-0.939969,0.812753,-0.622528,-0.123416,0.805982,-0.809912,-0.733794,0.152115,-0.064570,-0.220647,0.619327,0.789359,0.982857,-0.754077,0.352492,0.742686,-0.518965,-0.039929,-0.985664,-0.730775,-0.748871,0.415126,0.244498,-0.922606,0.191389,-0.863714,-0.595600,0.802725,-0.105473,0.562693,-0.371377,-0.778451,0.776383,-0.672346,-0.300717,0.402469,0.183607,0.855980,0.975341,-0.706738,-0.546826,0.278326,-0.706537,0.084438,-0.254342,0.776260,0.836190,-0.482340,-0.808664,0.982160,-0.700209,-0.653130,-0.495653,-0.318292,-0.704442,-0.355538,-0.955952,0.601967,-0.472896,0.635569
0.000000,0.000000,0.000000,0.000000,0.000000,0.000000,0.000000,0.000000,0.000000,0.000000,0.000000,0.000000,0.000000,0.000000,0.000000,0.000000,0.000000,0.000000,0.000000,0.000000,0.000000,0.000000,0.000000,0.000000,0.000000,0.000000,0.000000,0.000000,0.000000,0.000000,0.000000,0.000000,0.000000,0.000000,0.000000,0.000000,0.000000,0.000000,0.000000,0.000000,0.000000,0.000000,0.000000,0.000000,0.000000,0.000000,0.000000,0.000000,0.000000,0.000000,0.000000,0.000000,0.000000,0.000000,0.000000,0.000000,0.000000,0.000000,0.000000,0.000000,0.000000,0.000000,0.000000,0.000000,0.000000,0.000000,0.000000,0.000000,0.000000,0.000000,0.000000,0.000000,0.000000,0.000000,0.000000,0.000000,0.000000,0.000000,0.000000,0.000000,0.000000,0.000000,0.000000,0.000000,0.000000,0.000000,0.000000,0.000000,0.000000,0.000000,0.000000,0.000000,0.000000,0.000000,0.000000,0.000000,0.000000,0.000000,0.000000,0.000000,0.000000,0.000000,0.000000,0.000000,0.000000,0.000000,0.000000,0.000000,0.000000,0.000000,0.000000,0.000000,0.000000,0.000000,0.000000,0.000000,0.000000,0.000000,0.000000,0.000000,0.000000,0.000000,0.000000,0.000000,0.000000,0.000000,0.000000,0.000000,0.000000,0.000000,0.000000,0.000000,0.000000,0.000000,0.000000,0.000000,0.000000,0.000000,0.000000,0.000000,0.000000,0.000000,0.000000,0.000000,0.000000,0.000000,0.000000,0.000000,0.000000,0.000000,0.000000,0.000000,0.000000,0.000000,0.000000,0.000000,0.000000,0.000000,0.000000,0.000000,0.000000,0.000000,0.000000,0.000000,0.000000,0.000000,0.000000,2.117304,-0.038908,0.944586,-0.226660,-0.643224,0.154879,-0.719701,-0.446368,0.815478,0.784317,-0.068550,-0.043458,0.133567,-0.831639,-0.493688,0.159971,-0.357668,-0.573218,0.294722,0.132872,-0.345854,0.874783,0.555379,0.192283,-0.581069,0.296193,0.375477,0.162533,0.275921,-0.675543,-0.330014,0.781490,-0.725776,0.179382,0.795311,-0.971688,0.934243,0.766684,0.430131,0.418269,0.735446,-0.658015,0.399869,-0.313113,0.751278,0.066662,0.531633,-0.665948,-0.515921,0.676336,-0.209531,0.055649,0.451072,-0.660627,-0.394952,-0.348703,0.833357,-0.724823,-0.257363,0.918633,0.669740,0.340929,0.097864,0.677461,0.892793,0.848143,0.278248,0.455755,0.550613,0.618695,0.466143,-0.640102,0.519161,-0.219245,-0.600403,-0.794935,-0.519372,0.015500,-0.506242,0.331820,0.928786,-0.911907,-0.738693,-0.505437,0.608723,-0.457459,-0.616944
0.000000,0.000000,0.000000,0.000000,0.000000,0.000000,0.000000,0.000000,0.000000,0.000000,0.000000,0.000000,0.000000,0.000000,0.000000,0.000000,0.000000,0.000000,0.000000,0.000000,0.000000,0.000000,0.000000,0.000000,0.000000,0.000000,0.000000,0.000000,0.000000,0.000000,0.000000,0.000000,0.000000,0.000000,0.000000,0.000000,0.000000,0.000000,0.000000,0.000000,0.000000,0.000000,0.000000,0.000000,0.000000,0.000000,0.000000,0.000000,0.000000,0.000000,0.000000,0.000000,0.000000,0.000000,0.000000,0.000000,0.000000,0.000000,0.000000,0.000000,0.000000,0.000000,0.000000,0.000000,0.000000,0.000000,0.000000,0.000000,0.000000,0.000000,0.000000,0.000000,0.000000,0.000000,0.000000,0.000000,0.000000,0.000000,0.000000,0.000000,0.000000,0.000000,0.000000,0.000000,0.000000,0.000000,0.000000,0.000000,0.000000,0.000000,0.000000,0.000000,0.000000,0.000000,0.000000,0.000000,0.000000,0.000000,0.000000,0.000000,0.000000,0.000000,0.000000,0.000000,0.000000,0.000000,0.000000,0.000000,0.000000,0.000000,0.000000,0.000000,0.000000,0.000000,0.000000,0.000000,0.000000,0.000000,0.000000,0.000000,0.000000,0.000000,0.000000,0.000000,0.000000,0.000000,0.000000,0.000000,0.000000,0.000000,0.000000,0.000000,0.000000,0.000000,0.000000,0.000000,0.000000,0.000000,0.000000,0.000000,0.000000,0.000000,0.000000,0.000000,0.000000,0.000000,0.000000,0.000000,0.000000,0.000000,0.000000,0.000000,0.000000,0.000000,0.000000,0.000000,0.000000,0.000000,0.000000,0.000000,0.000000,0.000000,0.000000,0.000000,0.000000,0.000000,0.000000,0.000000,0.882166,-0.700164,0.439638,0.416245,-0.377737,-0.101116,0.256382,0.950118,0.486293,0.606058,0.955459,-0.237806,-0.861800,0.493799,-0.757807,-0.122809,0.476747,0.116709,-0.265709,0.028705,-0.509549,-0.851723,-0.175025,-0.883371,0.959314,-0.104728,0.764736,0.903576,-0.101259,-0.159284,0.786850,-0.930636,-0.025593,-0.462771,0.505517,0.673446,0.240004,-0.186131,0.110000,0.148285,0.270268,0.844386,-0.501754,-0.596857,-0.619549,0.394505,0.809778,-0.346421,-0.158652,0.936375,-0.709439,0.759110,0.918570,0.599010,-0.327188,0.307162,-0.417160,-0.758327,-0.785254,-0.981313,0.956713,0.310162,-0.357526,0.158157,0.238148,-0.634142,-0.422264,0.094556,0.679589,-0.740823,0.716671,0.217972,-0.020681,-0.712119,0.099808,-0.292737,-0.622066,0.759947,-0.078855,-0.840488,-0.395723,-0.636990,0.878490,-0.513876,0.012793,0.491045
0.000000,0.000000,0.000000,0.000000,0.000000,0.000000,0.000000,0.000000,0.000000,0.000000,0.000000,0.000000,0.000000,0.000000,0.000000,0.000000,0.000000,0.000000,0.000000,0.000000,0.000000,0.000000,0.000000,0.000000,0.000000,0.000000,0.000000,0.000000,0.000000,0.000000,0.000000,0.000000,0.000000,0.000000,0.000000,0.000000,0.000000,0.000000,0.000000,0.000000,0.000000,0.000000,0.000000,0.000000,0.000000,0.000000,0.000000,0.000000,0.000000,0.000000,0.000000,0.000000,0.000000,0.000000,0.000000,0.000000,0.000000,0.000000,0.000000,0.000000,0.000000,0.000000,0.000000,0.000000,0.000000,0.000000,0.000000,0.000000,0.000000,0.000000,0.000000,0.000000,0.000000,0.000000,0.000000,0.000000,0.000000,0.000000,0.000000,0.000000,0.000000,0.000000,0.000000,0.000000,0.000000,0.000000,0.000000,0.000000,0.000000,0.000000,0.000000,0.000000,0.000000,0.000000,0.000000,0.000000,0.000000,0.000000,0.000000,0.000000,0.000000,0.000000,0.000000,0.000000,0.000000,0.000000,0.000000,0.000000,0.000000,0.000000,0.000000,0.000000,0.000000,0.000000,0.000000,0.000000,0.000000,0.000000,0.000000,0.000000,0.000000,0.000000,0.000000,0.000000,0.000000,0.000000,0.000000,0.000000,0.000000,0.000000,0.000000,0.000000,0.000000,0.000000,0.000000,0.000000,0.000000,0.000000,0.000000,0.000000,0.000000,0.000000,0.000000,0.000000,0.000000,0.000000,0.000000,0.000000,0.000000,0.000000,0.000000,0.000000,0.000000,0.000000,0.000000,0.000000,0.000000,0.000000,0.000000,0.000000,0.000000,0.000000,0.000000,0.000000,0.000000,0.000000,0.000000,0.000000,0.000000,0.896277,-0.125025,0.306563,0.763907,0.308206,-0.839832,-0.356877,-0.298136,-0.223453,0.883237,-0.928593,-0.395653,-0.015088,-0.827208,-0.032924,-0.785742,0.675564,-0.459831,0.046022,0.236636,-0.388549,-0.297371,0.021032,0.610869,-0.094616,-0.018208,0.191730,-0.149577,0.452157,-0.990185,-0.033961,0.846032,0.231808,-0.027201,0.544050,-0.213999,-0.065509,-0.609681,-0.751592,-0.948955,0.463018,-0.063620,0.878706,-0.646368,-0.512033,0.277452,-0.890805,0.006827,-0.752837,-0.677205,0.024200,0.138142,-0.575931,-0.457523,-0.431785,-0.716380,0.931442,0.384400,-0.778316,-0.285680,-0.654794,-0.531228,0.878956,-0.726494,0.759623,0.683670,0.487337,-0.006556,-0.483265,0.661960,0.668150,0.050632,-0.904773,-0.614078,-0.887833,-0.640324,0.016843,0.708347,0.306474,0.201806,0.495907,0.279823,-0.113145,0.630727,-0.379631
0.000000,0.000000,0.000000,0.000000,0.000000,0.000000,0.000000,0.000000,0.000000,0.000000,0.000000,0.000000,0.000000,0.000000,0.000000,0.000000,0.000000,0.000000,0.000000,0.000000,0.000000,0.000000,0.000000,0.000000,0.000000,0.000000,0.000000,0.000000,0.000000,0.000000,0.000000,0.000000,0.000000,0.000000,0.000000,0.000000,0.000000,0.000000,0.000000,0.000000,0.000000,0.000000,0.000000,0.000000,0.000000,0.000000,0.000000,0.000000,0.000000,0.000000,0.000000,0.000000,0.000000,0.000000,0.000000,0.000000,0.000000,0.000000,0.000000,0.000000,0.000000,0.000000,0.000000,0.000000,0.000000,0.000000,0.000000,0.000000,0.000000,0.000000,0.000000,0.000000,0.000000,0.000000,0.000000,0.000000,0.000000,0.000000,0.000000,0.000000,0.000000,0.000000,0.000000,0.000000,0.000000,0.000000,0.000000,0.000000,0.000000,0.000000,0.000000,0.000000,0.000000,0.000000,0.000000,0.000000,0.000000,0.000000,0.000000,0.000000,0.000000,0.000000,0.000000,0.000000,0.000000,0.000000,0.000000,0.000000,0.000000,0.000000,0.000000,0.000000,0.000000,0.000000,0.000000,0.000000,0.000000,0.000000,0.000000,0.000000,0.000000,0.000000,0.000000,0.000000,0.000000,0.000000,0.000000,0.000000,0.000000,0.000000,0.000000,0.000000,0.000000,0.000000,0.000000,0.000000,0.000000,0.000000,0.000000,0.000000,0.000000,0.000000,0.000000,0.000000,0.000000,0.000000,0.000000,0.000000,0.000000,0.000000,0.000000,0.000000,0.000000,0.000000,0.000000,0.000000,0.000000,0.000000,0.000000,0.000000,0.000000,0.000000,0.000000,0.000000,0.000000,0.000000,0.000000,0.000000,0.000000,0.000000,2.820287,-0.767619,0.275360,0.001033,-0.148477,-0.140567,-0.915585,0.503028,-0.295306,-0.046727,0.695188,0.154217,0.702873,-0.725841,-0.436365,-0.544135,0.772669,0.563114,0.668202,0.137367,-0.558502,-0.246003,0.100602,-0.962043,0.279285,0.709739,-0.348729,0.359579,-0.032873,-0.992045,-0.432016,0.055721,0.449817,-0.195932,-0.627509,-0.877901,0.429384,-0.269917,0.294208,-0.556496,0.509371,-0.311228,-0.895263,0.020467,0.462893,0.864994,0.941716,-0.087161,0.223747,0.114442,0.067083,-0.770922,0.341730,0.930540,-0.746394,-0.376291,-0.845900,-0.194434,-0.036656,-0.283964,-0.046836,0.605934,-0.572153,0.515943,0.586576,0.162266,-0.369358,0.873002,-0.272193,-0.900158,-0.727824,0.783180,-0.700047,-0.105212,0.383943,0.147289,0.306743,-0.302371,0.324472,-0.981829,-0.473500,-0.752800,-0.089474,-0.708354
0.000000,0.000000,0.000000,0.000000,0.000000,0.000000,0.000000,0.000000,0.000000,0.000000,0.000000,0.000000,0.000000,0.000000,0.000000,0.000000,0.000000,0.000000,0.000000,0.000000,0.000000,0.000000,0.000000,0.000000,0.000000,0.000000,0.000000,0.000000,0.000000,0.000000,0.000000,0.000000,0.000000,0.000000,0.000000,0.000000,0.000000,0.000000,0.000000,0.000000,0.000000,0.000000,0.000000,0.000000,0.000000,0.000000,0.000000,0.000000,0.000000,0.000000,0.000000,0.000000,0.000000,0.000000,0.000000,0.000000,0.000000,0.000000,0.000000,0.000000,0.000000,0.000000,0.000000,0.000000,0.000000,0.000000,0.000000,0.000000,0.000000,0.000000,0.000000,0.000000,0.000000,0.000000,0.000000,0.000000,0.000000,0.000000,0.000000,0.000000,0.000000,0.000000,0.000000,0.000000,0.000000,0.000000,0.000000,0.000000,0.000000,0.000000,0.000000,0.000000,0.000000,0.000000,0.000000,0.000000,0.000000,0.000000,0.000000,0.000000,0.000000,0.000000,0.000000,0.000000,0.000000,0.000000,0.000000,0.000000,0.000000,0.000000,0.000000,0.000000,0.000000,0.000000,0.000000,0.000000,0.000000,0.000000,0.000000,0.000000,0.000000,0.000000,0.000000,0.000000,0.000000,0.000000,0.000000,0.000000,0.000000,0.000000,0.000000,0.000000,0.000000,0.000000,0.000000,0.000000,0.000000,0.000000,0.000000,0.000000,0.000000,0.000000,0.000000,0.000000,0.000000,0.000000,0.000000,0.000000,0.000000,0.000000,0.000000,0.000000,0.000000,0.000000,0.000000,0.000000,0.000000,0.000000,0.000000,0.000000,0.000000,0.000000,0.000000,0.000000,0.000000,0.000000,0.000000,0.000000,0.000000,0.000000,0.000000,1.868428,-0.638670,-0.171471,-0.851557,-0.120039,0.615967,-0.366197,0.412633,-0.148028,-0.531576,-0.393043,-0.394843,0.484758,-0.598128,0.955543,0.374969,-0.197691,0.996008,-0.567657,0.525822,-0.458126,0.087129,-0.891157,0.692918,-0.267696,0.168973,0.854568,-0.939507,0.936035,0.050359,0.561493,-0.053910,0.631816,0.761118,-0.236652,0.445264,0.997236,0.514263,0.913760,0.473234,-0.340226,0.654303,0.332682,-0.933864,-0.655132,-0.477454,0.487128,0.594265,0.653771,-0.865571,-0.855687,-0.401114,0.362487,0.684370,0.738751,-0.584969,0.534831,0.281550,0.853460,0.545722,0.057243,0.566389,-0.383445,0.572290,0.562337,0.710417,-0.515208,0.698002,-0.661900,0.543799,0.859835,-0.928404,0.252025,0.319183,0.630286,-0.794353,0.818861,0.987574,0.344211,-0.140134,0.270031,-0.890588,0.506068
0.000000,0.000000,0.000000,0.000000,0.000000,0.000000,0.000000,0.000000,0.000000,0.000000,0.000000,0.000000,0.000000,0.000000,0.000000,0.000000,0.000000,0.000000,0.000000,0.000000,0.000000,0.000000,0.000000,0.000000,0.000000,0.000000,0.000000,0.000000,0.000000,0.000000,0.000000,0.000000,0.000000,0.000000,0.000000,0.000000,0.000000,0.000000,0.000000,0.000000,0.000000,0.000000,0.000000,0.000000,0.000000,0.000000,0.000000,0.000000,0.000000,0.000000,0.000000,0.000000,0.000000,0.000000,0.000000,0.000000,0.000000,0.000000,0.000000,0.000000,0.000000,0.000000,0.000000,0.000000,0.000000,0.000000,0.000000,0.000000,0.000000,0.000000,0.000000,0.000000,0.000000,0.000000,0.000000,0.000000,0.000000,0.000000,0.000000,0.000000,0.000000,0.000000,0.000000,0.000000,0.000000,0.000000,0.000000,0.000000,0.000000,0.000000,0.000000,0.000000,0.000000,0.000000,0.000000,0.000000,0.000000,0.000000,0.000000,0.000000,0.000000,0.000000,0.000000,0.000000,0.000000,0.000000,0.000000,0.000000,0.000000,0.000000,0.000000,0.000000,0.000000,0.000000,0.000000,0.000000,0.000000,0.000000,0.000000,0.000000,0.000000,0.000000,0.000000,0.000000,0.000000,0.000000,0.000000,0.000000,0.000000,0.000000,0.000000,0.000000,0.000000,0.000000,0.000000,0.000000,0.000000,0.000000,0.000000,0.000000,0.000000,0.000000,0.000000,0.000000,0.000000,0.000000,0.000000,0.000000,0.000000,0.000000,0.000000,0.000000,0.000000,0.000000,0.000000,0.000000,0.000000,0.000000,0.000000,0.000000,0.000000,0.000000,0.000000,0.000000,0.000000,0.000000,0.000000,0.000000,0.000000,0.000000,0.000000,0.000000,0.674916,-0.354818,-0.721203,0.452083,0.188857,0.398408,-0.870868,-0.259187,-0.187661,0.204797,-0.795339,0.294474,-0.210603,0.811840,-0.100382,-0.795857,-0.793196,-0.491409,-0.520377,0.593372,0.444777,-0.846655,0.702868,-0.807740,0.571256,-0.776766,-0.247283,0.501861,-0.492730,-0.773340,0.574391,0.381951,0.782536,0.283105,-0.852099,0.277269,0.645014,-0.832643,-0.728613,0.355135,0.582661,-0.293698,0.470523,-0.665264,-0.111989,0.495948,-0.602028,-0.302207,0.258132,-0.308010,0.748317,0.913452,0.284579,0.564800,0.813393,0.403719,0.546628,-0.839562,0.647525,-0.450871,-0.858391,0.178943,-0.546426,-0.840306,0.219123,-0.802895,0.774455,0.938545,0.476385,-0.424674,0.125082,-0.937229,0.242799,-0.472318,-0.089951,-0.642264,0.973103,-0.585151,-0.166130,-0.490799,0.083175,0.810684
0.000000,0.000000,0.000000,0.000000,0.000000,0.000000,0.000000,0.000000,0.000000,0.000000,0.000000,0.000000,0.000000,0.000000,0.000000,0.000000,0.000000,0.000000,0.000000,0.000000,0.000000,0.000000,0.000000,0.000000,0.000000,0.000000,0.000000,0.000000,0.000000,0.000000,0.000000,0.000000,0.000000,0.000000,0.000000,0.000000,0.000000,0.000000,0.000000,0.000000,0.000000,0.000000,0.000000,0.000000,0.000000,0.000000,0.000000,0.000000,0.000000,0.000000,0.000000,0.000000,0.000000,0.000000,0.000000,0.000000,0.000000,0.000000,0.000000,0.000000,0.000000,0.000000,0.000000,0.000000,0.000000,0.000000,0.000000,0.000000,0.000000,0.000000,0.000000,0.000000,0.000000,0.000000,0.000000,0.000000,0.000000,0.000000,0.000000,0.000000,0.000000,0.000000,0.000000,0.000000,0.000000,0.000000,0.000000,0.000000,0.000000,0.000000,0.000000,0.000000,0.000000,0.000000,0.000000,0.000000,0.000000,0.000000,0.000000,0.000000,0.000000,0.000000,0.000000,0.000000,0.000000,0.000000,0.000000,0.000000,0.000000,0.000000,0.000000,0.000000,0.000000,0.000000,0.000000,0.000000,0.000000,0.000000,0.000000,0.000000,0.000000,0.000000,0.000000,0.000000,0.000000,0.000000,0.000000,0.000000,0.000000,0.000000,0.000000,0.000000,0.000000,0.000000,0.000000,0.000000,0.000000,0.000000,0.000000,0.000000,0.000000,0.000000,0.000000,0.000000,0.000000,0.000000,0.000000,0.000000,0.000000,0.000000,0.000000,0.000000,0.000000,0.000000,0.000000,0.000000,0.000000,0.000000,0.000000,0.000000,0.000000,0.000000,0.000000,0.000000,0.000000,0.000000,0.000000,0.000000,0.000000,0.000000,0.000000,0.000000,0.000000,0.908471,-0.718374,-0.851870,0.178703,0.204154,0.642781,0.671923,-0.796115,0.821051,0.658766,0.294494,-0.305880,0.491172,0.241347,-0.293907,-0.973489,0.184922,0.152982,-0.690844,0.812652,-0.681447,-0.425808,-0.256024,0.365931,-0.836720,0.404749,-0.171044,-0.634107,-0.775839,-0.175328,-0.108034,-0.725397,-0.035068,0.004877,0.962021,0.426609,-0.975662,-0.046264,-0.956820,0.022426,-0.324126,0.807014,-0.013422,0.699809,0.167745,-0.206974,-0.540586,-0.633686,0.589093,0.765973,-0.351830,-0.010775,-0.424997,-0.089411,0.738983,-0.724051,-0.417028,0.390543,-0.378748,-0.837688,-0.251189,0.352784,0.968010,0.784286,0.123756,0.554666,0.142776,-0.012206,-0.658735,-0.415661,-0.095786,0.971207,0.217125,0.889757,-0.482634,-0.862057,0.956750,-0.340751,0.070612,-0.857714,0.720783
0.000000,0.000000,0.000000,0.000000,0.000000,0.000000,0.000000,0.000000,0.000000,0.000000,0.000000,0.000000,0.000000,0.000000,0.000000,0.000000,0.000000,0.000000,0.000000,0.000000,0.000000,0.000000,0.000000,0.000000,0.000000,0.000000,0.000000,0.000000,0.000000,0.000000,0.000000,0.000000,0.000000,0.000000,0.000000,0.000000,0.000000,0.000000,0.000000,0.000000,0.000000,0.000000,0.000000,0.000000,0.000000,0.000000,0.000000,0.000000,0.000000,0.000000,0.000000,0.000000,0.000000,0.000000,0.000000,0.000000,0.000000,0.000000,0.000000,0.000000,0.000000,0.000000,0.000000,0.000000,0.000000,0.000000,0.000000,0.000000,0.000000,0.000000,0.000000,0.000000,0.000000,0.000000,0.000000,0.000000,0.000000,0.000000,0.000000,0.000000,0.000000,0.000000,0.000000,0.000000,0.000000,0.000000,0.000000,0.000000,0.000000,0.000000,0.000000,0.000000,0.000000,0.000000,0.000000,0.000000,0.000000,0.000000,0.000000,0.000000,0.000000,0.000000,0.000000,0.000000,0.000000,0.000000,0.000000,0.000000,0.000000,0.000000,0.000000,0.000000,0.000000,0.000000,0.000000,0.000000,0.000000,0.000000,0.000000,0.000000,0.000000,0.000000,0.000000,0.000000,0.000000,0.000000,0.000000,0.000000,0.000000,0.000000,0.000000,0.000000,0.000000,0.000000,0.000000,0.000000,0.000000,0.000000,0.000000,0.000000,0.000000,0.000000,0.000000,0.000000,0.000000,0.000000,0.000000,0.000000,0.000000,0.000000,0.000000,0.000000,0.000000,0.000000,0.000000,0.000000,0.000000,0.000000,0.000000,0.000000,0.000000,0.000000,0.000000,0.000000,0.000000,0.000000,0.000000,0.000000,0.000000,0.000000,0.000000,0.000000,0.000000,0.000000,0.501700,0.812024,-0.669258,-0.633043,0.651599,-0.227539,-0.487964,0.192882,-0.491177,-0.426905,-0.908899,0.078823,-0.741162,0.674243,0.502040,-0.429081,0.067557,0.154754,0.332903,-0.162158,0.305064,-0.661221,-0.057963,-0.811987,0.882140,-0.197181,0.234883,-0.020367,-0.946365,-0.874573,-0.470888,0.349870,0.282869,-0.624110,-0.022774,-0.265878,0.137089,-0.330627,0.792396,-0.055163,-0.146844,0.406653,0.561375,-0.124895,-0.782080,-0.829822,-0.346251,0.465165,0.307278,-0.424529,-0.991213,0.285345,0.128801,0.544978,0.372332,-0.506199,0.465799,-0.027238,0.149554,-0.286014,0.581179,-0.607825,-0.590921,-0.525148,0.579104,0.456208,-0.460825,-0.712231,-0.943621,0.367649,0.077746,0.404629,0.416510,0.689552,-0.168067,0.654548,-0.128465,0.415643,0.102284,0.842849
0.000000,0.000000,0.000000,0.000000,0.000000,0.000000,0.000000,0.000000,0.000000,0.000000,0.000000,0.000000,0.000000,0.000000,0.000000,0.000000,0.000000,0.000000,0.000000,0.000000,0.000000,0.000000,0.000000,0.000000,0.000000,0.000000,0.000000,0.000000,0.000000,0.000000,0.000000,0.000000,0.000000,0.000000,0.000000,0.000000,0.000000,0.000000,0.000000,0.000000,0.000000,0.000000,0.000000,0.000000,0.000000,0.000000,0.000000,0.000000,0.000000,0.000000,0.000000,0.000000,0.000000,0.000000,0.000000,0.000000,0.000000,0.000000,0.000000,0.000000,0.000000,0.000000,0.000000,0.000000,0.000000,0.000000,0.000000,0.000000,0.000000,0.000000,0.000000,0.000000,0.000000,0.000000,0.000000,0.000000,0.000000,0.000000,0.000000,0.000000,0.000000,0.000000,0.000000,0.000000,0.000000,0.000000,0.000000,0.000000,0.000000,0.000000,0.000000,0.000000,0.000000,0.000000,0.000000,0.000000,0.000000,0.000000,0.000000,0.000000,0.000000,0.000000,0.000000,0.000000,0.000000,0.000000,0.000000,0.000000,0.000000,0.000000,0.000000,0.000000,0.000000,0.000000,0.000000,0.000000,0.000000,0.000000,0.000000,0.000000,0.000000,0.000000,0.000000,0.000000,0.000000,0.000000,0.000000,0.000000,0.000000,0.000000,0.000000,0.000000,0.000000,0.000000,0.000000,0.000000,0.000000,0.000000,0.000000,0.000000,0.000000,0.000000,0.000000,0.000000,0.000000,0.000000,0.000000,0.000000,0.000000,0.000000,0.000000,0.000000,0.000000,0.000000,0.000000,0.000000,0.000000,0.000000,0.000000,0.000000,0.000000,0.000000,0.000000,0.000000,0.000000,0.000000,0.000000,0.000000,0.000000,0.000000,0.000000,0.000000,0.000000,0.000000,0.000000,1.425321,0.379654,0.196190,0.997365,-0.845476,0.196218,-0.535114,0.768372,0.588998,0.323679,-0.039303,0.362583,0.108675,-0.425402,0.638844,0.025152,-0.485762,0.328701,-0.962716,0.440179,-0.059330,0.268628,-0.685565,0.436504,0.446552,0.483181,-0.065600,0.281013,0.098510,-0.533840,-0.953954,-0.172846,0.629834,-0.355525,0.498004,0.279331,-0.293472,-0.998849,-0.137988,-0.214300,-0.722515,0.637455,0.910965,-0.757514,-0.538118,0.264994,0.901724,0.867999,0.862688,-0.119710,0.971806,-0.270673,-0.826601,0.408878,0.112369,0.598893,0.242216,0.641294,-0.312217,-0.424126,0.514493,-0.004563,-0.641209,-0.249962,0.601315,0.847844,0.520645,0.436251,0.623296,-0.598939,0.159162,0.188371,0.891866,-0.969391,0.941046,0.452148,-0.955123,0.037625,-0.860431
0.000000,0.000000,0.000000,0.000000,0.000000,0.000000,0.000000,0.000000,0.000000,0.000000,0.000000,0.000000,0.000000,0.000000,0.000000,0.000000,0.000000,0.000000,0.000000,0.000000,0.000000,0.000000,0.000000,0.000000,0.000000,0.000000,0.000000,0.000000,0.000000,0.000000,0.000000,0.000000,0.000000,0.000000,0.000000,0.000000,0.000000,0.000000,0.000000,0.000000,0.000000,0.000000,0.000000,0.000000,0.000000,0.000000,0.000000,0.000000,0.000000,0.000000,0.000000,0.000000,0.000000,0.000000,0.000000,0.000000,0.000000,0.000000,0.000000,0.000000,0.000000,0.000000,0.000000,0.000000,0.000000,0.000000,0.000000,0.000000,0.000000,0.000000,0.000000,0.000000,0.000000,0.000000,0.000000,0.000000,0.000000,0.000000,0.000000,0.000000,0.000000,0.000000,0.000000,0.000000,0.000000,0.000000,0.000000,0.000000,0.000000,0.000000,0.000000,0.000000,0.000000,0.000000,0.000000,0.000000,0.000000,0.000000,0.000000,0.000000,0.000000,0.000000,0.000000,0.000000,0.000000,0.000000,0.000000,0.000000,0.000000,0.000000,0.000000,0.000000,0.000000,0.000000,0.000000,0.000000,0.000000,0.000000,0.000000,0.000000,0.000000,0.000000,0.000000,0.000000,0.000000,0.000000,0.000000,0.000000,0.000000,0.000000,0.000000,0.000000,0.000000,0.000000,0.000000,0.000000,0.000000,0.000000,0.000000,0.000000,0.000000,0.000000,0.000000,0.000000,0.000000,0.000000,0.000000,0.000000,0.000000,0.000000,0.000000,0.000000,0.000000,0.000000,0.000000,0.000000,0.000000,0.000000,0.000000,0.000000,0.000000,0.000000,0.000000,0.000000,0.000000,0.000000,0.000000,0.000000,0.000000,0.000000,0.000000,0.000000,0.000000,0.000000,0.000000,0.000000,2.008487,-0.096786,0.544853,0.158858,0.572761,-0.262428,0.713774,0.732612,0.310877,-0.472565,0.982862,0.635467,0.703303,-0.976898,0.652289,-0.564479,0.016512,0.408571,-0.179416,-0.512753,0.000364,-0.400468,0.230641,-0.780586,-0.183365,0.183205,0.981043,-0.009084,-0.148228,0.978425,0.850770,0.345934,0.089547,-0.458209,0.247706,0.667947,0.963173,-0.658058,-0.451887,0.768852,0.721930,0.433318,-0.792537,0.412511,-0.061882,-0.257498,-0.498627,-0.364039,0.071586,-0.676100,0.018611,-0.903593,-0.178726,0.920053,0.477950,-0.862796,0.375672,-0.607774,-0.051671,-0.411663,0.868322,-0.891120,0.761916,0.402757,-0.274422,0.759285,-0.187394,0.396740,0.575731,-0.427218,-0.855488,0.736252,-0.537425,0.863614,-0.369921,-0.170208,-0.139380,-0.064222
0.000000,0.000000,0.000000,0.000000,0.000000,0.000000,0.000000,0.000000,0.000000,0.000000,0.000000,0.000000,0.000000,0.000000,0.000000,0.000000,0.000000,0.000000,0.000000,0.000000,0.000000,0.000000,0.000000,0.000000,0.000000,0.000000,0.000000,0.000000,0.000000,0.000000,0.000000,0.000000,0.000000,0.000000,0.000000,0.000000,0.000000,0.000000,0.000000,0.000000,0.000000,0.000000,0.000000,0.000000,0.000000,0.000000,0.000000,0.000000,0.000000,0.000000,0.000000,0.000000,0.000000,0.000000,0.000000,0.000000,0.000000,0.000000,0.000000,0.000000,0.000000,0.000000,0.000000,0.000000,0.000000,0.000000,0.000000,0.000000,0.000000,0.000000,0.000000,0.000000,0.000000,0.000000,0.000000,0.000000,0.000000,0.000000,0.000000,0.000000,0.000000,0.000000,0.000000,0.000000,0.000000,0.000000,0.000000,0.000000,0.000000,0.000000,0.000000,0.000000,0.000000,0.000000,0.000000,0.000000,0.000000,0.000000,0.000000,0.000000,0.000000,0.000000,0.000000,0.000000,0.000000,0.000000,0.000000,0.000000,0.000000,0.000000,0.000000,0.000000,0.000000,0.000000,0.000000,0.000000,0.000000,0.000000,0.000000,0.000000,0.000000,0.000000,0.000000,0.000000,0.000000,0.000000,0.000000,0.000000,0.000000,0.000000,0.000000,0.000000,0.000000,0.000000,0.000000,0.000000,0.000000,0.000000,0.000000,0.000000,0.000000,0.000000,0.000000,0.000000,0.000000,0.000000,0.000000,0.000000,0.000000,0.000000,0.000000,0.000000,0.000000,0.000000,0.000000,0.000000,0.000000,0.000000,0.000000,0.000000,0.000000,0.000000,0.000000,0.000000,0.000000,0.000000,0.000000,0.000000,0.000000,0.000000,0.000000,0.000000,0.000000,0.000000,0.000000,0.000000,0.000000,2.906906,-0.509826,0.216548,-0.411738,-0.738140,-0.422456,0.104808,0.213980,-0.472557,0.974629,-0.274515,0.664076,-0.929932,0.390436,-0.393075,0.073778,0.673207,0.449689,-0.280733,0.464959,-0.172005,-0.873027,0.331170,0.873632,-0.832695,0.375251,0.679468,0.193265,-0.029196,-0.525576,-0.612297,-0.207407,0.282576,-0.370656,-0.023188,0.199979,-0.580041,0.482791,0.257298,0.183668,-0.043777,-0.270389,0.097627,0.531463,0.412021,0.475423,-0.581165,0.559369,-0.329176,-0.533836,-0.756898,0.660655,0.246395,0.682612,0.122832,0.720561,0.113142,0.291689,-0.887279,0.339317,0.195423,-0.515848,-0.774532,-0.305630,-0.879635,0.201659,0.091886,0.835631,0.035123,0.459461,0.327970,0.399328,-0.372696,-0.169300,-0.760461,0.300944,-0.395124
0.000000,0.000000,0.000000,0.000000,0.000000,0.000000,0.000000,0.000000,0.000000,0.000000,0.000000,0.000000,0.000000,0.000000,0.000000,0.000000,0.000000,0.000000,0.000000,0.000000,0.000000,0.000000,0.000000,0.000000,0.000000,0.000000,0.000000,0.000000,0.000000,0.000000,0.000000,0.000000,0.000000,0.000000,0.000000,0.000000,0.000000,0.000000,0.000000,0.000000,0.000000,0.000000,0.000000,0.000000,0.000000,0.000000,0.000000,0.000000,0.000000,0.000000,0.000000,0.000000,0.000000,0.000000,0.000000,0.000000,0.000000,0.000000,0.000000,0.000000,0.000000,0.000000,0.000000,0.000000,0.000000,0.000000,0.000000,0.000000,0.000000,0.000000,0.000000,0.000000,0.000000,0.000000,0.000000,0.000000,0.000000,0.000000,0.000000,0.000000,0.000000,0.000000,0.000000,0.000000,0.000000,0.000000,0.000000,0.000000,0.000000,0.000000,0.000000,0.000000,0.000000,0.000000,0.000000,0.000000,0.000000,0.000000,0.000000,0.000000,0.000000,0.000000,0.000000,0.000000,0.000000,0.000000,0.000000,0.000000,0.000000,0.000000,0.000000,0.000000,0.000000,0.000000,0.000000,0.000000,0.000000,0.000000,0.000000,0.000000,0.000000,0.000000,0.000000,0.000000,0.000000,0.000000,0.000000,0.000000,0.000000,0.000000,0.000000,0.000000,0.000000,0.000000,0.000000,0.000000,0.000000,0.000000,0.000000,0.000000,0.000000,0.000000,0.000000,0.000000,0.000000,0.000000,0.000000,0.000000,0.000000,0.000000,0.000000,0.000000,0.000000,0.000000,0.000000,0.000000,0.000000,0.000000,0.000000,0.000000,0.000000,0.000000,0.000000,0.000000,0.000000,0.000000,0.000000,0.000000,0.000000,0.000000,0.000000,0.000000,0.000000,0.000000,0.000000,0.000000,0.000000,0.000000,1.871981,0.843047,0.365828,-0.464668,0.029294,0.204354,0.700307,0.587522,-0.369529,0.839283,-0.705224,-0.447824,-0.932271,-0.377473,-0.171903,-0.517383,-0.974776,-0.978971,0.847932,0.469613,0.396791,0.571468,0.388379,-0.877085,0.851462,-0.142379,-0.093146,0.773139,-0.590994,-0.374361,0.710024,0.039323,-0.159700,0.909124,0.777435,0.774779,-0.575596,0.687794,0.313389,0.383055,-0.904339,0.111469,-0.562877,0.854232,0.123265,0.234780,-0.513430,-0.157248,0.058803,0.624080,0.223173,-0.773927,-0.098438,-0.408955,0.077832,-0.060330,-0.955344,-0.584966,0.320158,0.088658,-0.893437,0.195335,0.006512,-0.699597,-0.996081,-0.329168,0.559387,-0.733940,0.888863,0.084907,0.516790,0.953708,-0.474697,0.165715,-0.318686,-0.830908
0.000000,0.000000,0.000000,0.000000,0.000000,0.000000,0.000000,0.000000,0.000000,0.000000,0.000000,0.000000,0.000000,0.000000,0.000000,0.000000,0.000000,0.000000,0.000000,0.000000,0.000000,0.000000,0.000000,0.000000,0.000000,0.000000,0.000000,0.000000,0.000000,0.000000,0.000000,0.000000,0.000000,0.000000,0.000000,0.000000,0.000000,0.000000,0.000000,0.000000,0.000000,0.000000,0.000000,0.000000,0.000000,0.000000,0.000000,0.000000,0.000000,0.000000,0.000000,0.000000,0.000000,0.000000,0.000000,0.000000,0.000000,0.000000,0.000000,0.000000,0.000000,0.000000,0.000000,0.000000,0.000000,0.000000,0.000000,0.000000,0.000000,0.000000,0.000000,0.000000,0.000000,0.000000,0.000000,0.000000,0.000000,0.000000,0.000000,0.000000,0.000000,0.000000,0.000000,0.000000,0.000000,0.000000,0.000000,0.000000,0.000000,0.000000,0.000000,0.000000,0.000000,0.000000,0.000000,0.000000,0.000000,0.000000,0.000000,0.000000,0.000000,0.000000,0.000000,0.000000,0.000000,0.000000,0.000000,0.000000,0.000000,0.000000,0.000000,0.000000,0.000000,0.000000,0.000000,0.000000,0.000000,0.000000,0.000000,0.000000,0.000000,0.000000,0.000000,0.000000,0.000000,0.000000,0.000000,0.000000,0.000000,0.000000,0.000000,0.000000,0.000000,0.000000,0.000000,0.000000,0.000000,0.000000,0.000000,0.000000,0.000000,0.000000,0.000000,0.000000,0.000000,0.000000,0.000000,0.000000,0.000000,0.000000,0.000000,0.000000,0.000000,0.000000,0.000000,0.000000,0.000000,0.000000,0.000000,0.000000,0.000000,0.000000,0.000000,0.000000,0.000000,0.000000,0.000000,0.000000,0.000000,0.000000,0.000000,0.000000,0.000000,0.000000,0.000000,0.000000,0.000000,0.000000,0.000000,2.483754,-0.975827,0.737670,0.589105,0.276801,0.182280,0.691321,-0.888590,0.472781,-0.639161,-0.959292,-0.375420,-0.345662,-0.614764,0.421673,0.117822,0.840122,0.523384,0.652260,0.805009,0.612718,-0.763728,-0.629042,-0.196377,-0.335866,0.770851,0.048400,0.751873,-0.225677,0.813017,-0.856545,-0.108905,0.802255,-0.100748,0.465384,-0.278247,0.658420,0.262827,0.623717,0.072974,0.275229,0.057310,0.134624,0.378334,-0.758305,0.537154,-0.289585,-0.974842,0.287350,0.227280,0.451642,0.996638,-0.077102,0.946645,0.155563,-0.284246,0.355580,-0.607090,0.932584,-0.117885,-0.978737,0.310651,-0.759339,-0.822168,-0.952891,0.765935,-0.932644,0.074405,-0.021127,0.822076,0.822285,0.841764,-0.199994,-0.052997,0.651337
0.000000,0.000000,0.000000,0.000000,0.000000,0.000000,0.000000,0.000000,0.000000,0.000000,0.000000,0.000000,0.000000,0.000000,0.000000,0.000000,0.000000,0.000000,0.000000,0.000000,0.000000,0.000000,0.000000,0.000000,0.000000,0.000000,0.000000,0.000000,0.000000,0.000000,0.000000,0.000000,0.000000,0.000000,0.000000,0.000000,0.000000,0.000000,0.000000,0.000000,0.000000,0.000000,0.000000,0.000000,0.000000,0.000000,0.000000,0.000000,0.000000,0.000000,0.000000,0.000000,0.000000,0.000000,0.000000,0.000000,0.000000,0.000000,0.000000,0.000000,0.000000,0.000000,0.000000,0.000000,0.000000,0.000000,0.000000,0.000000,0.000000,0.000000,0.000000,0.000000,0.000000,0.000000,0.000000,0.000000,0.000000,0.000000,0.000000,0.000000,0.000000,0.000000,0.000000,0.000000,0.000000,0.000000,0.000000,0.000000,0.000000,0.000000,0.000000,0.000000,0.000000,0.000000,0.000000,0.000000,0.000000,0.000000,0.000000,0.000000,0.000000,0.000000,0.000000,0.000000,0.000000,0.000000,0.000000,0.000000,0.000000,0.000000,0.000000,0.000000,0.000000,0.000000,0.000000,0.000000,0.000000,0.000000,0.000000,0.000000,0.000000,0.000000,0.000000,0.000000,0.000000,0.000000,0.000000,0.000000,0.000000,0.000000,0.000000,0.000000,0.000000,0.000000,0.000000,0.000000,0.000000,0.000000,0.000000,0.000000,0.000000,0.000000,0.000000,0.000000,0.000000,0.000000,0.000000,0.000000,0.000000,0.000000,0.000000,0.000000,0.000000,0.000000,0.000000,0.000000,0.000000,0.000000,0.000000,0.000000,0.000000,0.000000,0.000000,0.000000,0.000000,0.000000,0.000000,0.000000,0.000000,0.000000,0.000000,0.000000,0.000000,0.000000,0.000000,0.000000,0.000000,0.000000,0.000000,0.000000,0.800395,-0.771163,0.843456,-0.941132,-0.234252,-0.610108,-0.832027,0.947736,-0.668095,-0.136050,-0.487655,-0.017661,0.533788,0.319434,0.143500,0.021363,-0.736296,-0.194993,0.810532,0.641046,-0.870521,0.680887,0.656077,0.603922,0.629625,0.966068,-0.889589,-0.232391,0.936875,0.105338,0.364594,-0.276290,-0.576201,0.956852,-0.276696,0.121734,-0.512370,0.933902,-0.483172,0.827891,-0.416380,0.893851,-0.265336,0.744121,0.199650,-0.772352,-0.408757,0.521775,0.335075,-0.287804,-0.609309,0.657665,0.244768,0.363929,-0.041866,-0.299318,-0.235501,-0.937777,0.887526,-0.266907,-0.034062,-0.285688,-0.289628,0.371229,0.340712,0.620450,-0.856417,0.748117,0.913364,0.978212,-0.742416,-0.026605,0.878086,0.517873
0.000000,0.000000,0.000000,0.000000,0.000000,0.000000,0.000000,0.000000,0.000000,0.000000,0.000000,0.000000,0.000000,0.000000,0.000000,0.000000,0.000000,0.000000,0.000000,0.000000,0.000000,0.000000,0.000000,0.000000,0.000000,0.000000,0.000000,0.000000,0.000000,0.000000,0.000000,0.000000,0.000000,0.000000,0.000000,0.000000,0.000000,0.000000,0.000000,0.000000,0.000000,0.000000,0.000000,0.000000,0.000000,0.000000,0.000000,0.000000,0.000000,0.000000,0.000000,0.000000,0.000000,0.000000,0.000000,0.000000,0.000000,0.000000,0.000000,0.000000,0.000000,0.000000,0.000000,0.000000,0.000000,0.000000,0.000000,0.000000,0.000000,0.000000,0.000000,0.000000,0.000000,0.000000,0.000000,0.000000,0.000000,0.000000,0.000000,0.000000,0.000000,0.000000,0.000000,0.000000,0.000000,0.000000,0.000000,0.000000,0.000000,0.000000,0.000000,0.000000,0.000000,0.000000,0.000000,0.000000,0.000000,0.000000,0.000000,0.000000,0.000000,0.000000,0.000000,0.000000,0.000000,0.000000,0.000000,0.000000,0.000000,0.000000,0.000000,0.000000,0.000000,0.000000,0.000000,0.000000,0.000000,0.000000,0.000000,0.000000,0.000000,0.000000,0.000000,0.000000,0.000000,0.000000,0.000000,0.000000,0.000000,0.000000,0.000000,0.000000,0.000000,0.000000,0.000000,0.000000,0.000000,0.000000,0.000000,0.000000,0.000000,0.000000,0.000000,0.000000,0.000000,0.000000,0.000000,0.000000,0.000000,0.000000,0.000000,0.000000,0.000000,0.000000,0.000000,0.000000,0.000000,0.000000,0.000000,0.000000,0.000000,0.000000,0.000000,0.000000,0.000000,0.000000,0.000000,0.000000,0.000000,0.000000,0.000000,0.000000,0.000000,0.000000,0.000000,0.000000,0.000000,0.000000,0.000000,0.000000,0.000000,0.650503,0.740609,0.677091,0.560336,-0.176326,0.264589,0.431846,-0.206701,0.568000,-0.453425,-0.632732,0.717799,-0.321358,-0.886456,0.665395,0.598031,0.604781,-0.318233,0.206498,-0.972169,-0.995429,-0.481467,0.050615,0.200631,-0.733199,0.735326,0.919104,-0.761576,0.647716,0.228476,0.004797,-0.021873,0.499670,-0.582170,0.217918,-0.477293,-0.829676,0.105759,-0.462784,0.485308,0.300826,-0.551355,0.723125,-0.306003,0.418107,-0.465353,-0.606801,0.720546,0.837331,-0.295898,-0.370059,0.405131,-0.545272,0.728412,-0.982970,-0.715753,-0.758595,-0.364353,0.732282,0.280019,-0.785055,-0.842166,-0.423135,0.239665,0.187517,-0.771554,0.521598,0.264530,0.966112,0.105190,-0.345352,-0.761297,0.838201
0.000000,0.000000,0.000000,0.000000,0.000000,0.000000,0.000000,0.000000,0.000000,0.000000,0.000000,0.000000,0.000000,0.000000,0.000000,0.000000,0.000000,0.000000,0.000000,0.000000,0.000000,0.000000,0.000000,0.000000,0.000000,0.000000,0.000000,0.000000,0.000000,0.000000,0.000000,0.000000,0.000000,0.000000,0.000000,0.000000,0.000000,0.000000,0.000000,0.000000,0.000000,0.000000,0.000000,0.000000,0.000000,0.000000,0.000000,0.000000,0.000000,0.000000,0.000000,0.000000,0.000000,0.000000,0.000000,0.000000,0.000000,0.000000,0.000000,0.000000,0.000000,0.000000,0.000000,0.000000,0.000000,0.000000,0.000000,0.000000,0.000000,0.000000,0.000000,0.000000,0.000000,0.000000,0.000000,0.000000,0.000000,0.000000,0.000000,0.000000,0.000000,0.000000,0.000000,0.000000,0.000000,0.000000,0.000000,0.000000,0.000000,0.000000,0.000000,0.000000,0.000000,0.000000,0.000000,0.000000,0.000000,0.000000,0.000000,0.000000,0.000000,0.000000,0.000000,0.000000,0.000000,0.000000,0.000000,0.000000,0.000000,0.000000,0.000000,0.000000,0.000000,0.000000,0.000000,0.000000,0.000000,0.000000,0.000000,0.000000,0.000000,0.000000,0.000000,0.000000,0.000000,0.000000,0.000000,0.000000,0.000000,0.000000,0.000000,0.000000,0.000000,0.000000,0.000000,0.000000,0.000000,0.000000,0.000000,0.000000,0.000000,0.000000,0.000000,0.000000,0.000000,0.000000,0.000000,0.000000,0.000000,0.000000,0.000000,0.000000,0.000000,0.000000,0.000000,0.000000,0.000000,0.000000,0.000000,0.000000,0.000000,0.000000,0.000000,0.000000,0.000000,0.000000,0.000000,0.000000,0.000000,0.000000,0.000000,0.000000,0.000000,0.000000,0.000000,0.000000,0.000000,0.000000,0.000000,0.000000,0.000000,0.000000,0.594174,-0.302544,0.061478,0.139583,0.164647,0.434241,-0.743356,0.438693,0.779035,-0.939106,-0.928385,0.982760,-0.376115,-0.089874,-0.379875,0.112973,0.422963,0.519900,-0.289222,-0.478846,0.093264,-0.231490,0.244223,0.223108,0.788906,-0.992287,-0.796304,0.573497,0.167120,-0.874988,0.885114,0.300809,-0.028009,0.559172,0.192030,-0.253406,-0.406730,-0.093140,-0.049507,0.424064,-0.053994,-0.963316,0.369302,-0.860784,0.692662,0.416552,0.195680,-0.091682,-0.655779,0.309992,-0.781012,0.209092,-0.633323,0.193741,-0.697681,-0.811036,-0.058259,0.419508,-0.523092,-0.004588,0.597762,0.098872,0.194259,-0.559681,-0.751002,-0.701915,0.945608,-0.826763,-0.696986,-0.588612,0.575891,-0.204093
0.000000,0.000000,0.000000,0.000000,0.000000,0.000000,0.000000,0.000000,0.000000,0.000000,0.000000,0.000000,0.000000,0.000000,0.000000,0.000000,0.000000,0.000000,0.000000,0.000000,0.000000,0.000000,0.000000,0.000000,0.000000,0.000000,0.000000,0.000000,0.000000,0.000000,0.000000,0.000000,0.000000,0.000000,0.000000,0.000000,0.000000,0.000000,0.000000,0.000000,0.000000,0.000000,0.000000,0.000000,0.000000,0.000000,0.000000,0.000000,0.000000,0.000000,0.000000,0.000000,0.000000,0.000000,0.000000,0.000000,0.000000,0.000000,0.000000,0.000000,0.000000,0.000000,0.000000,0.000000,0.000000,0.000000,0.000000,0.000000,0.000000,0.000000,0.000000,0.000000,0.000000,0.000000,0.000000,0.000000,0.000000,0.000000,0.000000,0.000000,0.000000,0.000000,0.000000,0.000000,0.000000,0.000000,0.000000,0.000000,0.000000,0.000000,0.000000,0.000000,0.000000,0.000000,0.000000,0.000000,0.000000,0.000000,0.000000,0.000000,0.000000,0.000000,0.000000,0.000000,0.000000,0.000000,0.000000,0.000000,0.000000,0.000000,0.000000,0.000000,0.000000,0.000000,0.000000,0.000000,0.000000,0.000000,0.000000,0.000000,0.000000,0.000000,0.000000,0.000000,0.000000,0.000000,0.000000,0.000000,0.000000,0.000000,0.000000,0.000000,0.000000,0.000000,0.000000,0.000000,0.000000,0.000000,0.000000,0.000000,0.000000,0.000000,0.000000,0.000000,0.000000,0.000000,0.000000,0.000000,0.000000,0.000000,0.000000,0.000000,0.000000,0.000000,0.000000,0.000000,0.000000,0.000000,0.000000,0.000000,0.000000,0.000000,0.000000,0.000000,0.000000,0.000000,0.000000,0.000000,0.000000,0.000000,0.000000,0.000000,0.000000,0.000000,0.000000,0.000000,0.000000,0.000000,0.000000,0.000000,0.000000,0.000000,0.000000,2.477241,-0.162144,0.589469,0.790945,-0.105409,0.972735,0.865822,-0.969284,0.128284,0.314244,0.686329,0.346720,0.376502,-0.420710,0.641084,-0.873423,0.314791,-0.595952,0.531152,0.580483,-0.650430,0.587106,0.674991,-0.893936,-0.139987,-0.614610,-0.747188,0.607110,-0.413642,0.287993,-0.992637,-0.841092,0.220482,-0.259455,0.759410,-0.835521,0.247515,0.405764,0.222439,0.361419,-0.501339,0.534353,0.109317,0.576087,-0.756470,-0.745942,-0.208961,-0.220275,-0.743065,-0.837591,-0.838449,-0.895242,-0.933708,0.615515,0.869967,-0.148650,-0.626519,-0.343263,0.637032,0.858503,-0.522628,-0.938782,-0.382762,-0.229270,-0.993984,0.362850,-0.750995,-0.836318,0.438271,0.541565,-0.631944
0.000000,0.000000,0.000000,0.000000,0.000000,0.000000,0.000000,0.000000,0.000000,0.000000,0.000000,0.000000,0.000000,0.000000,0.000000,0.000000,0.000000,0.000000,0.000000,0.000000,0.000000,0.000000,0.000000,0.000000,0.000000,0.000000,0.000000,0.000000,0.000000,0.000000,0.000000,0.000000,0.000000,0.000000,0.000000,0.000000,0.000000,0.000000,0.000000,0.000000,0.000000,0.000000,0.000000,0.000000,0.000000,0.000000,0.000000,0.000000,0.000000,0.000000,0.000000,0.000000,0.000000,0.000000,0.000000,0.000000,0.000000,0.000000,0.000000,0.000000,0.000000,0.000000,0.000000,0.000000,0.000000,0.000000,0.000000,0.000000,0.000000,0.000000,0.000000,0.000000,0.000000,0.000000,0.000000,0.000000,0.000000,0.000000,0.000000,0.000000,0.000000,0.000000,0.000000,0.000000,0.000000,0.000000,0.000000,0.000000,0.000000,0.000000,0.000000,0.000000,0.000000,0.000000,0.000000,0.000000,0.000000,0.000000,0.000000,0.000000,0.000000,0.000000,0.000000,0.000000,0.000000,0.000000,0.000000,0.000000,0.000000,0.000000,0.000000,0.000000,0.000000,0.000000,0.000000,0.000000,0.000000,0.000000,0.000000,0.000000,0.000000,0.000000,0.000000,0.000000,0.000000,0.000000,0.000000,0.000000,0.000000,0.000000,0.000000,0.000000,0.000000,0.000000,0.000000,0.000000,0.000000,0.000000,0.000000,0.000000,0.000000,0.000000,0.000000,0.000000,0.000000,0.000000,0.000000,0.000000,0.000000,0.000000,0.000000,0.000000,0.000000,0.000000,0.000000,0.000000,0.000000,0.000000,0.000000,0.000000,0.000000,0.000000,0.000000,0.000000,0.000000,0.000000,0.000000,0.000000,0.000000,0.000000,0.000000,0.000000,0.000000,0.000000,0.000000,0.000000,0.000000,0.000000,0.000000,0.000000,0.000000,0.000000,0.000000,0.000000,2.421226,-0.405022,-0.383757,-0.755135,-0.546972,-0.922462,0.343925,0.702740,-0.903312,-0.489185,-0.307586,-0.214908,0.648413,-0.914246,0.228227,0.064535,0.676948,-0.388272,-0.796360,-0.738844,0.261156,0.091513,0.184567,-0.725817,-0.915020,0.132987,-0.837876,0.859281,0.606635,-0.640094,0.195689,-0.735951,0.872342,0.178903,-0.364490,0.360801,-0.994923,-0.424284,-0.531662,-0.307646,-0.829387,0.935979,-0.064225,0.712816,-0.880973,0.689648,0.306069,0.357546,0.612685,0.052146,0.268023,0.799569,-0.749791,-0.888668,0.965385,0.762995,0.027972,0.561541,0.763842,-0.066287,-0.804082,-0.038711,-0.297254,-0.953716,0.918094,0.431569,0.571637,0.193520,-0.461658,0.169405
0.000000,0.000000,0.000000,0.000000,0.000000,0.000000,0.000000,0.000000,0.000000,0.000000,0.000000,0.000000,0.000000,0.000000,0.000000,0.000000,0.000000,0.000000,0.000000,0.000000,0.000000,0.000000,0.000000,0.000000,0.000000,0.000000,0.000000,0.000000,0.000000,0.000000,0.000000,0.000000,0.000000,0.000000,0.000000,0.000000,0.000000,0.000000,0.000000,0.000000,0.000000,0.000000,0.000000,0.000000,0.000000,0.000000,0.000000,0.000000,0.000000,0.000000,0.000000,0.000000,0.000000,0.000000,0.000000,0.000000,0.000000,0.000000,0.000000,0.000000,0.000000,0.000000,0.000000,0.000000,0.000000,0.000000,0.000000,0.000000,0.000000,0.000000,0.000000,0.000000,0.000000,0.000000,0.000000,0.000000,0.000000,0.000000,0.000000,0.000000,0.000000,0.000000,0.000000,0.000000,0.000000,0.000000,0.000000,0.000000,0.000000,0.000000,0.000000,0.000000,0.000000,0.000000,0.000000,0.000000,0.000000,0.000000,0.000000,0.000000,0.000000,0.000000,0.000000,0.000000,0.000000,0.000000,0.000000,0.000000,0.000000,0.000000,0.000000,0.000000,0.000000,0.000000,0.000000,0.000000,0.000000,0.000000,0.000000,0.000000,0.000000,0.000000,0.000000,0.000000,0.000000,0.000000,0.000000,0.000000,0.000000,0.000000,0.000000,0.000000,0.000000,0.000000,0.000000,0.000000,0.000000,0.000000,0.000000,0.000000,0.000000,0.000000,0.000000,0.000000,0.000000,0.000000,0.000000,0.000000,0.000000,0.000000,0.000000,0.000000,0.000000,0.000000,0.000000,0.000000,0.000000,0.000000,0.000000,0.000000,0.000000,0.000000,0.000000,0.000000,0.000000,0.000000,0.000000,0.000000,0.000000,0.000000,0.000000,0.000000,0.000000,0.000000,0.000000,0.000000,0.000000,0.000000,0.000000,0.000000,0.000000,0.000000,0.000000,0.000000,0.000000,2.200679,0.194680,-0.745711,0.627104,-0.404895,-0.206537,0.101426,0.955271,-0.374951,-0.916248,0.944912,0.914958,-0.603440,0.658088,0.839234,-0.974016,0.509500,-0.640229,0.654361,-0.958108,0.382483,0.633551,-0.928722,0.514126,-0.762473,-0.841828,0.841330,0.846061,0.482281,0.780411,-0.966585,0.023357,0.743276,0.785551,-0.265946,-0.350781,0.399957,-0.879663,0.561040,-0.500636,0.043145,-0.614899,0.468716,0.912939,0.081667,0.901434,-0.195861,-0.427197,0.677221,-0.924136,-0.437649,0.380980,-0.622177,0.780906,-0.035644,-0.508194,-0.257490,-0.432505,0.401838,-0.780190,0.707347,-0.702361,-0.435066,0.253410,-0.291587,0.020107,0.138209,-0.481956,0.069204
0.000000,0.000000,0.000000,0.000000,0.000000,0.000000,0.000000,0.000000,0.000000,0.000000,0.000000,0.000000,0.000000,0.000000,0.000000,0.000000,0.000000,0.000000,0.000000,0.000000,0.000000,0.000000,0.000000,0.000000,0.000000,0.000000,0.000000,0.000000,0.000000,0.000000,0.000000,0.000000,0.000000,0.000000,0.000000,0.000000,0.000000,0.000000,0.000000,0.000000,0.000000,0.000000,0.000000,0.000000,0.000000,0.000000,0.000000,0.000000,0.000000,0.000000,0.000000,0.000000,0.000000,0.000000,0.000000,0.000000,0.000000,0.000000,0.000000,0.000000,0.000000,0.000000,0.000000,0.000000,0.000000,0.000000,0.000000,0.000000,0.000000,0.000000,0.000000,0.000000,0.000000,0.000000,0.000000,0.000000,0.000000,0.000000,0.000000,0.000000,0.000000,0.000000,0.000000,0.000000,0.000000,0.000000,0.000000,0.000000,0.000000,0.000000,0.000000,0.000000,0.000000,0.000000,0.000000,0.000000,0.000000,0.000000,0.000000,0.000000,0.000000,0.000000,0.000000,0.000000,0.000000,0.000000,0.000000,0.000000,0.000000,0.000000,0.000000,0.000000,0.000000,0.000000,0.000000,0.000000,0.000000,0.000000,0.000000,0.000000,0.000000,0.000000,0.000000,0.000000,0.000000,0.000000,0.000000,0.000000,0.000000,0.000000,0.000000,0.000000,0.000000,0.000000,0.000000,0.000000,0.000000,0.000000,0.000000,0.000000,0.000000,0.000000,0.000000,0.000000,0.000000,0.000000,0.000000,0.000000,0.000000,0.000000,0.000000,0.000000,0.000000,0.000000,0.000000,0.000000,0.000000,0.000000,0.000000,0.000000,0.000000,0.000000,0.000000,0.000000,0.000000,0.000000,0.000000,0.000000,0.000000,0.000000,0.000000,0.000000,0.000000,0.000000,0.000000,0.000000,0.000000,0.000000,0.000000,0.000000,0.000000,0.000000,0.000000,0.000000,0.000000,0.000000,2.848410,-0.995048,0.192457,-0.359588,0.724111,-0.806816,-0.878751,-0.190207,0.347484,-0.987096,0.622468,-0.326973,0.840507,0.811531,0.527618,0.474011,0.201624,0.588975,-0.643834,0.634217,0.130416,0.563952,-0.012403,0.261917,-0.316807,-0.151177,-0.270454,0.481183,-0.598902,0.861042,0.658569,0.723470,0.827962,-0.127961,0.783830,-0.111790,-0.796789,-0.900829,-0.872833,-0.623987,-0.280390,0.958505,-0.517601,0.825984,0.620867,0.722246,0.569524,0.946187,-0.760372,-0.042044,-0.314329,-0.431525,-0.106352,-0.038141,0.971892,-0.470637,0.823362,-0.666053,0.330093,-0.389168,0.920760,0.269226,-0.871569,0.847080,-0.412365,0.854797,-0.973029,-0.562618
0.000000,0.000000,0.000000,0.000000,0.000000,0.000000,0.000000,0.000000,0.000000,0.000000,0.000000,0.000000,0.000000,0.000000,0.000000,0.000000,0.000000,0.000000,0.000000,0.000000,0.000000,0.000000,0.000000,0.000000,0.000000,0.000000,0.000000,0.000000,0.000000,0.000000,0.000000,0.000000,0.000000,0.000000,0.000000,0.000000,0.000000,0.000000,0.000000,0.000000,0.000000,0.000000,0.000000,0.000000,0.000000,0.000000,0.000000,0.000000,0.000000,0.000000,0.000000,0.000000,0.000000,0.000000,0.000000,0.000000,0.000000,0.000000,0.000000,0.000000,0.000000,0.000000,0.000000,0.000000,0.000000,0.000000,0.000000,0.000000,0.000000,0.000000,0.000000,0.000000,0.000000,0.000000,0.000000,0.000000,0.000000,0.000000,0.000000,0.000000,0.000000,0.000000,0.000000,0.000000,0.000000,0.000000,0.000000,0.000000,0.000000,0.000000,0.000000,0.000000,0.000000,0.000000,0.000000,0.000000,0.000000,0.000000,0.000000,0.000000,0.000000,0.000000,0.000000,0.000000,0.000000,0.000000,0.000000,0.000000,0.000000,0.000000,0.000000,0.000000,0.000000,0.000000,0.000000,0.000000,0.000000,0.000000,0.000000,0.000000,0.000000,0.000000,0.000000,0.000000,0.000000,0.000000,0.000000,0.000000,0.000000,0.000000,0.000000,0.000000,0.000000,0.000000,0.000000,0.000000,0.000000,0.000000,0.000000,0.000000,0.000000,0.000000,0.000000,0.000000,0.000000,0.000000,0.000000,0.000000,0.000000,0.000000,0.000000,0.000000,0.000000,0.000000,0.000000,0.000000,0.000000,0.000000,0.000000,0.000000,0.000000,0.000000,0.000000,0.000000,0.000000,0.000000,0.000000,0.000000,0.000000,0.000000,0.000000,0.000000,0.000000,0.000000,0.000000,0.000000,0.000000,0.000000,0.000000,0.000000,0.000000,0.000000,0.000000,0.000000,0.000000,0.000000,0.000000,1.195996,0.375972,0.595901,0.260180,-0.875954,-0.132723,-0.012032,-0.282556,-0.160908,-0.034768,0.108004,0.261901,-0.579755,0.803373,0.655766,0.573227,0.611708,0.050915,0.906114,-0.268101,-0.160034,0.632557,0.738008,-0.102025,0.696024,0.266469,-0.223958,0.810993,0.006363,0.698287,0.624836,-0.806736,0.742252,-0.675155,0.627720,0.511137,0.474352,0.841753,0.201119,-0.322791,0.186385,0.392258,-0.270760,-0.491408,-0.020618,0.796614,0.260929,0.794511,-0.049769,0.893981,0.583117,-0.290833,-0.103561,0.995538,0.907401,-0.179519,0.667119,0.819459,-0.496504,0.035212,0.514171,-0.846277,0.611368,-0.577908,-0.042053,-0.249592,0.480338
0.000000,0.000000,0.000000,0.000000,0.000000,0.000000,0.000000,0.000000,0.000000,0.000000,0.000000,0.000000,0.000000,0.000000,0.000000,0.000000,0.000000,0.000000,0.000000,0.000000,0.000000,0.000000,0.000000,0.000000,0.000000,0.000000,0.000000,0.000000,0.000000,0.000000,0.000000,0.000000,0.000000,0.000000,0.000000,0.000000,0.000000,0.000000,0.000000,0.000000,0.000000,0.000000,0.000000,0.000000,0.000000,0.000000,0.000000,0.000000,0.000000,0.000000,0.000000,0.000000,0.000000,0.000000,0.000000,0.000000,0.000000,0.000000,0.000000,0.000000,0.000000,0.000000,0.000000,0.000000,0.000000,0.000000,0.000000,0.000000,0.000000,0.000000,0.000000,0.000000,0.000000,0.000000,0.000000,0.000000,0.000000,0.000000,0.000000,0.000000,0.000000,0.000000,0.000000,0.000000,0.000000,0.000000,0.000000,0.000000,0.000000,0.000000,0.000000,0.000000,0.000000,0.000000,0.000000,0.000000,0.000000,0.000000,0.000000,0.000000,0.000000,0.000000,0.000000,0.000000,0.000000,0.000000,0.000000,0.000000,0.000000,0.000000,0.000000,0.000000,0.000000,0.000000,0.000000,0.000000,0.000000,0.000000,0.000000,0.000000,0.000000,0.000000,0.000000,0.000000,0.000000,0.000000,0.000000,0.000000,0.000000,0.000000,0.000000,0.000000,0.000000,0.000000,0.000000,0.000000,0.000000,0.000000,0.000000,0.000000,0.000000,0.000000,0.000000,0.000000,0.000000,0.000000,0.000000,0.000000,0.000000,0.000000,0.000000,0.000000,0.000000,0.000000,0.000000,0.000000,0.000000,0.000000,0.000000,0.000000,0.000000,0.000000,0.000000,0.000000,0.000000,0.000000,0.000000,0.000000,0.000000,0.000000,0.000000,0.000000,0.000000,0.000000,0.000000,0.000000,0.000000,0.000000,0.000000,0.000000,0.000000,0.000000,0.000000,0.000000,0.000000,0.000000,0.000000,0.000000,1.082911,-0.067284,-0.468842,-0.890396,0.687024,-0.550960,-0.535166,-0.906482,0.005394,-0.462072,0.131003,0.447059,-0.908141,-0.599020,-0.218217,0.759527,-0.780550,0.487660,0.907165,-0.844666,-0.333981,0.539136,0.870363,-0.506542,0.283760,0.463127,-0.191952,0.339056,0.098255,0.874354,0.077442,0.033228,0.338591,-0.695405,0.061917,-0.898627,0.254048,0.069327,0.678800,0.595406,-0.134910,0.317987,-0.393370,-0.224324,-0.843951,-0.798592,0.637490,0.943888,-0.021557,-0.744072,-0.823323,-0.909187,0.757560,-0.115603,0.760737,-0.274344,0.176123,0.347677,-0.899932,0.363189,0.599432,-0.955840,-0.882356,0.044177,0.942766,0.946490
0.000000,0.000000,0.000000,0.000000,0.000000,0.000000,0.000000,0.000000,0.000000,0.000000,0.000000,0.000000,0.000000,0.000000,0.000000,0.000000,0.000000,0.000000,0.000000,0.000000,0.000000,0.000000,0.000000,0.000000,0.000000,0.000000,0.000000,0.000000,0.000000,0.000000,0.000000,0.000000,0.000000,0.000000,0.000000,0.000000,0.000000,0.000000,0.000000,0.000000,0.000000,0.000000,0.000000,0.000000,0.000000,0.000000,0.000000,0.000000,0.000000,0.000000,0.000000,0.000000,0.000000,0.000000,0.000000,0.000000,0.000000,0.000000,0.000000,0.000000,0.000000,0.000000,0.000000,0.000000,0.000000,0.000000,0.000000,0.000000,0.000000,0.000000,0.000000,0.000000,0.000000,0.000000,0.000000,0.000000,0.000000,0.000000,0.000000,0.000000,0.000000,0.000000,0.000000,0.000000,0.000000,0.000000,0.000000,0.000000,0.000000,0.000000,0.000000,0.000000,0.000000,0.000000,0.000000,0.000000,0.000000,0.000000,0.000000,0.000000,0.000000,0.000000,0.000000,0.000000,0.000000,0.000000,0.000000,0.000000,0.000000,0.000000,0.000000,0.000000,0.000000,0.000000,0.000000,0.000000,0.000000,0.000000,0.000000,0.000000,0.000000,0.000000,0.000000,0.000000,0.000000,0.000000,0.000000,0.000000,0.000000,0.000000,0.000000,0.000000,0.000000,0.000000,0.000000,0.000000,0.000000,0.000000,0.000000,0.000000,0.000000,0.000000,0.000000,0.000000,0.000000,0.000000,0.000000,0.000000,0.000000,0.000000,0.000000,0.000000,0.000000,0.000000,0.000000,0.000000,0.000000,0.000000,0.000000,0.000000,0.000000,0.000000,0.000000,0.000000,0.000000,0.000000,0.000000,0.000000,0.000000,0.000000,0.000000,0.000000,0.000000,0.000000,0.000000,0.000000,0.000000,0.000000,0.000000,0.000000,0.000000,0.000000,0.000000,0.000000,0.000000,0.000000,0.000000,0.000000,0.000000,0.773947,0.521761,0.586638,0.753911,-0.912964,0.944867,0.643417,0.215372,-0.866344,-0.519683,-0.306737,0.714775,0.522241,0.881441,-0.154925,0.833596,0.791417,-0.963027,-0.521492,0.599766,0.330184,-0.554224,0.562940,-0.366888,0.204290,0.869315,-0.520764,-0.889265,0.320278,0.456843,-0.374842,-0.063178,0.002180,0.631894,0.386158,-0.454032,-0.453976,-0.350070,-0.708094,-0.731443,0.634823,0.663410,-0.479840,0.700794,0.141470,0.424316,0.760888,-0.383312,0.324452,-0.382933,0.805830,-0.400828,0.250668,-0.617947,-0.260441,-0.297203,0.500649,-0.426809,-0.345183,-0.981171,-0.368326,-0.455705,0.089215,-0.196439,0.960943
0.000000,0.000000,0.000000,0.000000,0.000000,0.000000,0.000000,0.000000,0.000000,0.000000,0.000000,0.000000,0.000000,0.000000,0.000000,0.000000,0.000000,0.000000,0.000000,0.000000,0.000000,0.000000,0.000000,0.000000,0.000000,0.000000,0.000000,0.000000,0.000000,0.000000,0.000000,0.000000,0.000000,0.000000,0.000000,0.000000,0.000000,0.000000,0.000000,0.000000,0.000000,0.000000,0.000000,0.000000,0.000000,0.000000,0.000000,0.000000,0.000000,0.000000,0.000000,0.000000,0.000000,0.000000,0.000000,0.000000,0.000000,0.000000,0.000000,0.000000,0.000000,0.000000,0.000000,0.000000,0.000000,0.000000,0.000000,0.000000,0.000000,0.000000,0.000000,0.000000,0.000000,0.000000,0.000000,0.000000,0.000000,0.000000,0.000000,0.000000,0.000000,0.000000,0.000000,0.000000,0.000000,0.000000,0.000000,0.000000,0.000000,0.000000,0.000000,0.000000,0.000000,0.000000,0.000000,0.000000,0.000000,0.000000,0.000000,0.000000,0.000000,0.000000,0.000000,0.000000,0.000000,0.000000,0.000000,0.000000,0.000000,0.000000,0.000000,0.000000,0.000000,0.000000,0.000000,0.000000,0.000000,0.000000,0.000000,0.000000,0.000000,0.000000,0.000000,0.000000,0.000000,0.000000,0.000000,0.000000,0.000000,0.000000,0.000000,0.000000,0.000000,0.000000,0.000000,0.000000,0.000000,0.000000,0.000000,0.000000,0.000000,0.000000,0.000000,0.000000,0.000000,0.000000,0.000000,0.000000,0.000000,0.000000,0.000000,0.000000,0.000000,0.000000,0.000000,0.000000,0.000000,0.000000,0.000000,0.000000,0.000000,0.000000,0.000000,0.000000,0.000000,0.000000,0.000000,0.000000,0.000000,0.000000,0.000000,0.000000,0.000000,0.000000,0.000000,0.000000,0.000000,0.000000,0.000000,0.000000,0.000000,0.000000,0.000000,0.000000,0.000000,0.000000,0.000000,0.000000,0.000000,0.000000,1.865331,-0.854503,0.618971,-0.893470,0.674459,-0.189058,-0.876646,0.954731,-0.009149,0.709626,-0.158884,-0.076785,-0.275272,-0.262156,0.586910,-0.938431,-0.020272,-0.468886,0.113438,-0.569577,-0.302499,0.066516,0.483617,0.891938,-0.513741,-0.034173,-0.302705,0.212074,-0.267039,-0.806062,0.228794,-0.928874,-0.913915,0.768442,0.740561,0.125428,-0.963994,-0.313789,-0.307465,0.441781,0.623817,-0.291521,-0.156521,-0.550680,0.455837,-0.301694,0.410961,0.413800,-0.687573,0.770958,0.649046,0.166023,-0.827350,-0.665490,-0.815643,-0.072770,-0.468975,0.661593,-0.128087,-0.095804,0.843851,0.155543,-0.225307,0.966915
0.000000,0.000000,0.000000,0.000000,0.000000,0.000000,0.000000,0.000000,0.000000,0.000000,0.000000,0.000000,0.000000,0.000000,0.000000,0.000000,0.000000,0.000000,0.000000,0.000000,0.000000,0.000000,0.000000,0.000000,0.000000,0.000000,0.000000,0.000000,0.000000,0.000000,0.000000,0.000000,0.000000,0.000000,0.000000,0.000000,0.000000,0.000000,0.000000,0.000000,0.000000,0.000000,0.000000,0.000000,0.000000,0.000000,0.000000,0.000000,0.000000,0.000000,0.000000,0.000000,0.000000,0.000000,0.000000,0.000000,0.000000,0.000000,0.000000,0.000000,0.000000,0.000000,0.000000,0.000000,0.000000,0.000000,0.000000,0.000000,0.000000,0.000000,0.000000,0.000000,0.000000,0.000000,0.000000,0.000000,0.000000,0.000000,0.000000,0.000000,0.000000,0.000000,0.000000,0.000000,0.000000,0.000000,0.000000,0.000000,0.000000,0.000000,0.000000,0.000000,0.000000,0.000000,0.000000,0.000000,0.000000,0.000000,0.000000,0.000000,0.000000,0.000000,0.000000,0.000000,0.000000,0.000000,0.000000,0.000000,0.000000,0.000000,0.000000,0.000000,0.000000,0.000000,0.000000,0.000000,0.000000,0.000000,0.000000,0.000000,0.000000,0.000000,0.000000,0.000000,0.000000,0.000000,0.000000,0.000000,0.000000,0.000000,0.000000,0.000000,0.000000,0.000000,0.000000,0.000000,0.000000,0.000000,0.000000,0.000000,0.000000,0.000000,0.000000,0.000000,0.000000,0.000000,0.000000,0.000000,0.000000,0.000000,0.000000,0.000000,0.000000,0.000000,0.000000,0.000000,0.000000,0.000000,0.000000,0.000000,0.000000,0.000000,0.000000,0.000000,0.000000,0.000000,0.000000,0.000000,0.000000,0.000000,0.000000,0.000000,0.000000,0.000000,0.000000,0.000000,0.000000,0.000000,0.000000,0.000000,0.000000,0.000000,0.000000,0.000000,0.000000,0.000000,0.000000,0.000000,0.000000,0.000000,0.000000,1.656089,0.159360,-0.235998,0.338415,0.551615,0.257284,-0.503158,0.884594,0.023436,0.652046,-0.982351,0.035528,0.871159,0.376420,-0.771635,0.419946,-0.969959,-0.262638,-0.526594,-0.496225,-0.917039,0.234265,0.483808,-0.416332,0.173701,-0.005212,0.986297,0.624664,0.892076,0.648659,0.315343,-0.857668,0.715789,0.522039,-0.435677,-0.461232,0.048502,-0.433997,0.941251,-0.612862,-0.693243,-0.912952,0.105182,0.480658,0.172683,-0.583448,0.846856,-0.241406,-0.718397,-0.617889,-0.123577,0.088752,0.202898,-0.853526,0.734989,-0.327139,-0.481206,0.375136,0.227122,0.985641,-0.179294,-0.633504,0.945529
0.000000,0.000000,0.000000,0.000000,0.000000,0.000000,0.000000,0.000000,0.000000,0.000000,0.000000,0.000000,0.000000,0.000000,0.000000,0.000000,0.000000,0.000000,0.000000,0.000000,0.000000,0.000000,0.000000,0.000000,0.000000,0.000000,0.000000,0.000000,0.000000,0.000000,0.000000,0.000000,0.000000,0.000000,0.000000,0.000000,0.000000,0.000000,0.000000,0.000000,0.000000,0.000000,0.000000,0.000000,0.000000,0.000000,0.000000,0.000000,0.000000,0.000000,0.000000,0.000000,0.000000,0.000000,0.000000,0.000000,0.000000,0.000000,0.000000,0.000000,0.000000,0.000000,0.000000,0.000000,0.000000,0.000000,0.000000,0.000000,0.000000,0.000000,0.000000,0.000000,0.000000,0.000000,0.000000,0.000000,0.000000,0.000000,0.000000,0.000000,0.000000,0.000000,0.000000,0.000000,0.000000,0.000000,0.000000,0.000000,0.000000,0.000000,0.000000,0.000000,0.000000,0.000000,0.000000,0.000000,0.000000,0.000000,0.000000,0.000000,0.000000,0.000000,0.000000,0.000000,0.000000,0.000000,0.000000,0.000000,0.000000,0.000000,0.000000,0.000000,0.000000,0.000000,0.000000,0.000000,0.000000,0.000000,0.000000,0.000000,0.000000,0.000000,0.000000,0.000000,0.000000,0.000000,0.000000,0.000000,0.000000,0.000000,0.000000,0.000000,0.000000,0.000000,0.000000,0.000000,0.000000,0.000000,0.000000,0.000000,0.000000,0.000000,0.000000,0.000000,0.000000,0.000000,0.000000,0.000000,0.000000,0.000000,0.000000,0.000000,0.000000,0.000000,0.000000,0.000000,0.000000,0.000000,0.000000,0.000000,0.000000,0.000000,0.000000,0.000000,0.000000,0.000000,0.000000,0.000000,0.000000,0.000000,0.000000,0.000000,0.000000,0.000000,0.000000,0.000000,0.000000,0.000000,0.000000,0.000000,0.000000,0.000000,0.000000,0.000000,0.000000,0.000000,0.000000,0.000000,0.000000,0.000000,0.000000,0.000000,1.705042,0.323053,-0.915370,-0.328228,0.974450,0.928756,0.968303,0.647862,0.001017,0.144039,-0.850294,0.586549,0.498142,0.416595,-0.234868,-0.468302,0.619837,0.949075,-0.153032,-0.888970,0.801454,0.378887,0.342844,0.888516,0.340993,0.235019,0.420222,-0.032112,-0.426028,-0.496425,0.452490,-0.514782,0.862311,-0.194002,0.267138,-0.914401,-0.102121,-0.200878,0.509316,-0.889160,-0.195295,0.716267,0.336997,0.554850,0.526535,0.323892,-0.217406,-0.201213,-0.897636,-0.610002,0.116175,0.790159,0.224457,-0.225904,0.663868,-0.102460,-0.480237,-0.839854,0.657101,0.231955,0.161641,0.441340
0.000000,0.000000,0.000000,0.000000,0.000000,0.000000,0.000000,0.000000,0.000000,0.000000,0.000000,0.000000,0.000000,0.000000,0.000000,0.000000,0.000000,0.000000,0.000000,0.000000,0.000000,0.000000,0.000000,0.000000,0.000000,0.000000,0.000000,0.000000,0.000000,0.000000,0.000000,0.000000,0.000000,0.000000,0.000000,0.000000,0.000000,0.000000,0.000000,0.000000,0.000000,0.000000,0.000000,0.000000,0.000000,0.000000,0.000000,0.000000,0.000000,0.000000,0.000000,0.000000,0.000000,0.000000,0.000000,0.000000,0.000000,0.000000,0.000000,0.000000,0.000000,0.000000,0.000000,0.000000,0.000000,0.000000,0.000000,0.000000,0.000000,0.000000,0.000000,0.000000,0.000000,0.000000,0.000000,0.000000,0.000000,0.000000,0.000000,0.000000,0.000000,0.000000,0.000000,0.000000,0.000000,0.000000,0.000000,0.000000,0.000000,0.000000,0.000000,0.000000,0.000000,0.000000,0.000000,0.000000,0.000000,0.000000,0.000000,0.000000,0.000000,0.000000,0.000000,0.000000,0.000000,0.000000,0.000000,0.000000,0.000000,0.000000,0.000000,0.000000,0.000000,0.000000,0.000000,0.000000,0.000000,0.000000,0.000000,0.000000,0.000000,0.000000,0.000000,0.000000,0.000000,0.000000,0.000000,0.000000,0.000000,0.000000,0.000000,0.000000,0.000000,0.000000,0.000000,0.000000,0.000000,0.000000,0.000000,0.000000,0.000000,0.000000,0.000000,0.000000,0.000000,0.000000,0.000000,0.000000,0.000000,0.000000,0.000000,0.000000,0.000000,0.000000,0.000000,0.000000,0.000000,0.000000,0.000000,0.000000,0.000000,0.000000,0.000000,0.000000,0.000000,0.000000,0.000000,0.000000,0.000000,0.000000,0.000000,0.000000,0.000000,0.000000,0.000000,0.000000,0.000000,0.000000,0.000000,0.000000,0.000000,0.000000,0.000000,0.000000,0.000000,0.000000,0.000000,0.000000,0.000000,0.000000,0.000000,0.000000,0.000000,2.012601,-0.298947,0.235163,-0.719916,-0.407651,0.074627,-0.861702,0.643567,-0.910722,-0.255267,-0.091210,0.361414,-0.690261,0.642736,-0.147778,-0.497700,-0.803328,0.850626,-0.193232,-0.237331,-0.639512,0.012677,-0.360233,-0.668154,0.505740,0.796531,-0.295412,-0.427010,-0.253230,0.849670,0.167212,-0.668176,0.264971,-0.197486,-0.965182,0.939860,-0.770208,-0.173007,0.315277,0.172047,-0.991564,0.215771,0.454543,0.698645,-0.632114,-0.926489,0.888760,0.360858,-0.090074,0.450102,-0.685840,0.916796,0.308489,0.753905,0.113417,0.601609,-0.344650,-0.733848,-0.292359,0.793849,0.396183
0.000000,0.000000,0.000000,0.000000,0.000000,0.000000,0.000000,0.000000,0.000000,0.000000,0.000000,0.000000,0.000000,0.000000,0.000000,0.000000,0.000000,0.000000,0.000000,0.000000,0.000000,0.000000,0.000000,0.000000,0.000000,0.000000,0.000000,0.000000,0.000000,0.000000,0.000000,0.000000,0.000000,0.000000,0.000000,0.000000,0.000000,0.000000,0.000000,0.000000,0.000000,0.000000,0.000000,0.000000,0.000000,0.000000,0.000000,0.000000,0.000000,0.000000,0.000000,0.000000,0.000000,0.000000,0.000000,0.000000,0.000000,0.000000,0.000000,0.000000,0.000000,0.000000,0.000000,0.000000,0.000000,0.000000,0.000000,0.000000,0.000000,0.000000,0.000000,0.000000,0.000000,0.000000,0.000000,0.000000,0.000000,0.000000,0.000000,0.000000,0.000000,0.000000,0.000000,0.000000,0.000000,0.000000,0.000000,0.000000,0.000000,0.000000,0.000000,0.000000,0.000000,0.000000,0.000000,0.000000,0.000000,0.000000,0.000000,0.000000,0.000000,0.000000,0.000000,0.000000,0.000000,0.000000,0.000000,0.000000,0.000000,0.000000,0.000000,0.000000,0.000000,0.000000,0.000000,0.000000,0.000000,0.000000,0.000000,0.000000,0.000000,0.000000,0.000000,0.000000,0.000000,0.000000,0.000000,0.000000,0.000000,0.000000,0.000000,0.000000,0.000000,0.000000,0.000000,0.000000,0.000000,0.000000,0.000000,0.000000,0.000000,0.000000,0.000000,0.000000,0.000000,0.000000,0.000000,0.000000,0.000000,0.000000,0.000000,0.000000,0.000000,0.000000,0.000000,0.000000,0.000000,0.000000,0.000000,0.000000,0.000000,0.000000,0.000000,0.000000,0.000000,0.000000,0.000000,0.000000,0.000000,0.000000,0.000000,0.000000,0.000000,0.000000,0.000000,0.000000,0.000000,0.000000,0.000000,0.000000,0.000000,0.000000,0.000000,0.000000,0.000000,0.000000,0.000000,0.000000,0.000000,0.000000,0.000000,0.000000,0.000000,0.000000,1.640604,-0.529576,0.196089,0.185806,0.061841,0.475607,-0.514373,0.021978,-0.383188,-0.588799,-0.334437,0.605896,-0.772225,-0.449037,0.066050,-0.198063,0.655351,0.558483,0.355838,-0.435004,-0.957562,-0.372190,0.201913,-0.797105,0.647164,0.973193,0.475121,-0.170775,0.594437,-0.454807,0.908220,-0.266782,0.379787,-0.962168,0.261438,-0.407943,-0.795749,-0.132915,-0.788291,-0.629875,0.790272,-0.873098,0.249991,-0.879424,0.436100,0.955781,-0.140940,0.936302,0.282976,0.190937,-0.657664,0.904718,0.723098,-0.736487,-0.942724,-0.281894,-0.681141,-0.327694,0.916925,0.723805
0.000000,0.000000,0.000000,0.000000,0.000000,0.000000,0.000000,0.000000,0.000000,0.000000,0.000000,0.000000,0.000000,0.000000,0.000000,0.000000,0.000000,0.000000,0.000000,0.000000,0.000000,0.000000,0.000000,0.000000,0.000000,0.000000,0.000000,0.000000,0.000000,0.000000,0.000000,0.000000,0.000000,0.000000,0.000000,0.000000,0.000000,0.000000,0.000000,0.000000,0.000000,0.000000,0.000000,0.000000,0.000000,0.000000,0.000000,0.000000,0.000000,0.000000,0.000000,0.000000,0.000000,0.000000,0.000000,0.000000,0.000000,0.000000,0.000000,0.000000,0.000000,0.000000,0.000000,0.000000,0.000000,0.000000,0.000000,0.000000,0.000000,0.000000,0.000000,0.000000,0.000000,0.000000,0.000000,0.000000,0.000000,0.000000,0.000000,0.000000,0.000000,0.000000,0.000000,0.000000,0.000000,0.000000,0.000000,0.000000,0.000000,0.000000,0.000000,0.000000,0.000000,0.000000,0.000000,0.000000,0.000000,0.000000,0.000000,0.000000,0.000000,0.000000,0.000000,0.000000,0.000000,0.000000,0.000000,0.000000,0.000000,0.000000,0.000000,0.000000,0.000000,0.000000,0.000000,0.000000,0.000000,0.000000,0.000000,0.000000,0.000000,0.000000,0.000000,0.000000,0.000000,0.000000,0.000000,0.000000,0.000000,0.000000,0.000000,0.000000,0.000000,0.000000,0.000000,0.000000,0.000000,0.000000,0.000000,0.000000,0.000000,0.000000,0.000000,0.000000,0.000000,0.000000,0.000000,0.000000,0.000000,0.000000,0.000000,0.000000,0.000000,0.000000,0.000000,0.000000,0.000000,0.000000,0.000000,0.000000,0.000000,0.000000,0.000000,0.000000,0.000000,0.000000,0.000000,0.000000,0.000000,0.000000,0.000000,0.000000,0.000000,0.000000,0.000000,0.000000,0.000000,0.000000,0.000000,0.000000,0.000000,0.000000,0.000000,0.000000,0.000000,0.000000,0.000000,0.000000,0.000000,0.000000,0.000000,0.000000,0.000000,0.000000,0.000000,1.600302,-0.448338,0.155615,0.874994,0.581305,0.735506,0.522223,0.007308,-0.716985,0.637220,0.301939,0.545354,0.468020,-0.507775,-0.428663,0.712754,-0.185450,-0.644552,0.285420,-0.403366,0.285356,0.180127,0.326275,0.986868,-0.445381,0.951273,0.526925,0.710799,0.604993,-0.954075,0.007378,-0.788469,0.346958,-0.880712,-0.933603,0.813461,0.834115,0.247541,-0.080146,0.656988,0.928442,-0.891417,-0.792946,0.810176,-0.801207,0.428339,0.107021,0.043273,-0.804716,0.457416,0.204021,0.857684,-0.038014,0.824832,-0.632213,-0.592218,0.897957,-0.801238,-0.526921
0.000000,0.000000,0.000000,0.000000,0.000000,0.000000,0.000000,0.000000,0.000000,0.000000,0.000000,0.000000,0.000000,0.000000,0.000000,0.000000,0.000000,0.000000,0.000000,0.000000,0.000000,0.000000,0.000000,0.000000,0.000000,0.000000,0.000000,0.000000,0.000000,0.000000,0.000000,0.000000,0.000000,0.000000,0.000000,0.000000,0.000000,0.000000,0.000000,0.000000,0.000000,0.000000,0.000000,0.000000,0.000000,0.000000,0.000000,0.000000,0.000000,0.000000,0.000000,0.000000,0.000000,0.000000,0.000000,0.000000,0.000000,0.000000,0.000000,0.000000,0.000000,0.000000,0.000000,0.000000,0.000000,0.000000,0.000000,0.000000,0.000000,0.000000,0.000000,0.000000,0.000000,0.000000,0.000000,0.000000,0.000000,0.000000,0.000000,0.000000,0.000000,0.000000,0.000000,0.000000,0.000000,0.000000,0.000000,0.000000,0.000000,0.000000,0.000000,0.000000,0.000000,0.000000,0.000000,0.000000,0.000000,0.000000,0.000000,0.000000,0.000000,0.000000,0.000000,0.000000,0.000000,0.000000,0.000000,0.000000,0.000000,0.000000,0.000000,0.000000,0.000000,0.000000,0.000000,0.000000,0.000000,0.000000,0.000000,0.000000,0.000000,0.000000,0.000000,0.000000,0.000000,0.000000,0.000000,0.000000,0.000000,0.000000,0.000000,0.000000,0.000000,0.000000,0.000000,0.000000,0.000000,0.000000,0.000000,0.000000,0.000000,0.000000,0.000000,0.000000,0.000000,0.000000,0.000000,0.000000,0.000000,0.000000,0.000000,0.000000,0.000000,0.000000,0.000000,0.000000,0.000000,0.000000,0.000000,0.000000,0.000000,0.000000,0.000000,0.000000,0.000000,0.000000,0.000000,0.000000,0.000000,0.000000,0.000000,0.000000,0.000000,0.000000,0.000000,0.000000,0.000000,0.000000,0.000000,0.000000,0.000000,0.000000,0.000000,0.000000,0.000000,0.000000,0.000000,0.000000,0.000000,0.000000,0.000000,0.000000,0.000000,0.000000,0.000000,0.000000,0.853383,0.419461,0.560481,0.802951,-0.706388,-0.356523,-0.365609,0.946944,0.165816,-0.325004,-0.402527,-0.361970,0.424362,0.098566,0.247221,-0.058990,-0.947488,0.374216,0.448253,-0.639503,0.298746,0.755094,0.205537,0.337082,0.401425,-0.351330,-0.691409,-0.054697,-0.536408,0.373987,0.429848,-0.983635,0.908402,0.850003,-0.736122,-0.044411,-0.581954,0.927836,0.132065,0.400319,0.955771,0.346002,0.741550,-0.518896,-0.541217,-0.117607,0.762954,-0.921760,-0.117232,0.649816,-0.645095,0.231451,-0.860076,-0.979257,-0.362195,0.611287,-0.917328,-0.270402
0.000000,0.000000,0.000000,0.000000,0.000000,0.000000,0.000000,0.000000,0.000000,0.000000,0.000000,0.000000,0.000000,0.000000,0.000000,0.000000,0.000000,0.000000,0.000000,0.000000,0.000000,0.000000,0.000000,0.000000,0.000000,0.000000,0.000000,0.000000,0.000000,0.000000,0.000000,0.000000,0.000000,0.000000,0.000000,0.000000,0.000000,0.000000,0.000000,0.000000,0.000000,0.000000,0.000000,0.000000,0.000000,0.000000,0.000000,0.000000,0.000000,0.000000,0.000000,0.000000,0.000000,0.000000,0.000000,0.000000,0.000000,0.000000,0.000000,0.000000,0.000000,0.000000,0.000000,0.000000,0.000000,0.000000,0.000000,0.000000,0.000000,0.000000,0.000000,0.000000,0.000000,0.000000,0.000000,0.000000,0.000000,0.000000,0.000000,0.000000,0.000000,0.000000,0.000000,0.000000,0.000000,0.000000,0.000000,0.000000,0.000000,0.000000,0.000000,0.000000,0.000000,0.000000,0.000000,0.000000,0.000000,0.000000,0.000000,0.000000,0.000000,0.000000,0.000000,0.000000,0.000000,0.000000,0.000000,0.000000,0.000000,0.000000,0.000000,0.000000,0.000000,0.000000,0.000000,0.000000,0.000000,0.000000,0.000000,0.000000,0.000000,0.000000,0.000000,0.000000,0.000000,0.000000,0.000000,0.000000,0.000000,0.000000,0.000000,0.000000,0.000000,0.000000,0.000000,0.000000,0.000000,0.000000,0.000000,0.000000,0.000000,0.000000,0.000000,0.000000,0.000000,0.000000,0.000000,0.000000,0.000000,0.000000,0.000000,0.000000,0.000000,0.000000,0.000000,0.000000,0.000000,0.000000,0.000000,0.000000,0.000000,0.000000,0.000000,0.000000,0.000000,0.000000,0.000000,0.000000,0.000000,0.000000,0.000000,0.000000,0.000000,0.000000,0.000000,0.000000,0.000000,0.000000,0.000000,0.000000,0.000000,0.000000,0.000000,0.000000,0.000000,0.000000,0.000000,0.000000,0.000000,0.000000,0.000000,0.000000,0.000000,0.000000,0.000000,0.000000,0.000000,2.321577,-0.261733,-0.042387,0.000699,0.815931,0.751783,-0.872749,0.384421,0.085839,-0.290960,-0.014904,0.759611,0.546116,0.136145,-0.648793,0.237313,-0.003952,-0.106235,0.887660,0.985261,0.902719,0.477751,0.197735,-0.361133,0.894362,-0.088759,-0.596740,-0.778519,0.671569,-0.343671,0.532444,0.254783,-0.432955,0.701339,0.689750,-0.656354,-0.756507,0.201021,-0.533184,-0.335624,0.873432,-0.648891,-0.059014,-0.410192,-0.304139,-0.259816,-0.480007,0.526983,0.623742,0.079035,0.798607,-0.726698,0.013193,0.656859,0.241827,0.970007,0.191488
0.000000,0.000000,0.000000,0.000000,0.000000,0.000000,0.000000,0.000000,0.000000,0.000000,0.000000,0.000000,0.000000,0.000000,0.000000,0.000000,0.000000,0.000000,0.000000,0.000000,0.000000,0.000000,0.000000,0.000000,0.000000,0.000000,0.000000,0.000000,0.000000,0.000000,0.000000,0.000000,0.000000,0.000000,0.000000,0.000000,0.000000,0.000000,0.000000,0.000000,0.000000,0.000000,0.000000,0.000000,0.000000,0.000000,0.000000,0.000000,0.000000,0.000000,0.000000,0.000000,0.000000,0.000000,0.000000,0.000000,0.000000,0.000000,0.000000,0.000000,0.000000,0.000000,0.000000,0.000000,0.000000,0.000000,0.000000,0.000000,0.000000,0.000000,0.000000,0.000000,0.000000,0.000000,0.000000,0.000000,0.000000,0.000000,0.000000,0.000000,0.000000,0.000000,0.000000,0.000000,0.000000,0.000000,0.000000,0.000000,0.000000,0.000000,0.000000,0.000000,0.000000,0.000000,0.000000,0.000000,0.000000,0.000000,0.000000,0.000000,0.000000,0.000000,0.000000,0.000000,0.000000,0.000000,0.000000,0.000000,0.000000,0.000000,0.000000,0.000000,0.000000,0.000000,0.000000,0.000000,0.000000,0.000000,0.000000,0.000000,0.000000,0.000000,0.000000,0.000000,0.000000,0.000000,0.000000,0.000000,0.000000,0.000000,0.000000,0.000000,0.000000,0.000000,0.000000,0.000000,0.000000,0.000000,0.000000,0.000000,0.000000,0.000000,0.000000,0.000000,0.000000,0.000000,0.000000,0.000000,0.000000,0.000000,0.000000,0.000000,0.000000,0.000000,0.000000,0.000000,0.000000,0.000000,0.000000,0.000000,0.000000,0.000000,0.000000,0.000000,0.000000,0.000000,0.000000,0.000000,0.000000,0.000000,0.000000,0.000000,0.000000,0.000000,0.000000,0.000000,0.000000,0.000000,0.000000,0.000000,0.000000,0.000000,0.000000,0.000000,0.000000,0.000000,0.000000,0.000000,0.000000,0.000000,0.000000,0.000000,0.000000,0.000000,0.000000,0.000000,0.000000,0.000000,2.900072,-0.802588,-0.914750,-0.286972,0.682667,-0.898981,-0.495408,0.970037,0.281930,-0.213781,-0.844277,0.510484,0.850612,0.483087,-0.767177,0.063725,-0.194458,0.808088,0.524612,0.603943,-0.172523,-0.950251,0.518797,0.266640,-0.717035,0.513549,-0.701399,0.479369,0.427228,-0.984965,0.549553,-0.184681,0.013166,0.929384,0.839699,-0.234664,0.419147,0.026171,0.644399,-0.360686,-0.058125,-0.775181,0.853361,0.801438,-0.447875,0.165947,-0.243276,-0.688409,-0.909954,0.645664,-0.421723,0.030884,0.805366,-0.960229,0.094791,0.910986
0.000000,0.000000,0.000000,0.000000,0.000000,0.000000,0.000000,0.000000,0.000000,0.000000,0.000000,0.000000,0.000000,0.000000,0.000000,0.000000,0.000000,0.000000,0.000000,0.000000,0.000000,0.000000,0.000000,0.000000,0.000000,0.000000,0.000000,0.000000,0.000000,0.000000,0.000000,0.000000,0.000000,0.000000,0.000000,0.000000,0.000000,0.000000,0.000000,0.000000,0.000000,0.000000,0.000000,0.000000,0.000000,0.000000,0.000000,0.000000,0.000000,0.000000,0.000000,0.000000,0.000000,0.000000,0.000000,0.000000,0.000000,0.000000,0.000000,0.000000,0.000000,0.000000,0.000000,0.000000,0.000000,0.000000,0.000000,0.000000,0.000000,0.000000,0.000000,0.000000,0.000000,0.000000,0.000000,0.000000,0.000000,0.000000,0.000000,0.000000,0.000000,0.000000,0.000000,0.000000,0.000000,0.000000,0.000000,0.000000,0.000000,0.000000,0.000000,0.000000,0.000000,0.000000,0.000000,0.000000,0.000000,0.000000,0.000000,0.000000,0.000000,0.000000,0.000000,0.000000,0.000000,0.000000,0.000000,0.000000,0.000000,0.000000,0.000000,0.000000,0.000000,0.000000,0.000000,0.000000,0.000000,0.000000,0.000000,0.000000,0.000000,0.000000,0.000000,0.000000,0.000000,0.000000,0.000000,0.000000,0.000000,0.000000,0.000000,0.000000,0.000000,0.000000,0.000000,0.000000,0.000000,0.000000,0.000000,0.000000,0.000000,0.000000,0.000000,0.000000,0.000000,0.000000,0.000000,0.000000,0.000000,0.000000,0.000000,0.000000,0.000000,0.000000,0.000000,0.000000,0.000000,0.000000,0.000000,0.000000,0.000000,0.000000,0.000000,0.000000,0.000000,0.000000,0.000000,0.000000,0.000000,0.000000,0.000000,0.000000,0.000000,0.000000,0.000000,0.000000,0.000000,0.000000,0.000000,0.000000,0.000000,0.000000,0.000000,0.000000,0.000000,0.000000,0.000000,0.000000,0.000000,0.000000,0.000000,0.000000,0.000000,0.000000,0.000000,0.000000,0.000000,0.000000,0.000000,2.523211,-0.561378,-0.598248,0.524973,-0.840539,0.198725,-0.531795,0.678514,-0.241168,-0.170055,0.588831,-0.823825,0.201923,0.925240,0.300751,-0.836416,0.817065,-0.742106,-0.262307,-0.636643,0.443706,-0.470217,-0.477782,-0.172881,-0.427811,0.569115,0.053366,0.111842,-0.676748,0.826979,-0.302229,-0.245240,-0.515221,0.920375,0.214105,-0.878088,-0.614776,-0.039107,-0.624295,0.210071,-0.384206,-0.300771,0.573313,0.048745,-0.773943,-0.256211,0.792684,0.692318,0.519684,0.687054,-0.816982,-0.755652,-0.962726,-0.749945,0.647095
0.000000,0.000000,0.000000,0.000000,0.000000,0.000000,0.000000,0.000000,0.000000,0.000000,0.000000,0.000000,0.000000,0.000000,0.000000,0.000000,0.000000,0.000000,0.000000,0.000000,0.000000,0.000000,0.000000,0.000000,0.000000,0.000000,0.000000,0.000000,0.000000,0.000000,0.000000,0.000000,0.000000,0.000000,0.000000,0.000000,0.000000,0.000000,0.000000,0.000000,0.000000,0.000000,0.000000,0.000000,0.000000,0.000000,0.000000,0.000000,0.000000,0.000000,0.000000,0.000000,0.000000,0.000000,0.000000,0.000000,0.000000,0.000000,0.000000,0.000000,0.000000,0.000000,0.000000,0.000000,0.000000,0.000000,0.000000,0.000000,0.000000,0.000000,0.000000,0.000000,0.000000,0.000000,0.000000,0.000000,0.000000,0.000000,0.000000,0.000000,0.000000,0.000000,0.000000,0.000000,0.000000,0.000000,0.000000,0.000000,0.000000,0.000000,0.000000,0.000000,0.000000,0.000000,0.000000,0.000000,0.000000,0.000000,0.000000,0.000000,0.000000,0.000000,0.000000,0.000000,0.000000,0.000000,0.000000,0.000000,0.000000,0.000000,0.000000,0.000000,0.000000,0.000000,0.000000,0.000000,0.000000,0.000000,0.000000,0.000000,0.000000,0.000000,0.000000,0.000000,0.000000,0.000000,0.000000,0.000000,0.000000,0.000000,0.000000,0.000000,0.000000,0.000000,0.000000,0.000000,0.000000,0.000000,0.000000,0.000000,0.000000,0.000000,0.000000,0.000000,0.000000,0.000000,0.000000,0.000000,0.000000,0.000000,0.000000,0.000000,0.000000,0.000000,0.000000,0.000000,0.000000,0.000000,0.000000,0.000000,0.000000,0.000000,0.000000,0.000000,0.000000,0.000000,0.000000,0.000000,0.000000,0.000000,0.000000,0.000000,0.000000,0.000000,0.000000,0.000000,0.000000,0.000000,0.000000,0.000000,0.000000,0.000000,0.000000,0.000000,0.000000,0.000000,0.000000,0.000000,0.000000,0.000000,0.000000,0.000000,0.000000,0.000000,0.000000,0.000000,0.000000,0.000000,0.000000,0.000000,0.594822,-0.069642,-0.505767,0.664998,0.605731,0.531989,-0.243487,0.851182,0.791717,0.301630,0.225185,-0.326109,0.471777,0.876979,-0.367570,-0.428141,-0.472835,0.966314,0.080635,0.935138,0.234759,-0.413078,0.172792,-0.689107,-0.103799,-0.114249,0.153078,-0.225516,-0.089727,0.752310,-0.639217,0.845298,0.077083,0.257747,-0.791470,-0.709484,0.465141,0.801321,0.037711,-0.664947,0.593831,0.835063,0.340356,-0.634273,-0.175060,0.879672,-0.616839,-0.658493,0.403581,0.086211,-0.590533,0.233038,0.873349,0.710393
0.000000,0.000000,0.000000,0.000000,0.000000,0.000000,0.000000,0.000000,0.000000,0.000000,0.000000,0.000000,0.000000,0.000000,0.000000,0.000000,0.000000,0.000000,0.000000,0.000000,0.000000,0.000000,0.000000,0.000000,0.000000,0.000000,0.000000,0.000000,0.000000,0.000000,0.000000,0.000000,0.000000,0.000000,0.000000,0.000000,0.000000,0.000000,0.000000,0.000000,0.000000,0.000000,0.000000,0.000000,0.000000,0.000000,0.000000,0.000000,0.000000,0.000000,0.000000,0.000000,0.000000,0.000000,0.000000,0.000000,0.000000,0.000000,0.000000,0.000000,0.000000,0.000000,0.000000,0.000000,0.000000,0.000000,0.000000,0.000000,0.000000,0.000000,0.000000,0.000000,0.000000,0.000000,0.000000,0.000000,0.000000,0.000000,0.000000,0.000000,0.000000,0.000000,0.000000,0.000000,0.000000,0.000000,0.000000,0.000000,0.000000,0.000000,0.000000,0.000000,0.000000,0.000000,0.000000,0.000000,0.000000,0.000000,0.000000,0.000000,0.000000,0.000000,0.000000,0.000000,0.000000,0.000000,0.000000,0.000000,0.000000,0.000000,0.000000,0.000000,0.000000,0.000000,0.000000,0.000000,0.000000,0.000000,0.000000,0.000000,0.000000,0.000000,0.000000,0.000000,0.000000,0.000000,0.000000,0.000000,0.000000,0.000000,0.000000,0.000000,0.000000,0.000000,0.000000,0.000000,0.000000,0.000000,0.000000,0.000000,0.000000,0.000000,0.000000,0.000000,0.000000,0.000000,0.000000,0.000000,0.000000,0.000000,0.000000,0.000000,0.000000,0.000000,0.000000,0.000000,0.000000,0.000000,0.000000,0.000000,0.000000,0.000000,0.000000,0.000000,0.000000,0.000000,0.000000,0.000000,0.000000,0.000000,0.000000,0.000000,0.000000,0.000000,0.000000,0.000000,0.000000,0.000000,0.000000,0.000000,0.000000,0.000000,0.000000,0.000000,0.000000,0.000000,0.000000,0.000000,0.000000,0.000000,0.000000,0.000000,0.000000,0.000000,0.000000,0.000000,0.000000,0.000000,0.000000,0.000000,0.000000,0.516330,0.753560,0.253804,-0.465749,-0.813160,0.942413,-0.941925,-0.630761,0.342495,0.515897,-0.466673,0.474141,0.530346,0.605454,0.507844,-0.934675,0.784615,0.125559,-0.137904,-0.951133,0.181601,-0.674481,0.095349,-0.621571,0.375831,-0.822309,0.200764,0.287603,-0.209510,0.834311,0.053099,0.501036,-0.110970,0.583429,0.794800,-0.174022,0.934722,-0.693743,0.692338,0.051670,-0.723175,0.250665,-0.737369,0.774970,0.631975,0.308630,-0.534029,0.925606,0.706327,0.430422,-0.269263,-0.031666,-0.323874
0.000000,0.000000,0.000000,0.000000,0.000000,0.000000,0.000000,0.000000,0.000000,0.000000,0.000000,0.000000,0.000000,0.000000,0.000000,0.000000,0.000000,0.000000,0.000000,0.000000,0.000000,0.000000,0.000000,0.000000,0.000000,0.000000,0.000000,0.000000,0.000000,0.000000,0.000000,0.000000,0.000000,0.000000,0.000000,0.000000,0.000000,0.000000,0.000000,0.000000,0.000000,0.000000,0.000000,0.000000,0.000000,0.000000,0.000000,0.000000,0.000000,0.000000,0.000000,0.000000,0.000000,0.000000,0.000000,0.000000,0.000000,0.000000,0.000000,0.000000,0.000000,0.000000,0.000000,0.000000,0.000000,0.000000,0.000000,0.000000,0.000000,0.000000,0.000000,0.000000,0.000000,0.000000,0.000000,0.000000,0.000000,0.000000,0.000000,0.000000,0.000000,0.000000,0.000000,0.000000,0.000000,0.000000,0.000000,0.000000,0.000000,0.000000,0.000000,0.000000,0.000000,0.000000,0.000000,0.000000,0.000000,0.000000,0.000000,0.000000,0.000000,0.000000,0.000000,0.000000,0.000000,0.000000,0.000000,0.000000,0.000000,0.000000,0.000000,0.000000,0.000000,0.000000,0.000000,0.000000,0.000000,0.000000,0.000000,0.000000,0.000000,0.000000,0.000000,0.000000,0.000000,0.000000,0.000000,0.000000,0.000000,0.000000,0.000000,0.000000,0.000000,0.000000,0.000000,0.000000,0.000000,0.000000,0.000000,0.000000,0.000000,0.000000,0.000000,0.000000,0.000000,0.000000,0.000000,0.000000,0.000000,0.000000,0.000000,0.000000,0.000000,0.000000,0.000000,0.000000,0.000000,0.000000,0.000000,0.000000,0.000000,0.000000,0.000000,0.000000,0.000000,0.000000,0.000000,0.000000,0.000000,0.000000,0.000000,0.000000,0.000000,0.000000,0.000000,0.000000,0.000000,0.000000,0.000000,0.000000,0.000000,0.000000,0.000000,0.000000,0.000000,0.000000,0.000000,0.000000,0.000000,0.000000,0.000000,0.000000,0.000000,0.000000,0.000000,0.000000,0.000000,0.000000,0.000000,0.000000,0.000000,0.000000,2.623466,-0.382234,-0.523378,-0.571308,-0.197675,0.245937,0.663298,0.849415,-0.839825,-0.905622,-0.274530,0.620207,0.814806,-0.663098,-0.428481,0.803924,0.151633,-0.184607,-0.512930,-0.774210,-0.783101,0.348149,0.440829,-0.268631,0.212001,-0.687931,-0.958093,-0.800348,-0.788279,0.969541,-0.527973,-0.731751,0.590774,-0.266680,-0.587478,-0.559253,-0.721923,-0.840189,0.360272,-0.120033,-0.703121,0.584891,-0.961750,-0.138724,-0.745389,-0.944458,0.101325,-0.689134,-0.862965,-0.042456,0.687272,-0.028742
0.000000,0.000000,0.000000,0.000000,0.000000,0.000000,0.000000,0.000000,0.000000,0.000000,0.000000,0.000000,0.000000,0.000000,0.000000,0.000000,0.000000,0.000000,0.000000,0.000000,0.000000,0.000000,0.000000,0.000000,0.000000,0.000000,0.000000,0.000000,0.000000,0.000000,0.000000,0.000000,0.000000,0.000000,0.000000,0.000000,0.000000,0.000000,0.000000,0.000000,0.000000,0.000000,0.000000,0.000000,0.000000,0.000000,0.000000,0.000000,0.000000,0.000000,0.000000,0.000000,0.000000,0.000000,0.000000,0.000000,0.000000,0.000000,0.000000,0.000000,0.000000,0.000000,0.000000,0.000000,0.000000,0.000000,0.000000,0.000000,0.000000,0.000000,0.000000,0.000000,0.000000,0.000000,0.000000,0.000000,0.000000,0.000000,0.000000,0.000000,0.000000,0.000000,0.000000,0.000000,0.000000,0.000000,0.000000,0.000000,0.000000,0.000000,0.000000,0.000000,0.000000,0.000000,0.000000,0.000000,0.000000,0.000000,0.000000,0.000000,0.000000,0.000000,0.000000,0.000000,0.000000,0.000000,0.000000,0.000000,0.000000,0.000000,0.000000,0.000000,0.000000,0.000000,0.000000,0.000000,0.000000,0.000000,0.000000,0.000000,0.000000,0.000000,0.000000,0.000000,0.000000,0.000000,0.000000,0.000000,0.000000,0.000000,0.000000,0.000000,0.000000,0.000000,0.000000,0.000000,0.000000,0.000000,0.000000,0.000000,0.000000,0.000000,0.000000,0.000000,0.000000,0.000000,0.000000,0.000000,0.000000,0.000000,0.000000,0.000000,0.000000,0.000000,0.000000,0.000000,0.000000,0.000000,0.000000,0.000000,0.000000,0.000000,0.000000,0.000000,0.000000,0.000000,0.000000,0.000000,0.000000,0.000000,0.000000,0.000000,0.000000,0.000000,0.000000,0.000000,0.000000,0.000000,0.000000,0.000000,0.000000,0.000000,0.000000,0.000000,0.000000,0.000000,0.000000,0.000000,0.000000,0.000000,0.000000,0.000000,0.000000,0.000000,0.000000,0.000000,0.000000,0.000000,0.000000,0.000000,0.000000,0.000000,0.000000,0.699136,-0.391286,-0.107815,-0.437688,-0.324927,0.000337,0.884940,0.609700,-0.591247,0.570517,-0.210911,0.631432,0.234214,0.357969,-0.275796,0.426383,0.131381,0.237144,0.094090,-0.888419,-0.051505,-0.897489,-0.662997,-0.048815,-0.187651,-0.904126,-0.725550,-0.069412,0.935319,-0.027208,0.545107,-0.113884,-0.616550,-0.957636,-0.249014,0.838982,-0.350351,-0.262945,0.385439,0.473826,0.216769,-0.323545,0.890512,-0.294979,-0.415980,0.686319,0.870444,0.913127,0.066436,0.738983,-0.632580
0.000000,0.000000,0.000000,0.000000,0.000000,0.000000,0.000000,0.000000,0.000000,0.000000,0.000000,0.000000,0.000000,0.000000,0.000000,0.000000,0.000000,0.000000,0.000000,0.000000,0.000000,0.000000,0.000000,0.000000,0.000000,0.000000,0.000000,0.000000,0.000000,0.000000,0.000000,0.000000,0.000000,0.000000,0.000000,0.000000,0.000000,0.000000,0.000000,0.000000,0.000000,0.000000,0.000000,0.000000,0.000000,0.000000,0.000000,0.000000,0.000000,0.000000,0.000000,0.000000,0.000000,0.000000,0.000000,0.000000,0.000000,0.000000,0.000000,0.000000,0.000000,0.000000,0.000000,0.000000,0.000000,0.000000,0.000000,0.000000,0.000000,0.000000,0.000000,0.000000,0.000000,0.000000,0.000000,0.000000,0.000000,0.000000,0.000000,0.000000,0.000000,0.000000,0.000000,0.000000,0.000000,0.000000,0.000000,0.000000,0.000000,0.000000,0.000000,0.000000,0.000000,0.000000,0.000000,0.000000,0.000000,0.000000,0.000000,0.000000,0.000000,0.000000,0.000000,0.000000,0.000000,0.000000,0.000000,0.000000,0.000000,0.000000,0.000000,0.000000,0.000000,0.000000,0.000000,0.000000,0.000000,0.000000,0.000000,0.000000,0.000000,0.000000,0.000000,0.000000,0.000000,0.000000,0.000000,0.000000,0.000000,0.000000,0.000000,0.000000,0.000000,0.000000,0.000000,0.000000,0.000000,0.000000,0.000000,0.000000,0.000000,0.000000,0.000000,0.000000,0.000000,0.000000,0.000000,0.000000,0.000000,0.000000,0.000000,0.000000,0.000000,0.000000,0.000000,0.000000,0.000000,0.000000,0.000000,0.000000,0.000000,0.000000,0.000000,0.000000,0.000000,0.000000,0.000000,0.000000,0.000000,0.000000,0.000000,0.000000,0.000000,0.000000,0.000000,0.000000,0.000000,0.000000,0.000000,0.000000,0.000000,0.000000,0.000000,0.000000,0.000000,0.000000,0.000000,0.000000,0.000000,0.000000,0.000000,0.000000,0.000000,0.000000,0.000000,0.000000,0.000000,0.000000,0.000000,0.000000,0.000000,0.000000,0.000000,0.000000,2.722498,0.516384,-0.201626,-0.509631,0.519300,-0.138830,0.957231,0.709201,0.580862,-0.332416,0.423303,0.511850,-0.181104,-0.810832,0.470568,-0.411068,-0.734476,-0.914634,-0.345484,0.019886,-0.923207,0.126803,0.790774,0.195848,0.049174,-0.535469,-0.121502,0.201132,0.730201,0.763678,-0.096143,-0.632671,0.414746,0.901140,0.915806,0.991305,-0.495532,0.673847,-0.896592,-0.969924,0.347534,-0.760237,-0.223280,-0.975095,-0.826417,-0.582687,0.108934,-0.336118,0.127714,0.297946
0.000000,0.000000,0.000000,0.000000,0.000000,0.000000,0.000000,0.000000,0.000000,0.000000,0.000000,0.000000,0.000000,0.000000,0.000000,0.000000,0.000000,0.000000,0.000000,0.000000,0.000000,0.000000,0.000000,0.000000,0.000000,0.000000,0.000000,0.000000,0.000000,0.000000,0.000000,0.000000,0.000000,0.000000,0.000000,0.000000,0.000000,0.000000,0.000000,0.000000,0.000000,0.000000,0.000000,0.000000,0.000000,0.000000,0.000000,0.000000,0.000000,0.000000,0.000000,0.000000,0.000000,0.000000,0.000000,0.000000,0.000000,0.000000,0.000000,0.000000,0.000000,0.000000,0.000000,0.000000,0.000000,0.000000,0.000000,0.000000,0.000000,0.000000,0.000000,0.000000,0.000000,0.000000,0.000000,0.000000,0.000000,0.000000,0.000000,0.000000,0.000000,0.000000,0.000000,0.000000,0.000000,0.000000,0.000000,0.000000,0.000000,0.000000,0.000000,0.000000,0.000000,0.000000,0.000000,0.000000,0.000000,0.000000,0.000000,0.000000,0.000000,0.000000,0.000000,0.000000,0.000000,0.000000,0.000000,0.000000,0.000000,0.000000,0.000000,0.000000,0.000000,0.000000,0.000000,0.000000,0.000000,0.000000,0.000000,0.000000,0.000000,0.000000,0.000000,0.000000,0.000000,0.000000,0.000000,0.000000,0.000000,0.000000,0.000000,0.000000,0.000000,0.000000,0.000000,0.000000,0.000000,0.000000,0.000000,0.000000,0.000000,0.000000,0.000000,0.000000,0.000000,0.000000,0.000000,0.000000,0.000000,0.000000,0.000000,0.000000,0.000000,0.000000,0.000000,0.000000,0.000000,0.000000,0.000000,0.000000,0.000000,0.000000,0.000000,0.000000,0.000000,0.000000,0.000000,0.000000,0.000000,0.000000,0.000000,0.000000,0.000000,0.000000,0.000000,0.000000,0.000000,0.000000,0.000000,0.000000,0.000000,0.000000,0.000000,0.000000,0.000000,0.000000,0.000000,0.000000,0.000000,0.000000,0.000000,0.000000,0.000000,0.000000,0.000000,0.000000,0.000000,0.000000,0.000000,0.000000,0.000000,0.000000,0.000000,0.000000,0.000000,0.508414,0.695398,-0.884509,0.746109,0.952120,0.807041,0.084348,0.539331,-0.654636,0.874185,-0.953342,0.102958,-0.077622,0.593791,0.490066,-0.339642,-0.672943,0.588547,0.954955,-0.804260,0.465774,0.031374,-0.376028,-0.971106,0.448134,-0.735939,0.701631,-0.470819,0.184688,-0.431517,0.404519,-0.765699,-0.313963,0.017919,0.170914,0.159156,-0.841208,-0.932447,-0.525617,-0.924587,-0.558793,-0.881482,0.054692,-0.790902,-0.169515,0.539124,0.544789,0.124372,-0.938438
0.000000,0.000000,0.000000,0.000000,0.000000,0.000000,0.000000,0.000000,0.000000,0.000000,0.000000,0.000000,0.000000,0.000000,0.000000,0.000000,0.000000,0.000000,0.000000,0.000000,0.000000,0.000000,0.000000,0.000000,0.000000,0.000000,0.000000,0.000000,0.000000,0.000000,0.000000,0.000000,0.000000,0.000000,0.000000,0.000000,0.000000,0.000000,0.000000,0.000000,0.000000,0.000000,0.000000,0.000000,0.000000,0.000000,0.000000,0.000000,0.000000,0.000000,0.000000,0.000000,0.000000,0.000000,0.000000,0.000000,0.000000,0.000000,0.000000,0.000000,0.000000,0.000000,0.000000,0.000000,0.000000,0.000000,0.000000,0.000000,0.000000,0.000000,0.000000,0.000000,0.000000,0.000000,0.000000,0.000000,0.000000,0.000000,0.000000,0.000000,0.000000,0.000000,0.000000,0.000000,0.000000,0.000000,0.000000,0.000000,0.000000,0.000000,0.000000,0.000000,0.000000,0.000000,0.000000,0.000000,0.000000,0.000000,0.000000,0.000000,0.000000,0.000000,0.000000,0.000000,0.000000,0.000000,0.000000,0.000000,0.000000,0.000000,0.000000,0.000000,0.000000,0.000000,0.000000,0.000000,0.000000,0.000000,0.000000,0.000000,0.000000,0.000000,0.000000,0.000000,0.000000,0.000000,0.000000,0.000000,0.000000,0.000000,0.000000,0.000000,0.000000,0.000000,0.000000,0.000000,0.000000,0.000000,0.000000,0.000000,0.000000,0.000000,0.000000,0.000000,0.000000,0.000000,0.000000,0.000000,0.000000,0.000000,0.000000,0.000000,0.000000,0.000000,0.000000,0.000000,0.000000,0.000000,0.000000,0.000000,0.000000,0.000000,0.000000,0.000000,0.000000,0.000000,0.000000,0.000000,0.000000,0.000000,0.000000,0.000000,0.000000,0.000000,0.000000,0.000000,0.000000,0.000000,0.000000,0.000000,0.000000,0.000000,0.000000,0.000000,0.000000,0.000000,0.000000,0.000000,0.000000,0.000000,0.000000,0.000000,0.000000,0.000000,0.000000,0.000000,0.000000,0.000000,0.000000,0.000000,0.000000,0.000000,0.000000,0.000000,0.000000,0.000000,1.841743,-0.494680,0.136813,0.816822,0.197737,0.881169,-0.582776,-0.463354,-0.702520,-0.843335,-0.978998,0.855869,-0.096535,0.877714,0.728004,0.487823,0.835688,-0.471980,0.712753,0.359960,0.199083,0.237331,0.812316,0.857834,-0.646073,-0.838470,-0.454715,0.620362,-0.805876,0.323522,-0.201575,0.824654,0.640039,0.015589,-0.238666,0.669222,-0.511307,0.086708,0.863328,0.207398,0.860172,-0.115981,0.258594,0.880792,0.474555,0.811194,0.664084,-0.844395
0.000000,0.000000,0.000000,0.000000,0.000000,0.000000,0.000000,0.000000,0.000000,0.000000,0.000000,0.000000,0.000000,0.000000,0.000000,0.000000,0.000000,0.000000,0.000000,0.000000,0.000000,0.000000,0.000000,0.000000,0.000000,0.000000,0.000000,0.000000,0.000000,0.000000,0.000000,0.000000,0.000000,0.000000,0.000000,0.000000,0.000000,0.000000,0.000000,0.000000,0.000000,0.000000,0.000000,0.000000,0.000000,0.000000,0.000000,0.000000,0.000000,0.000000,0.000000,0.000000,0.000000,0.000000,0.000000,0.000000,0.000000,0.000000,0.000000,0.000000,0.000000,0.000000,0.000000,0.000000,0.000000,0.000000,0.000000,0.000000,0.000000,0.000000,0.000000,0.000000,0.000000,0.000000,0.000000,0.000000,0.000000,0.000000,0.000000,0.000000,0.000000,0.000000,0.000000,0.000000,0.000000,0.000000,0.000000,0.000000,0.000000,0.000000,0.000000,0.000000,0.000000,0.000000,0.000000,0.000000,0.000000,0.000000,0.000000,0.000000,0.000000,0.000000,0.000000,0.000000,0.000000,0.000000,0.000000,0.000000,0.000000,0.000000,0.000000,0.000000,0.000000,0.000000,0.000000,0.000000,0.000000,0.000000,0.000000,0.000000,0.000000,0.000000,0.000000,0.000000,0.000000,0.000000,0.000000,0.000000,0.000000,0.000000,0.000000,0.000000,0.000000,0.000000,0.000000,0.000000,0.000000,0.000000,0.000000,0.000000,0.000000,0.000000,0.000000,0.000000,0.000000,0.000000,0.000000,0.000000,0.000000,0.000000,0.000000,0.000000,0.000000,0.000000,0.000000,0.000000,0.000000,0.000000,0.000000,0.000000,0.000000,0.000000,0.000000,0.000000,0.000000,0.000000,0.000000,0.000000,0.000000,0.000000,0.000000,0.000000,0.000000,0.000000,0.000000,0.000000,0.000000,0.000000,0.000000,0.000000,0.000000,0.000000,0.000000,0.000000,0.000000,0.000000,0.000000,0.000000,0.000000,0.000000,0.000000,0.000000,0.000000,0.000000,0.000000,0.000000,0.000000,0.000000,0.000000,0.000000,0.000000,0.000000,0.000000,0.000000,0.000000,0.000000,0.000000,1.146169,0.482965,0.780081,0.604619,-0.373682,0.242089,0.322780,-0.125374,0.175397,0.971993,0.089371,-0.611281,0.008210,-0.648498,0.376416,0.803804,0.351734,0.755264,0.455380,-0.125086,0.076392,0.065120,-0.215012,-0.814156,0.403631,-0.905677,-0.591905,-0.092248,0.974170,-0.386270,0.589410,-0.161059,-0.556889,-0.946836,-0.823105,-0.166531,-0.199631,0.252713,-0.875562,-0.432134,-0.953152,0.743824,-0.204911,0.168572,0.421115,-0.464062,-0.730102
0.000000,0.000000,0.000000,0.000000,0.000000,0.000000,0.000000,0.000000,0.000000,0.000000,0.000000,0.000000,0.000000,0.000000,0.000000,0.000000,0.000000,0.000000,0.000000,0.000000,0.000000,0.000000,0.000000,0.000000,0.000000,0.000000,0.000000,0.000000,0.000000,0.000000,0.000000,0.000000,0.000000,0.000000,0.000000,0.000000,0.000000,0.000000,0.000000,0.000000,0.000000,0.000000,0.000000,0.000000,0.000000,0.000000,0.000000,0.000000,0.000000,0.000000,0.000000,0.000000,0.000000,0.000000,0.000000,0.000000,0.000000,0.000000,0.000000,0.000000,0.000000,0.000000,0.000000,0.000000,0.000000,0.000000,0.000000,0.000000,0.000000,0.000000,0.000000,0.000000,0.000000,0.000000,0.000000,0.000000,0.000000,0.000000,0.000000,0.000000,0.000000,0.000000,0.000000,0.000000,0.000000,0.000000,0.000000,0.000000,0.000000,0.000000,0.000000,0.000000,0.000000,0.000000,0.000000,0.000000,0.000000,0.000000,0.000000,0.000000,0.000000,0.000000,0.000000,0.000000,0.000000,0.000000,0.000000,0.000000,0.000000,0.000000,0.000000,0.000000,0.000000,0.000000,0.000000,0.000000,0.000000,0.000000,0.000000,0.000000,0.000000,0.000000,0.000000,0.000000,0.000000,0.000000,0.000000,0.000000,0.000000,0.000000,0.000000,0.000000,0.000000,0.000000,0.000000,0.000000,0.000000,0.000000,0.000000,0.000000,0.000000,0.000000,0.000000,0.000000,0.000000,0.000000,0.000000,0.000000,0.000000,0.000000,0.000000,0.000000,0.000000,0.000000,0.000000,0.000000,0.000000,0.000000,0.000000,0.000000,0.000000,0.000000,0.000000,0.000000,0.000000,0.000000,0.000000,0.000000,0.000000,0.000000,0.000000,0.000000,0.000000,0.000000,0.000000,0.000000,0.000000,0.000000,0.000000,0.000000,0.000000,0.000000,0.000000,0.000000,0.000000,0.000000,0.000000,0.000000,0.000000,0.000000,0.000000,0.000000,0.000000,0.000000,0.000000,0.000000,0.000000,0.000000,0.000000,0.000000,0.000000,0.000000,0.000000,0.000000,0.000000,0.000000,0.000000,0.000000,1.950678,0.806716,0.785159,-0.383521,-0.467680,-0.292886,-0.509506,0.929027,-0.930666,-0.617348,-0.943402,0.707961,-0.056986,-0.543896,-0.209212,-0.787832,-0.784661,0.893771,0.392152,0.277384,-0.054486,-0.020362,0.544089,-0.895218,0.334883,0.101005,-0.386600,-0.568657,0.723511,0.863115,-0.808357,-0.660341,0.334219,0.548027,-0.017320,0.853785,0.746063,-0.747492,-0.715107,-0.828208,0.750842,0.115261,0.882785,0.458468,0.464000,-0.749700
0.000000,0.000000,0.000000,0.000000,0.000000,0.000000,0.000000,0.000000,0.000000,0.000000,0.000000,0.000000,0.000000,0.000000,0.000000,0.000000,0.000000,0.000000,0.000000,0.000000,0.000000,0.000000,0.000000,0.000000,0.000000,0.000000,0.000000,0.000000,0.000000,0.000000,0.000000,0.000000,0.000000,0.000000,0.000000,0.000000,0.000000,0.000000,0.000000,0.000000,0.000000,0.000000,0.000000,0.000000,0.000000,0.000000,0.000000,0.000000,0.000000,0.000000,0.000000,0.000000,0.000000,0.000000,0.000000,0.000000,0.000000,0.000000,0.000000,0.000000,0.000000,0.000000,0.000000,0.000000,0.000000,0.000000,0.000000,0.000000,0.000000,0.000000,0.000000,0.000000,0.000000,0.000000,0.000000,0.000000,0.000000,0.000000,0.000000,0.000000,0.000000,0.000000,0.000000,0.000000,0.000000,0.000000,0.000000,0.000000,0.000000,0.000000,0.000000,0.000000,0.000000,0.000000,0.000000,0.000000,0.000000,0.000000,0.000000,0.000000,0.000000,0.000000,0.000000,0.000000,0.000000,0.000000,0.000000,0.000000,0.000000,0.000000,0.000000,0.000000,0.000000,0.000000,0.000000,0.000000,0.000000,0.000000,0.000000,0.000000,0.000000,0.000000,0.000000,0.000000,0.000000,0.000000,0.000000,0.000000,0.000000,0.000000,0.000000,0.000000,0.000000,0.000000,0.000000,0.000000,0.000000,0.000000,0.000000,0.000000,0.000000,0.000000,0.000000,0.000000,0.000000,0.000000,0.000000,0.000000,0.000000,0.000000,0.000000,0.000000,0.000000,0.000000,0.000000,0.000000,0.000000,0.000000,0.000000,0.000000,0.000000,0.000000,0.000000,0.000000,0.000000,0.000000,0.000000,0.000000,0.000000,0.000000,0.000000,0.000000,0.000000,0.000000,0.000000,0.000000,0.000000,0.000000,0.000000,0.000000,0.000000,0.000000,0.000000,0.000000,0.000000,0.000000,0.000000,0.000000,0.000000,0.000000,0.000000,0.000000,0.000000,0.000000,0.000000,0.000000,0.000000,0.000000,0.000000,0.000000,0.000000,0.000000,0.000000,0.000000,0.000000,0.000000,0.000000,0.000000,0.000000,0.773803,0.861914,-0.034797,0.987854,-0.353931,0.242833,0.145616,-0.863844,0.037711,0.848765,-0.092260,-0.054742,0.401695,0.561418,0.655922,-0.096066,-0.111972,-0.053287,0.937976,0.858366,0.245498,-0.431341,0.800832,-0.658141,-0.786499,-0.170869,0.370607,-0.894821,-0.374221,0.568295,0.318439,-0.831066,-0.596377,0.450341,-0.766711,-0.980591,0.985362,0.227868,-0.142094,0.194156,0.340367,-0.008997,0.316136,0.417140,-0.641087
0.000000,0.000000,0.000000,0.000000,0.000000,0.000000,0.000000,0.000000,0.000000,0.000000,0.000000,0.000000,0.000000,0.000000,0.000000,0.000000,0.000000,0.000000,0.000000,0.000000,0.000000,0.000000,0.000000,0.000000,0.000000,0.000000,0.000000,0.000000,0.000000,0.000000,0.000000,0.000000,0.000000,0.000000,0.000000,0.000000,0.000000,0.000000,0.000000,0.000000,0.000000,0.000000,0.000000,0.000000,0.000000,0.000000,0.000000,0.000000,0.000000,0.000000,0.000000,0.000000,0.000000,0.000000,0.000000,0.000000,0.000000,0.000000,0.000000,0.000000,0.000000,0.000000,0.000000,0.000000,0.000000,0.000000,0.000000,0.000000,0.000000,0.000000,0.000000,0.000000,0.000000,0.000000,0.000000,0.000000,0.000000,0.000000,0.000000,0.000000,0.000000,0.000000,0.000000,0.000000,0.000000,0.000000,0.000000,0.000000,0.000000,0.000000,0.000000,0.000000,0.000000,0.000000,0.000000,0.000000,0.000000,0.000000,0.000000,0.000000,0.000000,0.000000,0.000000,0.000000,0.000000,0.000000,0.000000,0.000000,0.000000,0.000000,0.000000,0.000000,0.000000,0.000000,0.000000,0.000000,0.000000,0.000000,0.000000,0.000000,0.000000,0.000000,0.000000,0.000000,0.000000,0.000000,0.000000,0.000000,0.000000,0.000000,0.000000,0.000000,0.000000,0.000000,0.000000,0.000000,0.000000,0.000000,0.000000,0.000000,0.000000,0.000000,0.000000,0.000000,0.000000,0.000000,0.000000,0.000000,0.000000,0.000000,0.000000,0.000000,0.000000,0.000000,0.000000,0.000000,0.000000,0.000000,0.000000,0.000000,0.000000,0.000000,0.000000,0.000000,0.000000,0.000000,0.000000,0.000000,0.000000,0.000000,0.000000,0.000000,0.000000,0.000000,0.000000,0.000000,0.000000,0.000000,0.000000,0.000000,0.000000,0.000000,0.000000,0.000000,0.000000,0.000000,0.000000,0.000000,0.000000,0.000000,0.000000,0.000000,0.000000,0.000000,0.000000,0.000000,0.000000,0.000000,0.000000,0.000000,0.000000,0.000000,0.000000,0.000000,0.000000,0.000000,0.000000,0.000000,0.000000,0.000000,1.559273,-0.390781,0.594698,0.539813,0.621211,-0.125041,0.150660,0.411218,-0.355776,0.955372,-0.242752,0.074031,0.653586,0.494174,0.003154,-0.183347,0.274151,-0.128575,0.184017,0.599960,-0.756436,0.394698,-0.892333,0.468021,-0.581691,-0.013250,-0.466015,-0.356182,0.257448,-0.137652,-0.024860,0.997882,-0.756773,-0.231460,0.060419,0.627413,-0.435215,-0.212306,0.642524,0.060742,0.712131,-0.871304,-0.425841,0.115507
0.000000,0.000000,0.000000,0.000000,0.000000,0.000000,0.000000,0.000000,0.000000,0.000000,0.000000,0.000000,0.000000,0.000000,0.000000,0.000000,0.000000,0.000000,0.000000,0.000000,0.000000,0.000000,0.000000,0.000000,0.000000,0.000000,0.000000,0.000000,0.000000,0.000000,0.000000,0.000000,0.000000,0.000000,0.000000,0.000000,0.000000,0.000000,0.000000,0.000000,0.000000,0.000000,0.000000,0.000000,0.000000,0.000000,0.000000,0.000000,0.000000,0.000000,0.000000,0.000000,0.000000,0.000000,0.000000,0.000000,0.000000,0.000000,0.000000,0.000000,0.000000,0.000000,0.000000,0.000000,0.000000,0.000000,0.000000,0.000000,0.000000,0.000000,0.000000,0.000000,0.000000,0.000000,0.000000,0.000000,0.000000,0.000000,0.000000,0.000000,0.000000,0.000000,0.000000,0.000000,0.000000,0.000000,0.000000,0.000000,0.000000,0.000000,0.000000,0.000000,0.000000,0.000000,0.000000,0.000000,0.000000,0.000000,0.000000,0.000000,0.000000,0.000000,0.000000,0.000000,0.000000,0.000000,0.000000,0.000000,0.000000,0.000000,0.000000,0.000000,0.000000,0.000000,0.000000,0.000000,0.000000,0.000000,0.000000,0.000000,0.000000,0.000000,0.000000,0.000000,0.000000,0.000000,0.000000,0.000000,0.000000,0.000000,0.000000,0.000000,0.000000,0.000000,0.000000,0.000000,0.000000,0.000000,0.000000,0.000000,0.000000,0.000000,0.000000,0.000000,0.000000,0.000000,0.000000,0.000000,0.000000,0.000000,0.000000,0.000000,0.000000,0.000000,0.000000,0.000000,0.000000,0.000000,0.000000,0.000000,0.000000,0.000000,0.000000,0.000000,0.000000,0.000000,0.000000,0.000000,0.000000,0.000000,0.000000,0.000000,0.000000,0.000000,0.000000,0.000000,0.000000,0.000000,0.000000,0.000000,0.000000,0.000000,0.000000,0.000000,0.000000,0.000000,0.000000,0.000000,0.000000,0.000000,0.000000,0.000000,0.000000,0.000000,0.000000,0.000000,0.000000,0.000000,0.000000,0.000000,0.000000,0.000000,0.000000,0.000000,0.000000,0.000000,0.000000,0.000000,0.000000,0.000000,0.000000,0.804965,-0.036426,-0.964728,0.009324,0.840631,0.896636,-0.361775,-0.993087,0.824298,0.134380,0.161243,0.630136,-0.213296,-0.159766,0.702974,-0.016922,0.471616,0.810070,-0.212816,0.777865,-0.345202,0.859154,-0.389260,-0.531550,0.441643,0.843997,0.536296,0.480244,0.946051,0.114886,0.775238,-0.925811,-0.735687,-0.457017,0.892250,-0.606141,-0.233834,-0.928943,-0.843623,0.165296,-0.804524,0.798407,0.771601
0.000000,0.000000,0.000000,0.000000,0.000000,0.000000,0.000000,0.000000,0.000000,0.000000,0.000000,0.000000,0.000000,0.000000,0.000000,0.000000,0.000000,0.000000,0.000000,0.000000,0.000000,0.000000,0.000000,0.000000,0.000000,0.000000,0.000000,0.000000,0.000000,0.000000,0.000000,0.000000,0.000000,0.000000,0.000000,0.000000,0.000000,0.000000,0.000000,0.000000,0.000000,0.000000,0.000000,0.000000,0.000000,0.000000,0.000000,0.000000,0.000000,0.000000,0.000000,0.000000,0.000000,0.000000,0.000000,0.000000,0.000000,0.000000,0.000000,0.000000,0.000000,0.000000,0.000000,0.000000,0.000000,0.000000,0.000000,0.000000,0.000000,0.000000,0.000000,0.000000,0.000000,0.000000,0.000000,0.000000,0.000000,0.000000,0.000000,0.000000,0.000000,0.000000,0.000000,0.000000,0.000000,0.000000,0.000000,0.000000,0.000000,0.000000,0.000000,0.000000,0.000000,0.000000,0.000000,0.000000,0.000000,0.000000,0.000000,0.000000,0.000000,0.000000,0.000000,0.000000,0.000000,0.000000,0.000000,0.000000,0.000000,0.000000,0.000000,0.000000,0.000000,0.000000,0.000000,0.000000,0.000000,0.000000,0.000000,0.000000,0.000000,0.000000,0.000000,0.000000,0.000000,0.000000,0.000000,0.000000,0.000000,0.000000,0.000000,0.000000,0.000000,0.000000,0.000000,0.000000,0.000000,0.000000,0.000000,0.000000,0.000000,0.000000,0.000000,0.000000,0.000000,0.000000,0.000000,0.000000,0.000000,0.000000,0.000000,0.000000,0.000000,0.000000,0.000000,0.000000,0.000000,0.000000,0.000000,0.000000,0.000000,0.000000,0.000000,0.000000,0.000000,0.000000,0.000000,0.000000,0.000000,0.000000,0.000000,0.000000,0.000000,0.000000,0.000000,0.000000,0.000000,0.000000,0.000000,0.000000,0.000000,0.000000,0.000000,0.000000,0.000000,0.000000,0.000000,0.000000,0.000000,0.000000,0.000000,0.000000,0.000000,0.000000,0.000000,0.000000,0.000000,0.000000,0.000000,0.000000,0.000000,0.000000,0.000000,0.000000,0.000000,0.000000,0.000000,0.000000,0.000000,0.000000,0.000000,0.000000,2.055537,-0.207426,0.775644,-0.024365,-0.618771,-0.308683,-0.273714,0.159618,-0.197587,0.636559,0.253022,-0.495751,-0.195838,0.446494,-0.515508,-0.816732,0.422290,-0.186685,-0.751443,-0.041061,0.120628,-0.948485,0.582240,-0.016978,-0.948901,0.723573,0.170513,0.926505,-0.437564,-0.174782,0.325876,0.827963,0.582331,0.286038,0.591035,-0.810316,0.448358,0.157256,-0.451495,-0.522902,-0.423460,-0.754255
0.000000,0.000000,0.000000,0.000000,0.000000,0.000000,0.000000,0.000000,0.000000,0.000000,0.000000,0.000000,0.000000,0.000000,0.000000,0.000000,0.000000,0.000000,0.000000,0.000000,0.000000,0.000000,0.000000,0.000000,0.000000,0.000000,0.000000,0.000000,0.000000,0.000000,0.000000,0.000000,0.000000,0.000000,0.000000,0.000000,0.000000,0.000000,0.000000,0.000000,0.000000,0.000000,0.000000,0.000000,0.000000,0.000000,0.000000,0.000000,0.000000,0.000000,0.000000,0.000000,0.000000,0.000000,0.000000,0.000000,0.000000,0.000000,0.000000,0.000000,0.000000,0.000000,0.000000,0.000000,0.000000,0.000000,0.000000,0.000000,0.000000,0.000000,0.000000,0.000000,0.000000,0.000000,0.000000,0.000000,0.000000,0.000000,0.000000,0.000000,0.000000,0.000000,0.000000,0.000000,0.000000,0.000000,0.000000,0.000000,0.000000,0.000000,0.000000,0.000000,0.000000,0.000000,0.000000,0.000000,0.000000,0.000000,0.000000,0.000000,0.000000,0.000000,0.000000,0.000000,0.000000,0.000000,0.000000,0.000000,0.000000,0.000000,0.000000,0.000000,0.000000,0.000000,0.000000,0.000000,0.000000,0.000000,0.000000,0.000000,0.000000,0.000000,0.000000,0.000000,0.000000,0.000000,0.000000,0.000000,0.000000,0.000000,0.000000,0.000000,0.000000,0.000000,0.000000,0.000000,0.000000,0.000000,0.000000,0.000000,0.000000,0.000000,0.000000,0.000000,0.000000,0.000000,0.000000,0.000000,0.000000,0.000000,0.000000,0.000000,0.000000,0.000000,0.000000,0.000000,0.000000,0.000000,0.000000,0.000000,0.000000,0.000000,0.000000,0.000000,0.000000,0.000000,0.000000,0.000000,0.000000,0.000000,0.000000,0.000000,0.000000,0.000000,0.000000,0.000000,0.000000,0.000000,0.000000,0.000000,0.000000,0.000000,0.000000,0.000000,0.000000,0.000000,0.000000,0.000000,0.000000,0.000000,0.000000,0.000000,0.000000,0.000000,0.000000,0.000000,0.000000,0.000000,0.000000,0.000000,0.000000,0.000000,0.000000,0.000000,0.000000,0.000000,0.000000,0.000000,0.000000,0.000000,0.000000,0.000000,0.000000,1.183137,-0.857494,0.345478,0.024590,-0.744638,0.394391,-0.643977,-0.010229,0.840212,0.521838,0.168277,0.169839,-0.871615,-0.145979,-0.385756,-0.050729,0.902848,0.573034,0.219953,0.409379,0.461199,-0.087254,0.732715,0.234612,0.476068,-0.977903,0.075835,-0.271631,-0.889193,0.292267,0.857521,0.465511,-0.840218,-0.886619,-0.309936,-0.522904,-0.944856,-0.919856,-0.309707,-0.732922,-0.610667
0.000000,0.000000,0.000000,0.000000,0.000000,0.000000,0.000000,0.000000,0.000000,0.000000,0.000000,0.000000,0.000000,0.000000,0.000000,0.000000,0.000000,0.000000,0.000000,0.000000,0.000000,0.000000,0.000000,0.000000,0.000000,0.000000,0.000000,0.000000,0.000000,0.000000,0.000000,0.000000,0.000000,0.000000,0.000000,0.000000,0.000000,0.000000,0.000000,0.000000,0.000000,0.000000,0.000000,0.000000,0.000000,0.000000,0.000000,0.000000,0.000000,0.000000,0.000000,0.000000,0.000000,0.000000,0.000000,0.000000,0.000000,0.000000,0.000000,0.000000,0.000000,0.000000,0.000000,0.000000,0.000000,0.000000,0.000000,0.000000,0.000000,0.000000,0.000000,0.000000,0.000000,0.000000,0.000000,0.000000,0.000000,0.000000,0.000000,0.000000,0.000000,0.000000,0.000000,0.000000,0.000000,0.000000,0.000000,0.000000,0.000000,0.000000,0.000000,0.000000,0.000000,0.000000,0.000000,0.000000,0.000000,0.000000,0.000000,0.000000,0.000000,0.000000,0.000000,0.000000,0.000000,0.000000,0.000000,0.000000,0.000000,0.000000,0.000000,0.000000,0.000000,0.000000,0.000000,0.000000,0.000000,0.000000,0.000000,0.000000,0.000000,0.000000,0.000000,0.000000,0.000000,0.000000,0.000000,0.000000,0.000000,0.000000,0.000000,0.000000,0.000000,0.000000,0.000000,0.000000,0.000000,0.000000,0.000000,0.000000,0.000000,0.000000,0.000000,0.000000,0.000000,0.000000,0.000000,0.000000,0.000000,0.000000,0.000000,0.000000,0.000000,0.000000,0.000000,0.000000,0.000000,0.000000,0.000000,0.000000,0.000000,0.000000,0.000000,0.000000,0.000000,0.000000,0.000000,0.000000,0.000000,0.000000,0.000000,0.000000,0.000000,0.000000,0.000000,0.000000,0.000000,0.000000,0.000000,0.000000,0.000000,0.000000,0.000000,0.000000,0.000000,0.000000,0.000000,0.000000,0.000000,0.000000,0.000000,0.000000,0.000000,0.000000,0.000000,0.000000,0.000000,0.000000,0.000000,0.000000,0.000000,0.000000,0.000000,0.000000,0.000000,0.000000,0.000000,0.000000,0.000000,0.000000,0.000000,0.000000,0.000000,0.000000,2.673797,0.987356,0.609158,-0.534466,-0.648316,0.156951,0.567825,0.314886,0.607504,-0.026006,0.975536,0.573736,-0.898117,-0.271890,0.119242,-0.551605,-0.193298,0.259221,0.104336,0.722900,-0.474977,0.842287,-0.355711,0.840792,-0.503426,0.015086,0.864480,-0.445003,0.697505,0.002462,-0.160409,0.327378,-0.602898,0.317660,-0.646747,0.421733,0.221299,-0.720281,-0.798632,0.214706
0.000000,0.000000,0.000000,0.000000,0.000000,0.000000,0.000000,0.000000,0.000000,0.000000,0.000000,0.000000,0.000000,0.000000,0.000000,0.000000,0.000000,0.000000,0.000000,0.000000,0.000000,0.000000,0.000000,0.000000,0.000000,0.000000,0.000000,0.000000,0.000000,0.000000,0.000000,0.000000,0.000000,0.000000,0.000000,0.000000,0.000000,0.000000,0.000000,0.000000,0.000000,0.000000,0.000000,0.000000,0.000000,0.000000,0.000000,0.000000,0.000000,0.000000,0.000000,0.000000,0.000000,0.000000,0.000000,0.000000,0.000000,0.000000,0.000000,0.000000,0.000000,0.000000,0.000000,0.000000,0.000000,0.000000,0.000000,0.000000,0.000000,0.000000,0.000000,0.000000,0.000000,0.000000,0.000000,0.000000,0.000000,0.000000,0.000000,0.000000,0.000000,0.000000,0.000000,0.000000,0.000000,0.000000,0.000000,0.000000,0.000000,0.000000,0.000000,0.000000,0.000000,0.000000,0.000000,0.000000,0.000000,0.000000,0.000000,0.000000,0.000000,0.000000,0.000000,0.000000,0.000000,0.000000,0.000000,0.000000,0.000000,0.000000,0.000000,0.000000,0.000000,0.000000,0.000000,0.000000,0.000000,0.000000,0.000000,0.000000,0.000000,0.000000,0.000000,0.000000,0.000000,0.000000,0.000000,0.000000,0.000000,0.000000,0.000000,0.000000,0.000000,0.000000,0.000000,0.000000,0.000000,0.000000,0.000000,0.000000,0.000000,0.000000,0.000000,0.000000,0.000000,0.000000,0.000000,0.000000,0.000000,0.000000,0.000000,0.000000,0.000000,0.000000,0.000000,0.000000,0.000000,0.000000,0.000000,0.000000,0.000000,0.000000,0.000000,0.000000,0.000000,0.000000,0.000000,0.000000,0.000000,0.000000,0.000000,0.000000,0.000000,0.000000,0.000000,0.000000,0.000000,0.000000,0.000000,0.000000,0.000000,0.000000,0.000000,0.000000,0.000000,0.000000,0.000000,0.000000,0.000000,0.000000,0.000000,0.000000,0.000000,0.000000,0.000000,0.000000,0.000000,0.000000,0.000000,0.000000,0.000000,0.000000,0.000000,0.000000,0.000000,0.000000,0.000000,0.000000,0.000000,0.000000,0.000000,0.000000,0.000000,0.000000,0.000000,0.803715,0.250188,0.998043,-0.754048,-0.052378,0.848807,0.874204,-0.940178,0.616016,-0.522908,0.493137,-0.289994,-0.550222,-0.058557,-0.648163,-0.151609,-0.210362,0.925724,0.084247,0.394140,-0.650122,0.994604,-0.004639,-0.849538,0.218572,-0.363707,-0.412135,-0.365963,-0.099167,-0.425749,0.557355,-0.642082,-0.716121,-0.791056,-0.179279,-0.774249,-0.949883,-0.411189,0.960060
0.000000,0.000000,0.000000,0.000000,0.000000,0.000000,0.000000,0.000000,0.000000,0.000000,0.000000,0.000000,0.000000,0.000000,0.000000,0.000000,0.000000,0.000000,0.000000,0.000000,0.000000,0.000000,0.000000,0.000000,0.000000,0.000000,0.000000,0.000000,0.000000,0.000000,0.000000,0.000000,0.000000,0.000000,0.000000,0.000000,0.000000,0.000000,0.000000,0.000000,0.000000,0.000000,0.000000,0.000000,0.000000,0.000000,0.000000,0.000000,0.000000,0.000000,0.000000,0.000000,0.000000,0.000000,0.000000,0.000000,0.000000,0.000000,0.000000,0.000000,0.000000,0.000000,0.000000,0.000000,0.000000,0.000000,0.000000,0.000000,0.000000,0.000000,0.000000,0.000000,0.000000,0.000000,0.000000,0.000000,0.000000,0.000000,0.000000,0.000000,0.000000,0.000000,0.000000,0.000000,0.000000,0.000000,0.000000,0.000000,0.000000,0.000000,0.000000,0.000000,0.000000,0.000000,0.000000,0.000000,0.000000,0.000000,0.000000,0.000000,0.000000,0.000000,0.000000,0.000000,0.000000,0.000000,0.000000,0.000000,0.000000,0.000000,0.000000,0.000000,0.000000,0.000000,0.000000,0.000000,0.000000,0.000000,0.000000,0.000000,0.000000,0.000000,0.000000,0.000000,0.000000,0.000000,0.000000,0.000000,0.000000,0.000000,0.000000,0.000000,0.000000,0.000000,0.000000,0.000000,0.000000,0.000000,0.000000,0.000000,0.000000,0.000000,0.000000,0.000000,0.000000,0.000000,0.000000,0.000000,0.000000,0.000000,0.000000,0.000000,0.000000,0.000000,0.000000,0.000000,0.000000,0.000000,0.000000,0.000000,0.000000,0.000000,0.000000,0.000000,0.000000,0.000000,0.000000,0.000000,0.000000,0.000000,0.000000,0.000000,0.000000,0.000000,0.000000,0.000000,0.000000,0.000000,0.000000,0.000000,0.000000,0.000000,0.000000,0.000000,0.000000,0.000000,0.000000,0.000000,0.000000,0.000000,0.000000,0.000000,0.000000,0.000000,0.000000,0.000000,0.000000,0.000000,0.000000,0.000000,0.000000,0.000000,0.000000,0.000000,0.000000,0.000000,0.000000,0.000000,0.000000,0.000000,0.000000,0.000000,0.000000,0.000000,0.000000,0.000000,0.527293,-0.872263,0.166270,-0.004242,-0.791377,0.789450,0.348863,-0.010631,0.087464,0.592345,-0.803840,0.866334,-0.774731,-0.082904,-0.504836,0.330425,0.679660,0.233343,-0.552044,0.558758,0.885324,-0.678024,-0.492979,0.059196,0.479545,-0.746027,-0.898698,0.133918,0.594453,-0.404742,0.165969,0.606903,-0.942356,-0.327672,-0.393606,0.446116,0.332438,0.653615
0.000000,0.000000,0.000000,0.000000,0.000000,0.000000,0.000000,0.000000,0.000000,0.000000,0.000000,0.000000,0.000000,0.000000,0.000000,0.000000,0.000000,0.000000,0.000000,0.000000,0.000000,0.000000,0.000000,0.000000,0.000000,0.000000,0.000000,0.000000,0.000000,0.000000,0.000000,0.000000,0.000000,0.000000,0.000000,0.000000,0.000000,0.000000,0.000000,0.000000,0.000000,0.000000,0.000000,0.000000,0.000000,0.000000,0.000000,0.000000,0.000000,0.000000,0.000000,0.000000,0.000000,0.000000,0.000000,0.000000,0.000000,0.000000,0.000000,0.000000,0.000000,0.000000,0.000000,0.000000,0.000000,0.000000,0.000000,0.000000,0.000000,0.000000,0.000000,0.000000,0.000000,0.000000,0.000000,0.000000,0.000000,0.000000,0.000000,0.000000,0.000000,0.000000,0.000000,0.000000,0.000000,0.000000,0.000000,0.000000,0.000000,0.000000,0.000000,0.000000,0.000000,0.000000,0.000000,0.000000,0.000000,0.000000,0.000000,0.000000,0.000000,0.000000,0.000000,0.000000,0.000000,0.000000,0.000000,0.000000,0.000000,0.000000,0.000000,0.000000,0.000000,0.000000,0.000000,0.000000,0.000000,0.000000,0.000000,0.000000,0.000000,0.000000,0.000000,0.000000,0.000000,0.000000,0.000000,0.000000,0.000000,0.000000,0.000000,0.000000,0.000000,0.000000,0.000000,0.000000,0.000000,0.000000,0.000000,0.000000,0.000000,0.000000,0.000000,0.000000,0.000000,0.000000,0.000000,0.000000,0.000000,0.000000,0.000000,0.000000,0.000000,0.000000,0.000000,0.000000,0.000000,0.000000,0.000000,0.000000,0.000000,0.000000,0.000000,0.000000,0.000000,0.000000,0.000000,0.000000,0.000000,0.000000,0.000000,0.000000,0.000000,0.000000,0.000000,0.000000,0.000000,0.000000,0.000000,0.000000,0.000000,0.000000,0.000000,0.000000,0.000000,0.000000,0.000000,0.000000,0.000000,0.000000,0.000000,0.000000,0.000000,0.000000,0.000000,0.000000,0.000000,0.000000,0.000000,0.000000,0.000000,0.000000,0.000000,0.000000,0.000000,0.000000,0.000000,0.000000,0.000000,0.000000,0.000000,0.000000,0.000000,0.000000,0.000000,0.000000,0.000000,1.871611,-0.544220,-0.133793,-0.207899,0.335496,0.907846,-0.084594,0.277687,-0.644610,0.148790,0.456826,0.527491,0.947251,0.975127,0.030923,0.721195,0.474255,0.049198,-0.939863,0.954033,0.930453,0.036285,-0.311127,-0.776431,-0.889734,0.606812,-0.181121,0.125662,-0.397046,0.227991,0.517538,0.785785,-0.007831,-0.399630,-0.846388,0.708027,0.707135
0.000000,0.000000,0.000000,0.000000,0.000000,0.000000,0.000000,0.000000,0.000000,0.000000,0.000000,0.000000,0.000000,0.000000,0.000000,0.000000,0.000000,0.000000,0.000000,0.000000,0.000000,0.000000,0.000000,0.000000,0.000000,0.000000,0.000000,0.000000,0.000000,0.000000,0.000000,0.000000,0.000000,0.000000,0.000000,0.000000,0.000000,0.000000,0.000000,0.000000,0.000000,0.000000,0.000000,0.000000,0.000000,0.000000,0.000000,0.000000,0.000000,0.000000,0.000000,0.000000,0.000000,0.000000,0.000000,0.000000,0.000000,0.000000,0.000000,0.000000,0.000000,0.000000,0.000000,0.000000,0.000000,0.000000,0.000000,0.000000,0.000000,0.000000,0.000000,0.000000,0.000000,0.000000,0.000000,0.000000,0.000000,0.000000,0.000000,0.000000,0.000000,0.000000,0.000000,0.000000,0.000000,0.000000,0.000000,0.000000,0.000000,0.000000,0.000000,0.000000,0.000000,0.000000,0.000000,0.000000,0.000000,0.000000,0.000000,0.000000,0.000000,0.000000,0.000000,0.000000,0.000000,0.000000,0.000000,0.000000,0.000000,0.000000,0.000000,0.000000,0.000000,0.000000,0.000000,0.000000,0.000000,0.000000,0.000000,0.000000,0.000000,0.000000,0.000000,0.000000,0.000000,0.000000,0.000000,0.000000,0.000000,0.000000,0.000000,0.000000,0.000000,0.000000,0.000000,0.000000,0.000000,0.000000,0.000000,0.000000,0.000000,0.000000,0.000000,0.000000,0.000000,0.000000,0.000000,0.000000,0.000000,0.000000,0.000000,0.000000,0.000000,0.000000,0.000000,0.000000,0.000000,0.000000,0.000000,0.000000,0.000000,0.000000,0.000000,0.000000,0.000000,0.000000,0.000000,0.000000,0.000000,0.000000,0.000000,0.000000,0.000000,0.000000,0.000000,0.000000,0.000000,0.000000,0.000000,0.000000,0.000000,0.000000,0.000000,0.000000,0.000000,0.000000,0.000000,0.000000,0.000000,0.000000,0.000000,0.000000,0.000000,0.000000,0.000000,0.000000,0.000000,0.000000,0.000000,0.000000,0.000000,0.000000,0.000000,0.000000,0.000000,0.000000,0.000000,0.000000,0.000000,0.000000,0.000000,0.000000,0.000000,0.000000,0.000000,0.000000,0.000000,0.000000,1.383460,-0.585479,0.346780,0.513319,0.443644,-0.857435,0.968458,0.089041,0.216691,-0.909352,-0.976393,-0.747333,-0.218042,0.889548,0.456043,0.998457,0.359749,-0.800481,0.388993,0.282660,0.772618,0.088488,-0.508853,0.465434,0.506808,0.028412,-0.810347,-0.172449,0.679846,-0.392739,0.463306,-0.492981,-0.342583,-0.325906,-0.728930,-0.297671
0.000000,0.000000,0.000000,0.000000,0.000000,0.000000,0.000000,0.000000,0.000000,0.000000,0.000000,0.000000,0.000000,0.000000,0.000000,0.000000,0.000000,0.000000,0.000000,0.000000,0.000000,0.000000,0.000000,0.000000,0.000000,0.000000,0.000000,0.000000,0.000000,0.000000,0.000000,0.000000,0.000000,0.000000,0.000000,0.000000,0.000000,0.000000,0.000000,0.000000,0.000000,0.000000,0.000000,0.000000,0.000000,0.000000,0.000000,0.000000,0.000000,0.000000,0.000000,0.000000,0.000000,0.000000,0.000000,0.000000,0.000000,0.000000,0.000000,0.000000,0.000000,0.000000,0.000000,0.000000,0.000000,0.000000,0.000000,0.000000,0.000000,0.000000,0.000000,0.000000,0.000000,0.000000,0.000000,0.000000,0.000000,0.000000,0.000000,0.000000,0.000000,0.000000,0.000000,0.000000,0.000000,0.000000,0.000000,0.000000,0.000000,0.000000,0.000000,0.000000,0.000000,0.000000,0.000000,0.000000,0.000000,0.000000,0.000000,0.000000,0.000000,0.000000,0.000000,0.000000,0.000000,0.000000,0.000000,0.000000,0.000000,0.000000,0.000000,0.000000,0.000000,0.000000,0.000000,0.000000,0.000000,0.000000,0.000000,0.000000,0.000000,0.000000,0.000000,0.000000,0.000000,0.000000,0.000000,0.000000,0.000000,0.000000,0.000000,0.000000,0.000000,0.000000,0.000000,0.000000,0.000000,0.000000,0.000000,0.000000,0.000000,0.000000,0.000000,0.000000,0.000000,0.000000,0.000000,0.000000,0.000000,0.000000,0.000000,0.000000,0.000000,0.000000,0.000000,0.000000,0.000000,0.000000,0.000000,0.000000,0.000000,0.000000,0.000000,0.000000,0.000000,0.000000,0.000000,0.000000,0.000000,0.000000,0.000000,0.000000,0.000000,0.000000,0.000000,0.000000,0.000000,0.000000,0.000000,0.000000,0.000000,0.000000,0.000000,0.000000,0.000000,0.000000,0.000000,0.000000,0.000000,0.000000,0.000000,0.000000,0.000000,0.000000,0.000000,0.000000,0.000000,0.000000,0.000000,0.000000,0.000000,0.000000,0.000000,0.000000,0.000000,0.000000,0.000000,0.000000,0.000000,0.000000,0.000000,0.000000,0.000000,0.000000,0.000000,0.000000,0.000000,0.000000,0.000000,2.309041,-0.197379,-0.400528,0.401420,0.030958,-0.128270,0.592312,-0.236110,0.088696,-0.936450,-0.321168,-0.526193,0.771500,-0.957895,0.400091,0.512398,-0.334997,-0.485804,-0.670331,-0.445792,0.827880,-0.913326,-0.086569,-0.471238,0.391742,-0.332195,-0.308077,-0.883411,0.820993,0.043175,-0.862027,0.503448,0.560067,-0.077720,0.958257
0.000000,0.000000,0.000000,0.000000,0.000000,0.000000,0.000000,0.000000,0.000000,0.000000,0.000000,0.000000,0.000000,0.000000,0.000000,0.000000,0.000000,0.000000,0.000000,0.000000,0.000000,0.000000,0.000000,0.000000,0.000000,0.000000,0.000000,0.000000,0.000000,0.000000,0.000000,0.000000,0.000000,0.000000,0.000000,0.000000,0.000000,0.000000,0.000000,0.000000,0.000000,0.000000,0.000000,0.000000,0.000000,0.000000,0.000000,0.000000,0.000000,0.000000,0.000000,0.000000,0.000000,0.000000,0.000000,0.000000,0.000000,0.000000,0.000000,0.000000,0.000000,0.000000,0.000000,0.000000,0.000000,0.000000,0.000000,0.000000,0.000000,0.000000,0.000000,0.000000,0.000000,0.000000,0.000000,0.000000,0.000000,0.000000,0.000000,0.000000,0.000000,0.000000,0.000000,0.000000,0.000000,0.000000,0.000000,0.000000,0.000000,0.000000,0.000000,0.000000,0.000000,0.000000,0.000000,0.000000,0.000000,0.000000,0.000000,0.000000,0.000000,0.000000,0.000000,0.000000,0.000000,0.000000,0.000000,0.000000,0.000000,0.000000,0.000000,0.000000,0.000000,0.000000,0.000000,0.000000,0.000000,0.000000,0.000000,0.000000,0.000000,0.000000,0.000000,0.000000,0.000000,0.000000,0.000000,0.000000,0.000000,0.000000,0.000000,0.000000,0.000000,0.000000,0.000000,0.000000,0.000000,0.000000,0.000000,0.000000,0.000000,0.000000,0.000000,0.000000,0.000000,0.000000,0.000000,0.000000,0.000000,0.000000,0.000000,0.000000,0.000000,0.000000,0.000000,0.000000,0.000000,0.000000,0.000000,0.000000,0.000000,0.000000,0.000000,0.000000,0.000000,0.000000,0.000000,0.000000,0.000000,0.000000,0.000000,0.000000,0.000000,0.000000,0.000000,0.000000,0.000000,0.000000,0.000000,0.000000,0.000000,0.000000,0.000000,0.000000,0.000000,0.000000,0.000000,0.000000,0.000000,0.000000,0.000000,0.000000,0.000000,0.000000,0.000000,0.000000,0.000000,0.000000,0.000000,0.000000,0.000000,0.000000,0.000000,0.000000,0.000000,0.000000,0.000000,0.000000,0.000000,0.000000,0.000000,0.000000,0.000000,0.000000,0.000000,0.000000,0.000000,0.000000,0.000000,0.000000,1.065000,0.688428,0.692863,0.042453,0.080216,-0.775442,-0.733574,-0.154432,0.836205,-0.570950,-0.049994,-0.871512,-0.401533,-0.255990,0.925761,-0.613921,-0.798563,-0.892494,0.044087,0.038904,-0.608300,-0.504964,-0.362298,-0.981100,0.634112,0.545544,-0.359492,0.148596,-0.343640,-0.946416,0.179578,0.443240,-0.332300,-0.517256
0.000000,0.000000,0.000000,0.000000,0.000000,0.000000,0.000000,0.000000,0.000000,0.000000,0.000000,0.000000,0.000000,0.000000,0.000000,0.000000,0.000000,0.000000,0.000000,0.000000,0.000000,0.000000,0.000000,0.000000,0.000000,0.000000,0.000000,0.000000,0.000000,0.000000,0.000000,0.000000,0.000000,0.000000,0.000000,0.000000,0.000000,0.000000,0.000000,0.000000,0.000000,0.000000,0.000000,0.000000,0.000000,0.000000,0.000000,0.000000,0.000000,0.000000,0.000000,0.000000,0.000000,0.000000,0.000000,0.000000,0.000000,0.000000,0.000000,0.000000,0.000000,0.000000,0.000000,0.000000,0.000000,0.000000,0.000000,0.000000,0.000000,0.000000,0.000000,0.000000,0.000000,0.000000,0.000000,0.000000,0.000000,0.000000,0.000000,0.000000,0.000000,0.000000,0.000000,0.000000,0.000000,0.000000,0.000000,0.000000,0.000000,0.000000,0.000000,0.000000,0.000000,0.000000,0.000000,0.000000,0.000000,0.000000,0.000000,0.000000,0.000000,0.000000,0.000000,0.000000,0.000000,0.000000,0.000000,0.000000,0.000000,0.000000,0.000000,0.000000,0.000000,0.000000,0.000000,0.000000,0.000000,0.000000,0.000000,0.000000,0.000000,0.000000,0.000000,0.000000,0.000000,0.000000,0.000000,0.000000,0.000000,0.000000,0.000000,0.000000,0.000000,0.000000,0.000000,0.000000,0.000000,0.000000,0.000000,0.000000,0.000000,0.000000,0.000000,0.000000,0.000000,0.000000,0.000000,0.000000,0.000000,0.000000,0.000000,0.000000,0.000000,0.000000,0.000000,0.000000,0.000000,0.000000,0.000000,0.000000,0.000000,0.000000,0.000000,0.000000,0.000000,0.000000,0.000000,0.000000,0.000000,0.000000,0.000000,0.000000,0.000000,0.000000,0.000000,0.000000,0.000000,0.000000,0.000000,0.000000,0.000000,0.000000,0.000000,0.000000,0.000000,0.000000,0.000000,0.000000,0.000000,0.000000,0.000000,0.000000,0.000000,0.000000,0.000000,0.000000,0.000000,0.000000,0.000000,0.000000,0.000000,0.000000,0.000000,0.000000,0.000000,0.000000,0.000000,0.000000,0.000000,0.000000,0.000000,0.000000,0.000000,0.000000,0.000000,0.000000,0.000000,0.000000,0.000000,0.000000,0.000000,1.160572,-0.301808,-0.064881,0.509838,-0.601982,0.412695,0.929095,-0.639452,0.015198,-0.277447,0.200910,0.761693,0.772685,-0.113900,0.514700,0.022609,0.544014,0.768722,0.423614,-0.878487,-0.509411,0.571558,-0.960711,0.035878,0.220839,0.639992,0.613233,-0.853639,0.359391,0.580601,-0.789120,-0.029173,0.298717
0.000000,0.000000,0.000000,0.000000,0.000000,0.000000,0.000000,0.000000,0.000000,0.000000,0.000000,0.000000,0.000000,0.000000,0.000000,0.000000,0.000000,0.000000,0.000000,0.000000,0.000000,0.000000,0.000000,0.000000,0.000000,0.000000,0.000000,0.000000,0.000000,0.000000,0.000000,0.000000,0.000000,0.000000,0.000000,0.000000,0.000000,0.000000,0.000000,0.000000,0.000000,0.000000,0.000000,0.000000,0.000000,0.000000,0.000000,0.000000,0.000000,0.000000,0.000000,0.000000,0.000000,0.000000,0.000000,0.000000,0.000000,0.000000,0.000000,0.000000,0.000000,0.000000,0.000000,0.000000,0.000000,0.000000,0.000000,0.000000,0.000000,0.000000,0.000000,0.000000,0.000000,0.000000,0.000000,0.000000,0.000000,0.000000,0.000000,0.000000,0.000000,0.000000,0.000000,0.000000,0.000000,0.000000,0.000000,0.000000,0.000000,0.000000,0.000000,0.000000,0.000000,0.000000,0.000000,0.000000,0.000000,0.000000,0.000000,0.000000,0.000000,0.000000,0.000000,0.000000,0.000000,0.000000,0.000000,0.000000,0.000000,0.000000,0.000000,0.000000,0.000000,0.000000,0.000000,0.000000,0.000000,0.000000,0.000000,0.000000,0.000000,0.000000,0.000000,0.000000,0.000000,0.000000,0.000000,0.000000,0.000000,0.000000,0.000000,0.000000,0.000000,0.000000,0.000000,0.000000,0.000000,0.000000,0.000000,0.000000,0.000000,0.000000,0.000000,0.000000,0.000000,0.000000,0.000000,0.000000,0.000000,0.000000,0.000000,0.000000,0.000000,0.000000,0.000000,0.000000,0.000000,0.000000,0.000000,0.000000,0.000000,0.000000,0.000000,0.000000,0.000000,0.000000,0.000000,0.000000,0.000000,0.000000,0.000000,0.000000,0.000000,0.000000,0.000000,0.000000,0.000000,0.000000,0.000000,0.000000,0.000000,0.000000,0.000000,0.000000,0.000000,0.000000,0.000000,0.000000,0.000000,0.000000,0.000000,0.000000,0.000000,0.000000,0.000000,0.000000,0.000000,0.000000,0.000000,0.000000,0.000000,0.000000,0.000000,0.000000,0.000000,0.000000,0.000000,0.000000,0.000000,0.000000,0.000000,0.000000,0.000000,0.000000,0.000000,0.000000,0.000000,0.000000,0.000000,0.000000,0.000000,0.000000,1.355997,-0.258935,-0.794245,0.548731,-0.525762,-0.130157,0.032763,-0.825500,-0.137737,-0.695272,-0.534954,-0.287427,-0.020539,-0.131590,-0.856841,-0.299261,-0.921559,-0.498426,-0.829780,-0.665225,0.004981,0.854621,-0.610471,0.461613,-0.912596,-0.328302,-0.197230,-0.783296,0.273547,-0.708653,0.601356,0.183051
0.000000,0.000000,0.000000,0.000000,0.000000,0.000000,0.000000,0.000000,0.000000,0.000000,0.000000,0.000000,0.000000,0.000000,0.000000,0.000000,0.000000,0.000000,0.000000,0.000000,0.000000,0.000000,0.000000,0.000000,0.000000,0.000000,0.000000,0.000000,0.000000,0.000000,0.000000,0.000000,0.000000,0.000000,0.000000,0.000000,0.000000,0.000000,0.000000,0.000000,0.000000,0.000000,0.000000,0.000000,0.000000,0.000000,0.000000,0.000000,0.000000,0.000000,0.000000,0.000000,0.000000,0.000000,0.000000,0.000000,0.000000,0.000000,0.000000,0.000000,0.000000,0.000000,0.000000,0.000000,0.000000,0.000000,0.000000,0.000000,0.000000,0.000000,0.000000,0.000000,0.000000,0.000000,0.000000,0.000000,0.000000,0.000000,0.000000,0.000000,0.000000,0.000000,0.000000,0.000000,0.000000,0.000000,0.000000,0.000000,0.000000,0.000000,0.000000,0.000000,0.000000,0.000000,0.000000,0.000000,0.000000,0.000000,0.000000,0.000000,0.000000,0.000000,0.000000,0.000000,0.000000,0.000000,0.000000,0.000000,0.000000,0.000000,0.000000,0.000000,0.000000,0.000000,0.000000,0.000000,0.000000,0.000000,0.000000,0.000000,0.000000,0.000000,0.000000,0.000000,0.000000,0.000000,0.000000,0.000000,0.000000,0.000000,0.000000,0.000000,0.000000,0.000000,0.000000,0.000000,0.000000,0.000000,0.000000,0.000000,0.000000,0.000000,0.000000,0.000000,0.000000,0.000000,0.000000,0.000000,0.000000,0.000000,0.000000,0.000000,0.000000,0.000000,0.000000,0.000000,0.000000,0.000000,0.000000,0.000000,0.000000,0.000000,0.000000,0.000000,0.000000,0.000000,0.000000,0.000000,0.000000,0.000000,0.000000,0.000000,0.000000,0.000000,0.000000,0.000000,0.000000,0.000000,0.000000,0.000000,0.000000,0.000000,0.000000,0.000000,0.000000,0.000000,0.000000,0.000000,0.000000,0.000000,0.000000,0.000000,0.000000,0.000000,0.000000,0.000000,0.000000,0.000000,0.000000,0.000000,0.000000,0.000000,0.000000,0.000000,0.000000,0.000000,0.000000,0.000000,0.000000,0.000000,0.000000,0.000000,0.000000,0.000000,0.000000,0.000000,0.000000,0.000000,0.000000,0.000000,0.000000,0.000000,0.000000,2.353233,-0.671534,-0.365800,0.410950,-0.093310,0.264683,-0.173083,0.344423,0.283055,-0.400989,0.763360,0.464777,-0.863558,-0.924592,0.432246,0.264063,0.848912,0.350938,-0.583615,-0.915918,0.064814,-0.007407,0.874759,0.416742,0.800103,0.513133,0.321242,0.126264,0.160071,0.014914,0.677939
0.000000,0.000000,0.000000,0.000000,0.000000,0.000000,0.000000,0.000000,0.000000,0.000000,0.000000,0.000000,0.000000,0.000000,0.000000,0.000000,0.000000,0.000000,0.000000,0.000000,0.000000,0.000000,0.000000,0.000000,0.000000,0.000000,0.000000,0.000000,0.000000,0.000000,0.000000,0.000000,0.000000,0.000000,0.000000,0.000000,0.000000,0.000000,0.000000,0.000000,0.000000,0.000000,0.000000,0.000000,0.000000,0.000000,0.000000,0.000000,0.000000,0.000000,0.000000,0.000000,0.000000,0.000000,0.000000,0.000000,0.000000,0.000000,0.000000,0.000000,0.000000,0.000000,0.000000,0.000000,0.000000,0.000000,0.000000,0.000000,0.000000,0.000000,0.000000,0.000000,0.000000,0.000000,0.000000,0.000000,0.000000,0.000000,0.000000,0.000000,0.000000,0.000000,0.000000,0.000000,0.000000,0.000000,0.000000,0.000000,0.000000,0.000000,0.000000,0.000000,0.000000,0.000000,0.000000,0.000000,0.000000,0.000000,0.000000,0.000000,0.000000,0.000000,0.000000,0.000000,0.000000,0.000000,0.000000,0.000000,0.000000,0.000000,0.000000,0.000000,0.000000,0.000000,0.000000,0.000000,0.000000,0.000000,0.000000,0.000000,0.000000,0.000000,0.000000,0.000000,0.000000,0.000000,0.000000,0.000000,0.000000,0.000000,0.000000,0.000000,0.000000,0.000000,0.000000,0.000000,0.000000,0.000000,0.000000,0.000000,0.000000,0.000000,0.000000,0.000000,0.000000,0.000000,0.000000,0.000000,0.000000,0.000000,0.000000,0.000000,0.000000,0.000000,0.000000,0.000000,0.000000,0.000000,0.000000,0.000000,0.000000,0.000000,0.000000,0.000000,0.000000,0.000000,0.000000,0.000000,0.000000,0.000000,0.000000,0.000000,0.000000,0.000000,0.000000,0.000000,0.000000,0.000000,0.000000,0.000000,0.000000,0.000000,0.000000,0.000000,0.000000,0.000000,0.000000,0.000000,0.000000,0.000000,0.000000,0.000000,0.000000,0.000000,0.000000,0.000000,0.000000,0.000000,0.000000,0.000000,0.000000,0.000000,0.000000,0.000000,0.000000,0.000000,0.000000,0.000000,0.000000,0.000000,0.000000,0.000000,0.000000,0.000000,0.000000,0.000000,0.000000,0.000000,0.000000,0.000000,0.000000,0.000000,0.000000,0.000000,1.086580,0.830382,0.118986,-0.125136,-0.577947,-0.447874,0.168309,-0.696551,-0.993379,-0.481548,-0.391791,0.882630,0.163648,-0.188470,0.966000,-0.265191,0.916278,0.882931,0.379793,0.050469,0.643490,-0.352179,-0.264283,-0.586231,-0.489197,-0.727085,0.701362,-0.997504,-0.151048,-0.271565
0.000000,0.000000,0.000000,0.000000,0.000000,0.000000,0.000000,0.000000,0.000000,0.000000,0.000000,0.000000,0.000000,0.000000,0.000000,0.000000,0.000000,0.000000,0.000000,0.000000,0.000000,0.000000,0.000000,0.000000,0.000000,0.000000,0.000000,0.000000,0.000000,0.000000,0.000000,0.000000,0.000000,0.000000,0.000000,0.000000,0.000000,0.000000,0.000000,0.000000,0.000000,0.000000,0.000000,0.000000,0.000000,0.000000,0.000000,0.000000,0.000000,0.000000,0.000000,0.000000,0.000000,0.000000,0.000000,0.000000,0.000000,0.000000,0.000000,0.000000,0.000000,0.000000,0.000000,0.000000,0.000000,0.000000,0.000000,0.000000,0.000000,0.000000,0.000000,0.000000,0.000000,0.000000,0.000000,0.000000,0.000000,0.000000,0.000000,0.000000,0.000000,0.000000,0.000000,0.000000,0.000000,0.000000,0.000000,0.000000,0.000000,0.000000,0.000000,0.000000,0.000000,0.000000,0.000000,0.000000,0.000000,0.000000,0.000000,0.000000,0.000000,0.000000,0.000000,0.000000,0.000000,0.000000,0.000000,0.000000,0.000000,0.000000,0.000000,0.000000,0.000000,0.000000,0.000000,0.000000,0.000000,0.000000,0.000000,0.000000,0.000000,0.000000,0.000000,0.000000,0.000000,0.000000,0.000000,0.000000,0.000000,0.000000,0.000000,0.000000,0.000000,0.000000,0.000000,0.000000,0.000000,0.000000,0.000000,0.000000,0.000000,0.000000,0.000000,0.000000,0.000000,0.000000,0.000000,0.000000,0.000000,0.000000,0.000000,0.000000,0.000000,0.000000,0.000000,0.000000,0.000000,0.000000,0.000000,0.000000,0.000000,0.000000,0.000000,0.000000,0.000000,0.000000,0.000000,0.000000,0.000000,0.000000,0.000000,0.000000,0.000000,0.000000,0.000000,0.000000,0.000000,0.000000,0.000000,0.000000,0.000000,0.000000,0.000000,0.000000,0.000000,0.000000,0.000000,0.000000,0.000000,0.000000,0.000000,0.000000,0.000000,0.000000,0.000000,0.000000,0.000000,0.000000,0.000000,0.000000,0.000000,0.000000,0.000000,0.000000,0.000000,0.000000,0.000000,0.000000,0.000000,0.000000,0.000000,0.000000,0.000000,0.000000,0.000000,0.000000,0.000000,0.000000,0.000000,0.000000,0.000000,0.000000,0.000000,0.000000,0.000000,1.469186,0.687524,0.642124,0.326794,0.378219,0.607066,-0.229910,-0.098930,-0.510536,-0.523894,0.869236,0.521298,-0.094023,-0.922012,0.485602,0.897032,0.853478,0.428325,0.295476,-0.758320,-0.828674,-0.469594,0.127486,0.826428,0.742193,-0.387875,-0.267516,-0.379312,0.060343
0.000000,0.000000,0.000000,0.000000,0.000000,0.000000,0.000000,0.000000,0.000000,0.000000,0.000000,0.000000,0.000000,0.000000,0.000000,0.000000,0.000000,0.000000,0.000000,0.000000,0.000000,0.000000,0.000000,0.000000,0.000000,0.000000,0.000000,0.000000,0.000000,0.000000,0.000000,0.000000,0.000000,0.000000,0.000000,0.000000,0.000000,0.000000,0.000000,0.000000,0.000000,0.000000,0.000000,0.000000,0.000000,0.000000,0.000000,0.000000,0.000000,0.000000,0.000000,0.000000,0.000000,0.000000,0.000000,0.000000,0.000000,0.000000,0.000000,0.000000,0.000000,0.000000,0.000000,0.000000,0.000000,0.000000,0.000000,0.000000,0.000000,0.000000,0.000000,0.000000,0.000000,0.000000,0.000000,0.000000,0.000000,0.000000,0.000000,0.000000,0.000000,0.000000,0.000000,0.000000,0.000000,0.000000,0.000000,0.000000,0.000000,0.000000,0.000000,0.000000,0.000000,0.000000,0.000000,0.000000,0.000000,0.000000,0.000000,0.000000,0.000000,0.000000,0.000000,0.000000,0.000000,0.000000,0.000000,0.000000,0.000000,0.000000,0.000000,0.000000,0.000000,0.000000,0.000000,0.000000,0.000000,0.000000,0.000000,0.000000,0.000000,0.000000,0.000000,0.000000,0.000000,0.000000,0.000000,0.000000,0.000000,0.000000,0.000000,0.000000,0.000000,0.000000,0.000000,0.000000,0.000000,0.000000,0.000000,0.000000,0.000000,0.000000,0.000000,0.000000,0.000000,0.000000,0.000000,0.000000,0.000000,0.000000,0.000000,0.000000,0.000000,0.000000,0.000000,0.000000,0.000000,0.000000,0.000000,0.000000,0.000000,0.000000,0.000000,0.000000,0.000000,0.000000,0.000000,0.000000,0.000000,0.000000,0.000000,0.000000,0.000000,0.000000,0.000000,0.000000,0.000000,0.000000,0.000000,0.000000,0.000000,0.000000,0.000000,0.000000,0.000000,0.000000,0.000000,0.000000,0.000000,0.000000,0.000000,0.000000,0.000000,0.000000,0.000000,0.000000,0.000000,0.000000,0.000000,0.000000,0.000000,0.000000,0.000000,0.000000,0.000000,0.000000,0.000000,0.000000,0.000000,0.000000,0.000000,0.000000,0.000000,0.000000,0.000000,0.000000,0.000000,0.000000,0.000000,0.000000,0.000000,0.000000,0.000000,0.000000,0.000000,0.000000,2.522313,0.566235,0.772613,0.043440,0.316310,0.907811,0.351106,-0.665879,-0.346293,-0.848611,-0.779007,-0.016330,0.477140,-0.622115,-0.359969,-0.326898,0.680245,-0.631929,-0.931924,0.247683,0.053703,-0.994581,0.529384,-0.152274,0.095643,0.341627,-0.897309,-0.654912
0.000000,0.000000,0.000000,0.000000,0.000000,0.000000,0.000000,0.000000,0.000000,0.000000,0.000000,0.000000,0.000000,0.000000,0.000000,0.000000,0.000000,0.000000,0.000000,0.000000,0.000000,0.000000,0.000000,0.000000,0.000000,0.000000,0.000000,0.000000,0.000000,0.000000,0.000000,0.000000,0.000000,0.000000,0.000000,0.000000,0.000000,0.000000,0.000000,0.000000,0.000000,0.000000,0.000000,0.000000,0.000000,0.000000,0.000000,0.000000,0.000000,0.000000,0.000000,0.000000,0.000000,0.000000,0.000000,0.000000,0.000000,0.000000,0.000000,0.000000,0.000000,0.000000,0.000000,0.000000,0.000000,0.000000,0.000000,0.000000,0.000000,0.000000,0.000000,0.000000,0.000000,0.000000,0.000000,0.000000,0.000000,0.000000,0.000000,0.000000,0.000000,0.000000,0.000000,0.000000,0.000000,0.000000,0.000000,0.000000,0.000000,0.000000,0.000000,0.000000,0.000000,0.000000,0.000000,0.000000,0.000000,0.000000,0.000000,0.000000,0.000000,0.000000,0.000000,0.000000,0.000000,0.000000,0.000000,0.000000,0.000000,0.000000,0.000000,0.000000,0.000000,0.000000,0.000000,0.000000,0.000000,0.000000,0.000000,0.000000,0.000000,0.000000,0.000000,0.000000,0.000000,0.000000,0.000000,0.000000,0.000000,0.000000,0.000000,0.000000,0.000000,0.000000,0.000000,0.000000,0.000000,0.000000,0.000000,0.000000,0.000000,0.000000,0.000000,0.000000,0.000000,0.000000,0.000000,0.000000,0.000000,0.000000,0.000000,0.000000,0.000000,0.000000,0.000000,0.000000,0.000000,0.000000,0.000000,0.000000,0.000000,0.000000,0.000000,0.000000,0.000000,0.000000,0.000000,0.000000,0.000000,0.000000,0.000000,0.000000,0.000000,0.000000,0.000000,0.000000,0.000000,0.000000,0.000000,0.000000,0.000000,0.000000,0.000000,0.000000,0.000000,0.000000,0.000000,0.000000,0.000000,0.000000,0.000000,0.000000,0.000000,0.000000,0.000000,0.000000,0.000000,0.000000,0.000000,0.000000,0.000000,0.000000,0.000000,0.000000,0.000000,0.000000,0.000000,0.000000,0.000000,0.000000,0.000000,0.000000,0.000000,0.000000,0.000000,0.000000,0.000000,0.000000,0.000000,0.000000,0.000000,0.000000,0.000000,0.000000,0.000000,0.000000,0.000000,1.657855,-0.656199,-0.766835,-0.350072,-0.146677,0.699742,0.189876,0.858794,-0.085607,-0.055164,-0.377101,-0.836878,-0.655984,-0.864584,0.406898,-0.301999,-0.936966,0.504398,-0.490317,0.787043,0.646167,-0.392481,-0.528567,0.986160,0.639292,0.853249,-0.965926
0.000000,0.000000,0.000000,0.000000,0.000000,0.000000,0.000000,0.000000,0.000000,0.000000,0.000000,0.000000,0.000000,0.000000,0.000000,0.000000,0.000000,0.000000,0.000000,0.000000,0.000000,0.000000,0.000000,0.000000,0.000000,0.000000,0.000000,0.000000,0.000000,0.000000,0.000000,0.000000,0.000000,0.000000,0.000000,0.000000,0.000000,0.000000,0.000000,0.000000,0.000000,0.000000,0.000000,0.000000,0.000000,0.000000,0.000000,0.000000,0.000000,0.000000,0.000000,0.000000,0.000000,0.000000,0.000000,0.000000,0.000000,0.000000,0.000000,0.000000,0.000000,0.000000,0.000000,0.000000,0.000000,0.000000,0.000000,0.000000,0.000000,0.000000,0.000000,0.000000,0.000000,0.000000,0.000000,0.000000,0.000000,0.000000,0.000000,0.000000,0.000000,0.000000,0.000000,0.000000,0.000000,0.000000,0.000000,0.000000,0.000000,0.000000,0.000000,0.000000,0.000000,0.000000,0.000000,0.000000,0.000000,0.000000,0.000000,0.000000,0.000000,0.000000,0.000000,0.000000,0.000000,0.000000,0.000000,0.000000,0.000000,0.000000,0.000000,0.000000,0.000000,0.000000,0.000000,0.000000,0.000000,0.000000,0.000000,0.000000,0.000000,0.000000,0.000000,0.000000,0.000000,0.000000,0.000000,0.000000,0.000000,0.000000,0.000000,0.000000,0.000000,0.000000,0.000000,0.000000,0.000000,0.000000,0.000000,0.000000,0.000000,0.000000,0.000000,0.000000,0.000000,0.000000,0.000000,0.000000,0.000000,0.000000,0.000000,0.000000,0.000000,0.000000,0.000000,0.000000,0.000000,0.000000,0.000000,0.000000,0.000000,0.000000,0.000000,0.000000,0.000000,0.000000,0.000000,0.000000,0.000000,0.000000,0.000000,0.000000,0.000000,0.000000,0.000000,0.000000,0.000000,0.000000,0.000000,0.000000,0.000000,0.000000,0.000000,0.000000,0.000000,0.000000,0.000000,0.000000,0.000000,0.000000,0.000000,0.000000,0.000000,0.000000,0.000000,0.000000,0.000000,0.000000,0.000000,0.000000,0.000000,0.000000,0.000000,0.000000,0.000000,0.000000,0.000000,0.000000,0.000000,0.000000,0.000000,0.000000,0.000000,0.000000,0.000000,0.000000,0.000000,0.000000,0.000000,0.000000,0.000000,0.000000,0.000000,0.000000,0.000000,0.000000,0.000000,0.000000,1.995825,-0.466716,-0.250539,-0.817849,0.496731,0.051288,0.584046,-0.767028,0.994546,-0.302888,0.902887,0.352912,-0.782332,0.563978,0.121327,-0.622594,-0.625527,0.906309,0.997126,0.152231,-0.625693,-0.319482,-0.576084,0.214982,-0.199444,-0.243864
0.000000,0.000000,0.000000,0.000000,0.000000,0.000000,0.000000,0.000000,0.000000,0.000000,0.000000,0.000000,0.000000,0.000000,0.000000,0.000000,0.000000,0.000000,0.000000,0.000000,0.000000,0.000000,0.000000,0.000000,0.000000,0.000000,0.000000,0.000000,0.000000,0.000000,0.000000,0.000000,0.000000,0.000000,0.000000,0.000000,0.000000,0.000000,0.000000,0.000000,0.000000,0.000000,0.000000,0.000000,0.000000,0.000000,0.000000,0.000000,0.000000,0.000000,0.000000,0.000000,0.000000,0.000000,0.000000,0.000000,0.000000,0.000000,0.000000,0.000000,0.000000,0.000000,0.000000,0.000000,0.000000,0.000000,0.000000,0.000000,0.000000,0.000000,0.000000,0.000000,0.000000,0.000000,0.000000,0.000000,0.000000,0.000000,0.000000,0.000000,0.000000,0.000000,0.000000,0.000000,0.000000,0.000000,0.000000,0.000000,0.000000,0.000000,0.000000,0.000000,0.000000,0.000000,0.000000,0.000000,0.000000,0.000000,0.000000,0.000000,0.000000,0.000000,0.000000,0.000000,0.000000,0.000000,0.000000,0.000000,0.000000,0.000000,0.000000,0.000000,0.000000,0.000000,0.000000,0.000000,0.000000,0.000000,0.000000,0.000000,0.000000,0.000000,0.000000,0.000000,0.000000,0.000000,0.000000,0.000000,0.000000,0.000000,0.000000,0.000000,0.000000,0.000000,0.000000,0.000000,0.000000,0.000000,0.000000,0.000000,0.000000,0.000000,0.000000,0.000000,0.000000,0.000000,0.000000,0.000000,0.000000,0.000000,0.000000,0.000000,0.000000,0.000000,0.000000,0.000000,0.000000,0.000000,0.000000,0.000000,0.000000,0.000000,0.000000,0.000000,0.000000,0.000000,0.000000,0.000000,0.000000,0.000000,0.000000,0.000000,0.000000,0.000000,0.000000,0.000000,0.000000,0.000000,0.000000,0.000000,0.000000,0.000000,0.000000,0.000000,0.000000,0.000000,0.000000,0.000000,0.000000,0.000000,0.000000,0.000000,0.000000,0.000000,0.000000,0.000000,0.000000,0.000000,0.000000,0.000000,0.000000,0.000000,0.000000,0.000000,0.000000,0.000000,0.000000,0.000000,0.000000,0.000000,0.000000,0.000000,0.000000,0.000000,0.000000,0.000000,0.000000,0.000000,0.000000,0.000000,0.000000,0.000000,0.000000,0.000000,0.000000,0.000000,0.000000,0.000000,0.000000,2.503545,0.927137,-0.605948,-0.171152,0.073060,-0.508255,-0.196200,-0.888406,-0.917557,0.572721,-0.321813,0.414849,-0.834172,0.341334,0.306740,0.642910,-0.590785,0.102235,0.802366,-0.560234,-0.750271,-0.310470,0.930692,-0.685219,-0.761331
0.000000,0.000000,0.000000,0.000000,0.000000,0.000000,0.000000,0.000000,0.000000,0.000000,0.000000,0.000000,0.000000,0.000000,0.000000,0.000000,0.000000,0.000000,0.000000,0.000000,0.000000,0.000000,0.000000,0.000000,0.000000,0.000000,0.000000,0.000000,0.000000,0.000000,0.000000,0.000000,0.000000,0.000000,0.000000,0.000000,0.000000,0.000000,0.000000,0.000000,0.000000,0.000000,0.000000,0.000000,0.000000,0.000000,0.000000,0.000000,0.000000,0.000000,0.000000,0.000000,0.000000,0.000000,0.000000,0.000000,0.000000,0.000000,0.000000,0.000000,0.000000,0.000000,0.000000,0.000000,0.000000,0.000000,0.000000,0.000000,0.000000,0.000000,0.000000,0.000000,0.000000,0.000000,0.000000,0.000000,0.000000,0.000000,0.000000,0.000000,0.000000,0.000000,0.000000,0.000000,0.000000,0.000000,0.000000,0.000000,0.000000,0.000000,0.000000,0.000000,0.000000,0.000000,0.000000,0.000000,0.000000,0.000000,0.000000,0.000000,0.000000,0.000000,0.000000,0.000000,0.000000,0.000000,0.000000,0.000000,0.000000,0.000000,0.000000,0.000000,0.000000,0.000000,0.000000,0.000000,0.000000,0.000000,0.000000,0.000000,0.000000,0.000000,0.000000,0.000000,0.000000,0.000000,0.000000,0.000000,0.000000,0.000000,0.000000,0.000000,0.000000,0.000000,0.000000,0.000000,0.000000,0.000000,0.000000,0.000000,0.000000,0.000000,0.000000,0.000000,0.000000,0.000000,0.000000,0.000000,0.000000,0.000000,0.000000,0.000000,0.000000,0.000000,0.000000,0.000000,0.000000,0.000000,0.000000,0.000000,0.000000,0.000000,0.000000,0.000000,0.000000,0.000000,0.000000,0.000000,0.000000,0.000000,0.000000,0.000000,0.000000,0.000000,0.000000,0.000000,0.000000,0.000000,0.000000,0.000000,0.000000,0.000000,0.000000,0.000000,0.000000,0.000000,0.000000,0.000000,0.000000,0.000000,0.000000,0.000000,0.000000,0.000000,0.000000,0.000000,0.000000,0.000000,0.000000,0.000000,0.000000,0.000000,0.000000,0.000000,0.000000,0.000000,0.000000,0.000000,0.000000,0.000000,0.000000,0.000000,0.000000,0.000000,0.000000,0.000000,0.000000,0.000000,0.000000,0.000000,0.000000,0.000000,0.000000,0.000000,0.000000,0.000000,0.000000,0.000000,0.000000,0.000000,2.994368,-0.213687,-0.701502,0.117239,-0.972285,-0.148850,-0.927563,0.130677,0.249540,-0.992945,0.025410,0.889908,-0.203822,0.909006,0.926942,-0.519500,0.154758,0.660625,0.418315,0.520258,-0.478142,0.836427,-0.528712,0.289615
0.000000,0.000000,0.000000,0.000000,0.000000,0.000000,0.000000,0.000000,0.000000,0.000000,0.000000,0.000000,0.000000,0.000000,0.000000,0.000000,0.000000,0.000000,0.000000,0.000000,0.000000,0.000000,0.000000,0.000000,0.000000,0.000000,0.000000,0.000000,0.000000,0.000000,0.000000,0.000000,0.000000,0.000000,0.000000,0.000000,0.000000,0.000000,0.000000,0.000000,0.000000,0.000000,0.000000,0.000000,0.000000,0.000000,0.000000,0.000000,0.000000,0.000000,0.000000,0.000000,0.000000,0.000000,0.000000,0.000000,0.000000,0.000000,0.000000,0.000000,0.000000,0.000000,0.000000,0.000000,0.000000,0.000000,0.000000,0.000000,0.000000,0.000000,0.000000,0.000000,0.000000,0.000000,0.000000,0.000000,0.000000,0.000000,0.000000,0.000000,0.000000,0.000000,0.000000,0.000000,0.000000,0.000000,0.000000,0.000000,0.000000,0.000000,0.000000,0.000000,0.000000,0.000000,0.000000,0.000000,0.000000,0.000000,0.000000,0.000000,0.000000,0.000000,0.000000,0.000000,0.000000,0.000000,0.000000,0.000000,0.000000,0.000000,0.000000,0.000000,0.000000,0.000000,0.000000,0.000000,0.000000,0.000000,0.000000,0.000000,0.000000,0.000000,0.000000,0.000000,0.000000,0.000000,0.000000,0.000000,0.000000,0.000000,0.000000,0.000000,0.000000,0.000000,0.000000,0.000000,0.000000,0.000000,0.000000,0.000000,0.000000,0.000000,0.000000,0.000000,0.000000,0.000000,0.000000,0.000000,0.000000,0.000000,0.000000,0.000000,0.000000,0.000000,0.000000,0.000000,0.000000,0.000000,0.000000,0.000000,0.000000,0.000000,0.000000,0.000000,0.000000,0.000000,0.000000,0.000000,0.000000,0.000000,0.000000,0.000000,0.000000,0.000000,0.000000,0.000000,0.000000,0.000000,0.000000,0.000000,0.000000,0.000000,0.000000,0.000000,0.000000,0.000000,0.000000,0.000000,0.000000,0.000000,0.000000,0.000000,0.000000,0.000000,0.000000,0.000000,0.000000,0.000000,0.000000,0.000000,0.000000,0.000000,0.000000,0.000000,0.000000,0.000000,0.000000,0.000000,0.000000,0.000000,0.000000,0.000000,0.000000,0.000000,0.000000,0.000000,0.000000,0.000000,0.000000,0.000000,0.000000,0.000000,0.000000,0.000000,0.000000,0.000000,0.000000,0.000000,0.000000,0.000000,0.000000,2.711779,-0.281012,0.104267,0.381025,0.856975,-0.103927,0.206408,-0.716412,-0.869554,-0.957131,-0.046832,0.091438,-0.827285,-0.637807,-0.467398,0.782549,-0.801479,-0.020619,0.578135,0.740347,0.386271,-0.468896,-0.757163
0.000000,0.000000,0.000000,0.000000,0.000000,0.000000,0.000000,0.000000,0.000000,0.000000,0.000000,0.000000,0.000000,0.000000,0.000000,0.000000,0.000000,0.000000,0.000000,0.000000,0.000000,0.000000,0.000000,0.000000,0.000000,0.000000,0.000000,0.000000,0.000000,0.000000,0.000000,0.000000,0.000000,0.000000,0.000000,0.000000,0.000000,0.000000,0.000000,0.000000,0.000000,0.000000,0.000000,0.000000,0.000000,0.000000,0.000000,0.000000,0.000000,0.000000,0.000000,0.000000,0.000000,0.000000,0.000000,0.000000,0.000000,0.000000,0.000000,0.000000,0.000000,0.000000,0.000000,0.000000,0.000000,0.000000,0.000000,0.000000,0.000000,0.000000,0.000000,0.000000,0.000000,0.000000,0.000000,0.000000,0.000000,0.000000,0.000000,0.000000,0.000000,0.000000,0.000000,0.000000,0.000000,0.000000,0.000000,0.000000,0.000000,0.000000,0.000000,0.000000,0.000000,0.000000,0.000000,0.000000,0.000000,0.000000,0.000000,0.000000,0.000000,0.000000,0.000000,0.000000,0.000000,0.000000,0.000000,0.000000,0.000000,0.000000,0.000000,0.000000,0.000000,0.000000,0.000000,0.000000,0.000000,0.000000,0.000000,0.000000,0.000000,0.000000,0.000000,0.000000,0.000000,0.000000,0.000000,0.000000,0.000000,0.000000,0.000000,0.000000,0.000000,0.000000,0.000000,0.000000,0.000000,0.000000,0.000000,0.000000,0.000000,0.000000,0.000000,0.000000,0.000000,0.000000,0.000000,0.000000,0.000000,0.000000,0.000000,0.000000,0.000000,0.000000,0.000000,0.000000,0.000000,0.000000,0.000000,0.000000,0.000000,0.000000,0.000000,0.000000,0.000000,0.000000,0.000000,0.000000,0.000000,0.000000,0.000000,0.000000,0.000000,0.000000,0.000000,0.000000,0.000000,0.000000,0.000000,0.000000,0.000000,0.000000,0.000000,0.000000,0.000000,0.000000,0.000000,0.000000,0.000000,0.000000,0.000000,0.000000,0.000000,0.000000,0.000000,0.000000,0.000000,0.000000,0.000000,0.000000,0.000000,0.000000,0.000000,0.000000,0.000000,0.000000,0.000000,0.000000,0.000000,0.000000,0.000000,0.000000,0.000000,0.000000,0.000000,0.000000,0.000000,0.000000,0.000000,0.000000,0.000000,0.000000,0.000000,0.000000,0.000000,0.000000,0.000000,0.000000,0.000000,0.000000,0.000000,0.000000,0.894746,0.540550,-0.406934,-0.324256,-0.648952,-0.130710,-0.330916,-0.285966,-0.932420,-0.074861,-0.776218,0.071354,0.338367,0.092213,-0.707060,0.232990,-0.174403,-0.281214,-0.702447,0.988662,-0.214655,-0.087259
0.000000,0.000000,0.000000,0.000000,0.000000,0.000000,0.000000,0.000000,0.000000,0.000000,0.000000,0.000000,0.000000,0.000000,0.000000,0.000000,0.000000,0.000000,0.000000,0.000000,0.000000,0.000000,0.000000,0.000000,0.000000,0.000000,0.000000,0.000000,0.000000,0.000000,0.000000,0.000000,0.000000,0.000000,0.000000,0.000000,0.000000,0.000000,0.000000,0.000000,0.000000,0.000000,0.000000,0.000000,0.000000,0.000000,0.000000,0.000000,0.000000,0.000000,0.000000,0.000000,0.000000,0.000000,0.000000,0.000000,0.000000,0.000000,0.000000,0.000000,0.000000,0.000000,0.000000,0.000000,0.000000,0.000000,0.000000,0.000000,0.000000,0.000000,0.000000,0.000000,0.000000,0.000000,0.000000,0.000000,0.000000,0.000000,0.000000,0.000000,0.000000,0.000000,0.000000,0.000000,0.000000,0.000000,0.000000,0.000000,0.000000,0.000000,0.000000,0.000000,0.000000,0.000000,0.000000,0.000000,0.000000,0.000000,0.000000,0.000000,0.000000,0.000000,0.000000,0.000000,0.000000,0.000000,0.000000,0.000000,0.000000,0.000000,0.000000,0.000000,0.000000,0.000000,0.000000,0.000000,0.000000,0.000000,0.000000,0.000000,0.000000,0.000000,0.000000,0.000000,0.000000,0.000000,0.000000,0.000000,0.000000,0.000000,0.000000,0.000000,0.000000,0.000000,0.000000,0.000000,0.000000,0.000000,0.000000,0.000000,0.000000,0.000000,0.000000,0.000000,0.000000,0.000000,0.000000,0.000000,0.000000,0.000000,0.000000,0.000000,0.000000,0.000000,0.000000,0.000000,0.000000,0.000000,0.000000,0.000000,0.000000,0.000000,0.000000,0.000000,0.000000,0.000000,0.000000,0.000000,0.000000,0.000000,0.000000,0.000000,0.000000,0.000000,0.000000,0.000000,0.000000,0.000000,0.000000,0.000000,0.000000,0.000000,0.000000,0.000000,0.000000,0.000000,0.000000,0.000000,0.000000,0.000000,0.000000,0.000000,0.000000,0.000000,0.000000,0.000000,0.000000,0.000000,0.000000,0.000000,0.000000,0.000000,0.000000,0.000000,0.000000,0.000000,0.000000,0.000000,0.000000,0.000000,0.000000,0.000000,0.000000,0.000000,0.000000,0.000000,0.000000,0.000000,0.000000,0.000000,0.000000,0.000000,0.000000,0.000000,0.000000,0.000000,0.000000,0.000000,0.000000,0.000000,0.000000,0.000000,0.000000,0.735956,0.350946,-0.434683,0.480330,-0.865746,-0.406325,0.491309,-0.207985,-0.931429,0.579085,0.931195,-0.246972,0.243190,-0.254698,0.109965,0.477127,0.265825,-0.370579,-0.609623,0.088668,0.318996
0.000000,0.000000,0.000000,0.000000,0.000000,0.000000,0.000000,0.000000,0.000000,0.000000,0.000000,0.000000,0.000000,0.000000,0.000000,0.000000,0.000000,0.000000,0.000000,0.000000,0.000000,0.000000,0.000000,0.000000,0.000000,0.000000,0.000000,0.000000,0.000000,0.000000,0.000000,0.000000,0.000000,0.000000,0.000000,0.000000,0.000000,0.000000,0.000000,0.000000,0.000000,0.000000,0.000000,0.000000,0.000000,0.000000,0.000000,0.000000,0.000000,0.000000,0.000000,0.000000,0.000000,0.000000,0.000000,0.000000,0.000000,0.000000,0.000000,0.000000,0.000000,0.000000,0.000000,0.000000,0.000000,0.000000,0.000000,0.000000,0.000000,0.000000,0.000000,0.000000,0.000000,0.000000,0.000000,0.000000,0.000000,0.000000,0.000000,0.000000,0.000000,0.000000,0.000000,0.000000,0.000000,0.000000,0.000000,0.000000,0.000000,0.000000,0.000000,0.000000,0.000000,0.000000,0.000000,0.000000,0.000000,0.000000,0.000000,0.000000,0.000000,0.000000,0.000000,0.000000,0.000000,0.000000,0.000000,0.000000,0.000000,0.000000,0.000000,0.000000,0.000000,0.000000,0.000000,0.000000,0.000000,0.000000,0.000000,0.000000,0.000000,0.000000,0.000000,0.000000,0.000000,0.000000,0.000000,0.000000,0.000000,0.000000,0.000000,0.000000,0.000000,0.000000,0.000000,0.000000,0.000000,0.000000,0.000000,0.000000,0.000000,0.000000,0.000000,0.000000,0.000000,0.000000,0.000000,0.000000,0.000000,0.000000,0.000000,0.000000,0.000000,0.000000,0.000000,0.000000,0.000000,0.000000,0.000000,0.000000,0.000000,0.000000,0.000000,0.000000,0.000000,0.000000,0.000000,0.000000,0.000000,0.000000,0.000000,0.000000,0.000000,0.000000,0.000000,0.000000,0.000000,0.000000,0.000000,0.000000,0.000000,0.000000,0.000000,0.000000,0.000000,0.000000,0.000000,0.000000,0.000000,0.000000,0.000000,0.000000,0.000000,0.000000,0.000000,0.000000,0.000000,0.000000,0.000000,0.000000,0.000000,0.000000,0.000000,0.000000,0.000000,0.000000,0.000000,0.000000,0.000000,0.000000,0.000000,0.000000,0.000000,0.000000,0.000000,0.000000,0.000000,0.000000,0.000000,0.000000,0.000000,0.000000,0.000000,0.000000,0.000000,0.000000,0.000000,0.000000,0.000000,0.000000,0.000000,0.000000,0.000000,0.000000,1.936241,-0.743718,-0.289907,0.489297,-0.706503,0.766763,-0.066935,0.582325,-0.318389,-0.281569,0.934057,0.134700,-0.796186,0.915332,-0.250299,0.420448,-0.742877,0.710645,0.918146,-0.234303
0.000000,0.000000,0.000000,0.000000,0.000000,0.000000,0.000000,0.000000,0.000000,0.000000,0.000000,0.000000,0.000000,0.000000,0.000000,0.000000,0.000000,0.000000,0.000000,0.000000,0.000000,0.000000,0.000000,0.000000,0.000000,0.000000,0.000000,0.000000,0.000000,0.000000,0.000000,0.000000,0.000000,0.000000,0.000000,0.000000,0.000000,0.000000,0.000000,0.000000,0.000000,0.000000,0.000000,0.000000,0.000000,0.000000,0.000000,0.000000,0.000000,0.000000,0.000000,0.000000,0.000000,0.000000,0.000000,0.000000,0.000000,0.000000,0.000000,0.000000,0.000000,0.000000,0.000000,0.000000,0.000000,0.000000,0.000000,0.000000,0.000000,0.000000,0.000000,0.000000,0.000000,0.000000,0.000000,0.000000,0.000000,0.000000,0.000000,0.000000,0.000000,0.000000,0.000000,0.000000,0.000000,0.000000,0.000000,0.000000,0.000000,0.000000,0.000000,0.000000,0.000000,0.000000,0.000000,0.000000,0.000000,0.000000,0.000000,0.000000,0.000000,0.000000,0.000000,0.000000,0.000000,0.000000,0.000000,0.000000,0.000000,0.000000,0.000000,0.000000,0.000000,0.000000,0.000000,0.000000,0.000000,0.000000,0.000000,0.000000,0.000000,0.000000,0.000000,0.000000,0.000000,0.000000,0.000000,0.000000,0.000000,0.000000,0.000000,0.000000,0.000000,0.000000,0.000000,0.000000,0.000000,0.000000,0.000000,0.000000,0.000000,0.000000,0.000000,0.000000,0.000000,0.000000,0.000000,0.000000,0.000000,0.000000,0.000000,0.000000,0.000000,0.000000,0.000000,0.000000,0.000000,0.000000,0.000000,0.000000,0.000000,0.000000,0.000000,0.000000,0.000000,0.000000,0.000000,0.000000,0.000000,0.000000,0.000000,0.000000,0.000000,0.000000,0.000000,0.000000,0.000000,0.000000,0.000000,0.000000,0.000000,0.000000,0.000000,0.000000,0.000000,0.000000,0.000000,0.000000,0.000000,0.000000,0.000000,0.000000,0.000000,0.000000,0.000000,0.000000,0.000000,0.000000,0.000000,0.000000,0.000000,0.000000,0.000000,0.000000,0.000000,0.000000,0.000000,0.000000,0.000000,0.000000,0.000000,0.000000,0.000000,0.000000,0.000000,0.000000,0.000000,0.000000,0.000000,0.000000,0.000000,0.000000,0.000000,0.000000,0.000000,0.000000,0.000000,0.000000,0.000000,0.000000,0.000000,0.000000,0.000000,0.000000,0.000000,0.861792,0.115293,-0.676426,-0.115721,0.245315,-0.721402,0.896037,0.411178,-0.277439,-0.168624,0.696236,-0.047992,0.974161,-0.875651,-0.457326,0.036894,-0.728310,-0.287544,0.039955
0.000000,0.000000,0.000000,0.000000,0.000000,0.000000,0.000000,0.000000,0.000000,0.000000,0.000000,0.000000,0.000000,0.000000,0.000000,0.000000,0.000000,0.000000,0.000000,0.000000,0.000000,0.000000,0.000000,0.000000,0.000000,0.000000,0.000000,0.000000,0.000000,0.000000,0.000000,0.000000,0.000000,0.000000,0.000000,0.000000,0.000000,0.000000,0.000000,0.000000,0.000000,0.000000,0.000000,0.000000,0.000000,0.000000,0.000000,0.000000,0.000000,0.000000,0.000000,0.000000,0.000000,0.000000,0.000000,0.000000,0.000000,0.000000,0.000000,0.000000,0.000000,0.000000,0.000000,0.000000,0.000000,0.000000,0.000000,0.000000,0.000000,0.000000,0.000000,0.000000,0.000000,0.000000,0.000000,0.000000,0.000000,0.000000,0.000000,0.000000,0.000000,0.000000,0.000000,0.000000,0.000000,0.000000,0.000000,0.000000,0.000000,0.000000,0.000000,0.000000,0.000000,0.000000,0.000000,0.000000,0.000000,0.000000,0.000000,0.000000,0.000000,0.000000,0.000000,0.000000,0.000000,0.000000,0.000000,0.000000,0.000000,0.000000,0.000000,0.000000,0.000000,0.000000,0.000000,0.000000,0.000000,0.000000,0.000000,0.000000,0.000000,0.000000,0.000000,0.000000,0.000000,0.000000,0.000000,0.000000,0.000000,0.000000,0.000000,0.000000,0.000000,0.000000,0.000000,0.000000,0.000000,0.000000,0.000000,0.000000,0.000000,0.000000,0.000000,0.000000,0.000000,0.000000,0.000000,0.000000,0.000000,0.000000,0.000000,0.000000,0.000000,0.000000,0.000000,0.000000,0.000000,0.000000,0.000000,0.000000,0.000000,0.000000,0.000000,0.000000,0.000000,0.000000,0.000000,0.000000,0.000000,0.000000,0.000000,0.000000,0.000000,0.000000,0.000000,0.000000,0.000000,0.000000,0.000000,0.000000,0.000000,0.000000,0.000000,0.000000,0.000000,0.000000,0.000000,0.000000,0.000000,0.000000,0.000000,0.000000,0.000000,0.000000,0.000000,0.000000,0.000000,0.000000,0.000000,0.000000,0.000000,0.000000,0.000000,0.000000,0.000000,0.000000,0.000000,0.000000,0.000000,0.000000,0.000000,0.000000,0.000000,0.000000,0.000000,0.000000,0.000000,0.000000,0.000000,0.000000,0.000000,0.000000,0.000000,0.000000,0.000000,0.000000,0.000000,0.000000,0.000000,0.000000,0.000000,0.000000,0.000000,0.000000,0.000000,0.000000,1.152478,-0.670785,-0.463309,-0.834856,-0.608130,-0.877970,0.905062,-0.677972,-0.997464,0.914766,0.517164,-0.465958,0.757836,0.743250,0.481988,0.184446,0.169432,0.937805
0.000000,0.000000,0.000000,0.000000,0.000000,0.000000,0.000000,0.000000,0.000000,0.000000,0.000000,0.000000,0.000000,0.000000,0.000000,0.000000,0.000000,0.000000,0.000000,0.000000,0.000000,0.000000,0.000000,0.000000,0.000000,0.000000,0.000000,0.000000,0.000000,0.000000,0.000000,0.000000,0.000000,0.000000,0.000000,0.000000,0.000000,0.000000,0.000000,0.000000,0.000000,0.000000,0.000000,0.000000,0.000000,0.000000,0.000000,0.000000,0.000000,0.000000,0.000000,0.000000,0.000000,0.000000,0.000000,0.000000,0.000000,0.000000,0.000000,0.000000,0.000000,0.000000,0.000000,0.000000,0.000000,0.000000,0.000000,0.000000,0.000000,0.000000,0.000000,0.000000,0.000000,0.000000,0.000000,0.000000,0.000000,0.000000,0.000000,0.000000,0.000000,0.000000,0.000000,0.000000,0.000000,0.000000,0.000000,0.000000,0.000000,0.000000,0.000000,0.000000,0.000000,0.000000,0.000000,0.000000,0.000000,0.000000,0.000000,0.000000,0.000000,0.000000,0.000000,0.000000,0.000000,0.000000,0.000000,0.000000,0.000000,0.000000,0.000000,0.000000,0.000000,0.000000,0.000000,0.000000,0.000000,0.000000,0.000000,0.000000,0.000000,0.000000,0.000000,0.000000,0.000000,0.000000,0.000000,0.000000,0.000000,0.000000,0.000000,0.000000,0.000000,0.000000,0.000000,0.000000,0.000000,0.000000,0.000000,0.000000,0.000000,0.000000,0.000000,0.000000,0.000000,0.000000,0.000000,0.000000,0.000000,0.000000,0.000000,0.000000,0.000000,0.000000,0.000000,0.000000,0.000000,0.000000,0.000000,0.000000,0.000000,0.000000,0.000000,0.000000,0.000000,0.000000,0.000000,0.000000,0.000000,0.000000,0.000000,0.000000,0.000000,0.000000,0.000000,0.000000,0.000000,0.000000,0.000000,0.000000,0.000000,0.000000,0.000000,0.000000,0.000000,0.000000,0.000000,0.000000,0.000000,0.000000,0.000000,0.000000,0.000000,0.000000,0.000000,0.000000,0.000000,0.000000,0.000000,0.000000,0.000000,0.000000,0.000000,0.000000,0.000000,0.000000,0.000000,0.000000,0.000000,0.000000,0.000000,0.000000,0.000000,0.000000,0.000000,0.000000,0.000000,0.000000,0.000000,0.000000,0.000000,0.000000,0.000000,0.000000,0.000000,0.000000,0.000000,0.000000,0.000000,0.000000,0.000000,0.000000,0.000000,0.000000,0.000000,0.000000,0.000000,1.662870,0.617127,-0.775018,0.401655,0.979130,-0.980044,-0.484196,0.569892,0.467623,0.468392,0.964928,-0.808290,0.350188,0.282374,-0.588477,-0.574149,0.300424
0.000000,0.000000,0.000000,0.000000,0.000000,0.000000,0.000000,0.000000,0.000000,0.000000,0.000000,0.000000,0.000000,0.000000,0.000000,0.000000,0.000000,0.000000,0.000000,0.000000,0.000000,0.000000,0.000000,0.000000,0.000000,0.000000,0.000000,0.000000,0.000000,0.000000,0.000000,0.000000,0.000000,0.000000,0.000000,0.000000,0.000000,0.000000,0.000000,0.000000,0.000000,0.000000,0.000000,0.000000,0.000000,0.000000,0.000000,0.000000,0.000000,0.000000,0.000000,0.000000,0.000000,0.000000,0.000000,0.000000,0.000000,0.000000,0.000000,0.000000,0.000000,0.000000,0.000000,0.000000,0.000000,0.000000,0.000000,0.000000,0.000000,0.000000,0.000000,0.000000,0.000000,0.000000,0.000000,0.000000,0.000000,0.000000,0.000000,0.000000,0.000000,0.000000,0.000000,0.000000,0.000000,0.000000,0.000000,0.000000,0.000000,0.000000,0.000000,0.000000,0.000000,0.000000,0.000000,0.000000,0.000000,0.000000,0.000000,0.000000,0.000000,0.000000,0.000000,0.000000,0.000000,0.000000,0.000000,0.000000,0.000000,0.000000,0.000000,0.000000,0.000000,0.000000,0.000000,0.000000,0.000000,0.000000,0.000000,0.000000,0.000000,0.000000,0.000000,0.000000,0.000000,0.000000,0.000000,0.000000,0.000000,0.000000,0.000000,0.000000,0.000000,0.000000,0.000000,0.000000,0.000000,0.000000,0.000000,0.000000,0.000000,0.000000,0.000000,0.000000,0.000000,0.000000,0.000000,0.000000,0.000000,0.000000,0.000000,0.000000,0.000000,0.000000,0.000000,0.000000,0.000000,0.000000,0.000000,0.000000,0.000000,0.000000,0.000000,0.000000,0.000000,0.000000,0.000000,0.000000,0.000000,0.000000,0.000000,0.000000,0.000000,0.000000,0.000000,0.000000,0.000000,0.000000,0.000000,0.000000,0.000000,0.000000,0.000000,0.000000,0.000000,0.000000,0.000000,0.000000,0.000000,0.000000,0.000000,0.000000,0.000000,0.000000,0.000000,0.000000,0.000000,0.000000,0.000000,0.000000,0.000000,0.000000,0.000000,0.000000,0.000000,0.000000,0.000000,0.000000,0.000000,0.000000,0.000000,0.000000,0.000000,0.000000,0.000000,0.000000,0.000000,0.000000,0.000000,0.000000,0.000000,0.000000,0.000000,0.000000,0.000000,0.000000,0.000000,0.000000,0.000000,0.000000,0.000000,0.000000,0.000000,0.000000,0.000000,0.000000,0.000000,0.000000,2.136299,0.200143,-0.076215,0.374402,-0.356221,-0.528395,0.190845,0.234562,0.624518,-0.167851,0.528245,0.835423,-0.148676,0.085158,0.820524,-0.399500
0.000000,0.000000,0.000000,0.000000,0.000000,0.000000,0.000000,0.000000,0.000000,0.000000,0.000000,0.000000,0.000000,0.000000,0.000000,0.000000,0.000000,0.000000,0.000000,0.000000,0.000000,0.000000,0.000000,0.000000,0.000000,0.000000,0.000000,0.000000,0.000000,0.000000,0.000000,0.000000,0.000000,0.000000,0.000000,0.000000,0.000000,0.000000,0.000000,0.000000,0.000000,0.000000,0.000000,0.000000,0.000000,0.000000,0.000000,0.000000,0.000000,0.000000,0.000000,0.000000,0.000000,0.000000,0.000000,0.000000,0.000000,0.000000,0.000000,0.000000,0.000000,0.000000,0.000000,0.000000,0.000000,0.000000,0.000000,0.000000,0.000000,0.000000,0.000000,0.000000,0.000000,0.000000,0.000000,0.000000,0.000000,0.000000,0.000000,0.000000,0.000000,0.000000,0.000000,0.000000,0.000000,0.000000,0.000000,0.000000,0.000000,0.000000,0.000000,0.000000,0.000000,0.000000,0.000000,0.000000,0.000000,0.000000,0.000000,0.000000,0.000000,0.000000,0.000000,0.000000,0.000000,0.000000,0.000000,0.000000,0.000000,0.000000,0.000000,0.000000,0.000000,0.000000,0.000000,0.000000,0.000000,0.000000,0.000000,0.000000,0.000000,0.000000,0.000000,0.000000,0.000000,0.000000,0.000000,0.000000,0.000000,0.000000,0.000000,0.000000,0.000000,0.000000,0.000000,0.000000,0.000000,0.000000,0.000000,0.000000,0.000000,0.000000,0.000000,0.000000,0.000000,0.000000,0.000000,0.000000,0.000000,0.000000,0.000000,0.000000,0.000000,0.000000,0.000000,0.000000,0.000000,0.000000,0.000000,0.000000,0.000000,0.000000,0.000000,0.000000,0.000000,0.000000,0.000000,0.000000,0.000000,0.000000,0.000000,0.000000,0.000000,0.000000,0.000000,0.000000,0.000000,0.000000,0.000000,0.000000,0.000000,0.000000,0.000000,0.000000,0.000000,0.000000,0.000000,0.000000,0.000000,0.000000,0.000000,0.000000,0.000000,0.000000,0.000000,0.000000,0.000000,0.000000,0.000000,0.000000,0.000000,0.000000,0.000000,0.000000,0.000000,0.000000,0.000000,0.000000,0.000000,0.000000,0.000000,0.000000,0.000000,0.000000,0.000000,0.000000,0.000000,0.000000,0.000000,0.000000,0.000000,0.000000,0.000000,0.000000,0.000000,0.000000,0.000000,0.000000,0.000000,0.000000,0.000000,0.000000,0.000000,0.000000,0.000000,0.000000,0.000000,0.000000,0.000000,2.306642,0.154441,-0.172002,0.728395,-0.686544,-0.929199,-0.585715,0.752538,-0.312800,0.367937,-0.538321,-0.018213,0.045713,-0.509250,-0.225194
0.000000,0.000000,0.000000,0.000000,0.000000,0.000000,0.000000,0.000000,0.000000,0.000000,0.000000,0.000000,0.000000,0.000000,0.000000,0.000000,0.000000,0.000000,0.000000,0.000000,0.000000,0.000000,0.000000,0.000000,0.000000,0.000000,0.000000,0.000000,0.000000,0.000000,0.000000,0.000000,0.000000,0.000000,0.000000,0.000000,0.000000,0.000000,0.000000,0.000000,0.000000,0.000000,0.000000,0.000000,0.000000,0.000000,0.000000,0.000000,0.000000,0.000000,0.000000,0.000000,0.000000,0.000000,0.000000,0.000000,0.000000,0.000000,0.000000,0.000000,0.000000,0.000000,0.000000,0.000000,0.000000,0.000000,0.000000,0.000000,0.000000,0.000000,0.000000,0.000000,0.000000,0.000000,0.000000,0.000000,0.000000,0.000000,0.000000,0.000000,0.000000,0.000000,0.000000,0.000000,0.000000,0.000000,0.000000,0.000000,0.000000,0.000000,0.000000,0.000000,0.000000,0.000000,0.000000,0.000000,0.000000,0.000000,0.000000,0.000000,0.000000,0.000000,0.000000,0.000000,0.000000,0.000000,0.000000,0.000000,0.000000,0.000000,0.000000,0.000000,0.000000,0.000000,0.000000,0.000000,0.000000,0.000000,0.000000,0.000000,0.000000,0.000000,0.000000,0.000000,0.000000,0.000000,0.000000,0.000000,0.000000,0.000000,0.000000,0.000000,0.000000,0.000000,0.000000,0.000000,0.000000,0.000000,0.000000,0.000000,0.000000,0.000000,0.000000,0.000000,0.000000,0.000000,0.000000,0.000000,0.000000,0.000000,0.000000,0.000000,0.000000,0.000000,0.000000,0.000000,0.000000,0.000000,0.000000,0.000000,0.000000,0.000000,0.000000,0.000000,0.000000,0.000000,0.000000,0.000000,0.000000,0.000000,0.000000,0.000000,0.000000,0.000000,0.000000,0.000000,0.000000,0.000000,0.000000,0.000000,0.000000,0.000000,0.000000,0.000000,0.000000,0.000000,0.000000,0.000000,0.000000,0.000000,0.000000,0.000000,0.000000,0.000000,0.000000,0.000000,0.000000,0.000000,0.000000,0.000000,0.000000,0.000000,0.000000,0.000000,0.000000,0.000000,0.000000,0.000000,0.000000,0.000000,0.000000,0.000000,0.000000,0.000000,0.000000,0.000000,0.000000,0.000000,0.000000,0.000000,0.000000,0.000000,0.000000,0.000000,0.000000,0.000000,0.000000,0.000000,0.000000,0.000000,0.000000,0.000000,0.000000,0.000000,0.000000,0.000000,0.000000,0.000000,0.000000,0.000000,1.154429,-0.798650,-0.136694,0.127254,-0.819883,-0.284214,-0.074602,0.865052,0.220644,0.884531,0.048766,0.606516,-0.807496,0.128836
0.000000,0.000000,0.000000,0.000000,0.000000,0.000000,0.000000,0.000000,0.000000,0.000000,0.000000,0.000000,0.000000,0.000000,0.000000,0.000000,0.000000,0.000000,0.000000,0.000000,0.000000,0.000000,0.000000,0.000000,0.000000,0.000000,0.000000,0.000000,0.000000,0.000000,0.000000,0.000000,0.000000,0.000000,0.000000,0.000000,0.000000,0.000000,0.000000,0.000000,0.000000,0.000000,0.000000,0.000000,0.000000,0.000000,0.000000,0.000000,0.000000,0.000000,0.000000,0.000000,0.000000,0.000000,0.000000,0.000000,0.000000,0.000000,0.000000,0.000000,0.000000,0.000000,0.000000,0.000000,0.000000,0.000000,0.000000,0.000000,0.000000,0.000000,0.000000,0.000000,0.000000,0.000000,0.000000,0.000000,0.000000,0.000000,0.000000,0.000000,0.000000,0.000000,0.000000,0.000000,0.000000,0.000000,0.000000,0.000000,0.000000,0.000000,0.000000,0.000000,0.000000,0.000000,0.000000,0.000000,0.000000,0.000000,0.000000,0.000000,0.000000,0.000000,0.000000,0.000000,0.000000,0.000000,0.000000,0.000000,0.000000,0.000000,0.000000,0.000000,0.000000,0.000000,0.000000,0.000000,0.000000,0.000000,0.000000,0.000000,0.000000,0.000000,0.000000,0.000000,0.000000,0.000000,0.000000,0.000000,0.000000,0.000000,0.000000,0.000000,0.000000,0.000000,0.000000,0.000000,0.000000,0.000000,0.000000,0.000000,0.000000,0.000000,0.000000,0.000000,0.000000,0.000000,0.000000,0.000000,0.000000,0.000000,0.000000,0.000000,0.000000,0.000000,0.000000,0.000000,0.000000,0.000000,0.000000,0.000000,0.000000,0.000000,0.000000,0.000000,0.000000,0.000000,0.000000,0.000000,0.000000,0.000000,0.000000,0.000000,0.000000,0.000000,0.000000,0.000000,0.000000,0.000000,0.000000,0.000000,0.000000,0.000000,0.000000,0.000000,0.000000,0.000000,0.000000,0.000000,0.000000,0.000000,0.000000,0.000000,0.000000,0.000000,0.000000,0.000000,0.000000,0.000000,0.000000,0.000000,0.000000,0.000000,0.000000,0.000000,0.000000,0.000000,0.000000,0.000000,0.000000,0.000000,0.000000,0.000000,0.000000,0.000000,0.000000,0.000000,0.000000,0.000000,0.000000,0.000000,0.000000,0.000000,0.000000,0.000000,0.000000,0.000000,0.000000,0.000000,0.000000,0.000000,0.000000,0.000000,0.000000,0.000000,0.000000,0.000000,0.000000,0.000000,0.000000,0.000000,0.000000,1.382338,0.456860,0.755190,0.424518,-0.823433,0.242110,0.488204,-0.940317,-0.660544,0.360574,-0.370170,-0.875632,0.778840
0.000000,0.000000,0.000000,0.000000,0.000000,0.000000,0.000000,0.000000,0.000000,0.000000,0.000000,0.000000,0.000000,0.000000,0.000000,0.000000,0.000000,0.000000,0.000000,0.000000,0.000000,0.000000,0.000000,0.000000,0.000000,0.000000,0.000000,0.000000,0.000000,0.000000,0.000000,0.000000,0.000000,0.000000,0.000000,0.000000,0.000000,0.000000,0.000000,0.000000,0.000000,0.000000,0.000000,0.000000,0.000000,0.000000,0.000000,0.000000,0.000000,0.000000,0.000000,0.000000,0.000000,0.000000,0.000000,0.000000,0.000000,0.000000,0.000000,0.000000,0.000000,0.000000,0.000000,0.000000,0.000000,0.000000,0.000000,0.000000,0.000000,0.000000,0.000000,0.000000,0.000000,0.000000,0.000000,0.000000,0.000000,0.000000,0.000000,0.000000,0.000000,0.000000,0.000000,0.000000,0.000000,0.000000,0.000000,0.000000,0.000000,0.000000,0.000000,0.000000,0.000000,0.000000,0.000000,0.000000,0.000000,0.000000,0.000000,0.000000,0.000000,0.000000,0.000000,0.000000,0.000000,0.000000,0.000000,0.000000,0.000000,0.000000,0.000000,0.000000,0.000000,0.000000,0.000000,0.000000,0.000000,0.000000,0.000000,0.000000,0.000000,0.000000,0.000000,0.000000,0.000000,0.000000,0.000000,0.000000,0.000000,0.000000,0.000000,0.000000,0.000000,0.000000,0.000000,0.000000,0.000000,0.000000,0.000000,0.000000,0.000000,0.000000,0.000000,0.000000,0.000000,0.000000,0.000000,0.000000,0.000000,0.000000,0.000000,0.000000,0.000000,0.000000,0.000000,0.000000,0.000000,0.000000,0.000000,0.000000,0.000000,0.000000,0.000000,0.000000,0.000000,0.000000,0.000000,0.000000,0.000000,0.000000,0.000000,0.000000,0.000000,0.000000,0.000000,0.000000,0.000000,0.000000,0.000000,0.000000,0.000000,0.000000,0.000000,0.000000,0.000000,0.000000,0.000000,0.000000,0.000000,0.000000,0.000000,0.000000,0.000000,0.000000,0.000000,0.000000,0.000000,0.000000,0.000000,0.000000,0.000000,0.000000,0.000000,0.000000,0.000000,0.000000,0.000000,0.000000,0.000000,0.000000,0.000000,0.000000,0.000000,0.000000,0.000000,0.000000,0.000000,0.000000,0.000000,0.000000,0.000000,0.000000,0.000000,0.000000,0.000000,0.000000,0.000000,0.000000,0.000000,0.000000,0.000000,0.000000,0.000000,0.000000,0.000000,0.000000,0.000000,0.000000,0.000000,0.000000,0.000000,0.000000,2.880438,-0.253055,0.985753,0.713159,0.111715,0.494473,0.872485,0.454641,-0.325032,-0.613952,-0.136495,-0.626667
0.000000,0.000000,0.000000,0.000000,0.000000,0.000000,0.000000,0.000000,0.000000,0.000000,0.000000,0.000000,0.000000,0.000000,0.000000,0.000000,0.000000,0.000000,0.000000,0.000000,0.000000,0.000000,0.000000,0.000000,0.000000,0.000000,0.000000,0.000000,0.000000,0.000000,0.000000,0.000000,0.000000,0.000000,0.000000,0.000000,0.000000,0.000000,0.000000,0.000000,0.000000,0.000000,0.000000,0.000000,0.000000,0.000000,0.000000,0.000000,0.000000,0.000000,0.000000,0.000000,0.000000,0.000000,0.000000,0.000000,0.000000,0.000000,0.000000,0.000000,0.000000,0.000000,0.000000,0.000000,0.000000,0.000000,0.000000,0.000000,0.000000,0.000000,0.000000,0.000000,0.000000,0.000000,0.000000,0.000000,0.000000,0.000000,0.000000,0.000000,0.000000,0.000000,0.000000,0.000000,0.000000,0.000000,0.000000,0.000000,0.000000,0.000000,0.000000,0.000000,0.000000,0.000000,0.000000,0.000000,0.000000,0.000000,0.000000,0.000000,0.000000,0.000000,0.000000,0.000000,0.000000,0.000000,0.000000,0.000000,0.000000,0.000000,0.000000,0.000000,0.000000,0.000000,0.000000,0.000000,0.000000,0.000000,0.000000,0.000000,0.000000,0.000000,0.000000,0.000000,0.000000,0.000000,0.000000,0.000000,0.000000,0.000000,0.000000,0.000000,0.000000,0.000000,0.000000,0.000000,0.000000,0.000000,0.000000,0.000000,0.000000,0.000000,0.000000,0.000000,0.000000,0.000000,0.000000,0.000000,0.000000,0.000000,0.000000,0.000000,0.000000,0.000000,0.000000,0.000000,0.000000,0.000000,0.000000,0.000000,0.000000,0.000000,0.000000,0.000000,0.000000,0.000000,0.000000,0.000000,0.000000,0.000000,0.000000,0.000000,0.000000,0.000000,0.000000,0.000000,0.000000,0.000000,0.000000,0.000000,0.000000,0.000000,0.000000,0.000000,0.000000,0.000000,0.000000,0.000000,0.000000,0.000000,0.000000,0.000000,0.000000,0.000000,0.000000,0.000000,0.000000,0.000000,0.000000,0.000000,0.000000,0.000000,0.000000,0.000000,0.000000,0.000000,0.000000,0.000000,0.000000,0.000000,0.000000,0.000000,0.000000,0.000000,0.000000,0.000000,0.000000,0.000000,0.000000,0.000000,0.000000,0.000000,0.000000,0.000000,0.000000,0.000000,0.000000,0.000000,0.000000,0.000000,0.000000,0.000000,0.000000,0.000000,0.000000,0.000000,0.000000,0.000000,0.000000,0.000000,0.000000,0.000000,0.000000,0.553809,-0.088110,-0.341489,-0.809439,0.742922,-0.754107,0.260796,0.138632,0.957981,-0.492322,-0.528996
0.000000,0.000000,0.000000,0.000000,0.000000,0.000000,0.000000,0.000000,0.000000,0.000000,0.000000,0.000000,0.000000,0.000000,0.000000,0.000000,0.000000,0.000000,0.000000,0.000000,0.000000,0.000000,0.000000,0.000000,0.000000,0.000000,0.000000,0.000000,0.000000,0.000000,0.000000,0.000000,0.000000,0.000000,0.000000,0.000000,0.000000,0.000000,0.000000,0.000000,0.000000,0.000000,0.000000,0.000000,0.000000,0.000000,0.000000,0.000000,0.000000,0.000000,0.000000,0.000000,0.000000,0.000000,0.000000,0.000000,0.000000,0.000000,0.000000,0.000000,0.000000,0.000000,0.000000,0.000000,0.000000,0.000000,0.000000,0.000000,0.000000,0.000000,0.000000,0.000000,0.000000,0.000000,0.000000,0.000000,0.000000,0.000000,0.000000,0.000000,0.000000,0.000000,0.000000,0.000000,0.000000,0.000000,0.000000,0.000000,0.000000,0.000000,0.000000,0.000000,0.000000,0.000000,0.000000,0.000000,0.000000,0.000000,0.000000,0.000000,0.000000,0.000000,0.000000,0.000000,0.000000,0.000000,0.000000,0.000000,0.000000,0.000000,0.000000,0.000000,0.000000,0.000000,0.000000,0.000000,0.000000,0.000000,0.000000,0.000000,0.000000,0.000000,0.000000,0.000000,0.000000,0.000000,0.000000,0.000000,0.000000,0.000000,0.000000,0.000000,0.000000,0.000000,0.000000,0.000000,0.000000,0.000000,0.000000,0.000000,0.000000,0.000000,0.000000,0.000000,0.000000,0.000000,0.000000,0.000000,0.000000,0.000000,0.000000,0.000000,0.000000,0.000000,0.000000,0.000000,0.000000,0.000000,0.000000,0.000000,0.000000,0.000000,0.000000,0.000000,0.000000,0.000000,0.000000,0.000000,0.000000,0.000000,0.000000,0.000000,0.000000,0.000000,0.000000,0.000000,0.000000,0.000000,0.000000,0.000000,0.000000,0.000000,0.000000,0.000000,0.000000,0.000000,0.000000,0.000000,0.000000,0.000000,0.000000,0.000000,0.000000,0.000000,0.000000,0.000000,0.000000,0.000000,0.000000,0.000000,0.000000,0.000000,0.000000,0.000000,0.000000,0.000000,0.000000,0.000000,0.000000,0.000000,0.000000,0.000000,0.000000,0.000000,0.000000,0.000000,0.000000,0.000000,0.000000,0.000000,0.000000,0.000000,0.000000,0.000000,0.000000,0.000000,0.000000,0.000000,0.000000,0.000000,0.000000,0.000000,0.000000,0.000000,0.000000,0.000000,0.000000,0.000000,0.000000,0.000000,0.000000,0.000000,0.000000,0.000000,2.067998,0.116510,0.623618,-0.653868,-0.398764,-0.989994,0.443165,-0.349067,-0.527822,0.209864
0.000000,0.000000,0.000000,0.000000,0.000000,0.000000,0.000000,0.000000,0.000000,0.000000,0.000000,0.000000,0.000000,0.000000,0.000000,0.000000,0.000000,0.000000,0.000000,0.000000,0.000000,0.000000,0.000000,0.000000,0.000000,0.000000,0.000000,0.000000,0.000000,0.000000,0.000000,0.000000,0.000000,0.000000,0.000000,0.000000,0.000000,0.000000,0.000000,0.000000,0.000000,0.000000,0.000000,0.000000,0.000000,0.000000,0.000000,0.000000,0.000000,0.000000,0.000000,0.000000,0.000000,0.000000,0.000000,0.000000,0.000000,0.000000,0.000000,0.000000,0.000000,0.000000,0.000000,0.000000,0.000000,0.000000,0.000000,0.000000,0.000000,0.000000,0.000000,0.000000,0.000000,0.000000,0.000000,0.000000,0.000000,0.000000,0.000000,0.000000,0.000000,0.000000,0.000000,0.000000,0.000000,0.000000,0.000000,0.000000,0.000000,0.000000,0.000000,0.000000,0.000000,0.000000,0.000000,0.000000,0.000000,0.000000,0.000000,0.000000,0.000000,0.000000,0.000000,0.000000,0.000000,0.000000,0.000000,0.000000,0.000000,0.000000,0.000000,0.000000,0.000000,0.000000,0.000000,0.000000,0.000000,0.000000,0.000000,0.000000,0.000000,0.000000,0.000000,0.000000,0.000000,0.000000,0.000000,0.000000,0.000000,0.000000,0.000000,0.000000,0.000000,0.000000,0.000000,0.000000,0.000000,0.000000,0.000000,0.000000,0.000000,0.000000,0.000000,0.000000,0.000000,0.000000,0.000000,0.000000,0.000000,0.000000,0.000000,0.000000,0.000000,0.000000,0.000000,0.000000,0.000000,0.000000,0.000000,0.000000,0.000000,0.000000,0.000000,0.000000,0.000000,0.000000,0.000000,0.000000,0.000000,0.000000,0.000000,0.000000,0.000000,0.000000,0.000000,0.000000,0.000000,0.000000,0.000000,0.000000,0.000000,0.000000,0.000000,0.000000,0.000000,0.000000,0.000000,0.000000,0.000000,0.000000,0.000000,0.000000,0.000000,0.000000,0.000000,0.000000,0.000000,0.000000,0.000000,0.000000,0.000000,0.000000,0.000000,0.000000,0.000000,0.000000,0.000000,0.000000,0.000000,0.000000,0.000000,0.000000,0.000000,0.000000,0.000000,0.000000,0.000000,0.000000,0.000000,0.000000,0.000000,0.000000,0.000000,0.000000,0.000000,0.000000,0.000000,0.000000,0.000000,0.000000,0.000000,0.000000,0.000000,0.000000,0.000000,0.000000,0.000000,0.000000,0.000000,0.000000,0.000000,0.000000,0.000000,0.000000,0.000000,1.129260,-0.886500,-0.527490,0.699442,0.190731,-0.057673,-0.017177,0.993927,-0.937018
0.000000,0.000000,0.000000,0.000000,0.000000,0.000000,0.000000,0.000000,0.000000,0.000000,0.000000,0.000000,0.000000,0.000000,0.000000,0.000000,0.000000,0.000000,0.000000,0.000000,0.000000,0.000000,0.000000,0.000000,0.000000,0.000000,0.000000,0.000000,0.000000,0.000000,0.000000,0.000000,0.000000,0.000000,0.000000,0.000000,0.000000,0.000000,0.000000,0.000000,0.000000,0.000000,0.000000,0.000000,0.000000,0.000000,0.000000,0.000000,0.000000,0.000000,0.000000,0.000000,0.000000,0.000000,0.000000,0.000000,0.000000,0.000000,0.000000,0.000000,0.000000,0.000000,0.000000,0.000000,0.000000,0.000000,0.000000,0.000000,0.000000,0.000000,0.000000,0.000000,0.000000,0.000000,0.000000,0.000000,0.000000,0.000000,0.000000,0.000000,0.000000,0.000000,0.000000,0.000000,0.000000,0.000000,0.000000,0.000000,0.000000,0.000000,0.000000,0.000000,0.000000,0.000000,0.000000,0.000000,0.000000,0.000000,0.000000,0.000000,0.000000,0.000000,0.000000,0.000000,0.000000,0.000000,0.000000,0.000000,0.000000,0.000000,0.000000,0.000000,0.000000,0.000000,0.000000,0.000000,0.000000,0.000000,0.000000,0.000000,0.000000,0.000000,0.000000,0.000000,0.000000,0.000000,0.000000,0.000000,0.000000,0.000000,0.000000,0.000000,0.000000,0.000000,0.000000,0.000000,0.000000,0.000000,0.000000,0.000000,0.000000,0.000000,0.000000,0.000000,0.000000,0.000000,0.000000,0.000000,0.000000,0.000000,0.000000,0.000000,0.000000,0.000000,0.000000,0.000000,0.000000,0.000000,0.000000,0.000000,0.000000,0.000000,0.000000,0.000000,0.000000,0.000000,0.000000,0.000000,0.000000,0.000000,0.000000,0.000000,0.000000,0.000000,0.000000,0.000000,0.000000,0.000000,0.000000,0.000000,0.000000,0.000000,0.000000,0.000000,0.000000,0.000000,0.000000,0.000000,0.000000,0.000000,0.000000,0.000000,0.000000,0.000000,0.000000,0.000000,0.000000,0.000000,0.000000,0.000000,0.000000,0.000000,0.000000,0.000000,0.000000,0.000000,0.000000,0.000000,0.000000,0.000000,0.000000,0.000000,0.000000,0.000000,0.000000,0.000000,0.000000,0.000000,0.000000,0.000000,0.000000,0.000000,0.000000,0.000000,0.000000,0.000000,0.000000,0.000000,0.000000,0.000000,0.000000,0.000000,0.000000,0.000000,0.000000,0.000000,0.000000,0.000000,0.000000,0.000000,0.000000,0.000000,0.000000,0.000000,0.000000,0.000000,0.903039,0.731014,0.069664,0.990124,0.367846,0.446850,0.159533,-0.965298
0.000000,0.000000,0.000000,0.000000,0.000000,0.000000,0.000000,0.000000,0.000000,0.000000,0.000000,0.000000,0.000000,0.000000,0.000000,0.000000,0.000000,0.000000,0.000000,0.000000,0.000000,0.000000,0.000000,0.000000,0.000000,0.000000,0.000000,0.000000,0.000000,0.000000,0.000000,0.000000,0.000000,0.000000,0.000000,0.000000,0.000000,0.000000,0.000000,0.000000,0.000000,0.000000,0.000000,0.000000,0.000000,0.000000,0.000000,0.000000,0.000000,0.000000,0.000000,0.000000,0.000000,0.000000,0.000000,0.000000,0.000000,0.000000,0.000000,0.000000,0.000000,0.000000,0.000000,0.000000,0.000000,0.000000,0.000000,0.000000,0.000000,0.000000,0.000000,0.000000,0.000000,0.000000,0.000000,0.000000,0.000000,0.000000,0.000000,0.000000,0.000000,0.000000,0.000000,0.000000,0.000000,0.000000,0.000000,0.000000,0.000000,0.000000,0.000000,0.000000,0.000000,0.000000,0.000000,0.000000,0.000000,0.000000,0.000000,0.000000,0.000000,0.000000,0.000000,0.000000,0.000000,0.000000,0.000000,0.000000,0.000000,0.000000,0.000000,0.000000,0.000000,0.000000,0.000000,0.000000,0.000000,0.000000,0.000000,0.000000,0.000000,0.000000,0.000000,0.000000,0.000000,0.000000,0.000000,0.000000,0.000000,0.000000,0.000000,0.000000,0.000000,0.000000,0.000000,0.000000,0.000000,0.000000,0.000000,0.000000,0.000000,0.000000,0.000000,0.000000,0.000000,0.000000,0.000000,0.000000,0.000000,0.000000,0.000000,0.000000,0.000000,0.000000,0.000000,0.000000,0.000000,0.000000,0.000000,0.000000,0.000000,0.000000,0.000000,0.000000,0.000000,0.000000,0.000000,0.000000,0.000000,0.000000,0.000000,0.000000,0.000000,0.000000,0.000000,0.000000,0.000000,0.000000,0.000000,0.000000,0.000000,0.000000,0.000000,0.000000,0.000000,0.000000,0.000000,0.000000,0.000000,0.000000,0.000000,0.000000,0.000000,0.000000,0.000000,0.000000,0.000000,0.000000,0.000000,0.000000,0.000000,0.000000,0.000000,0.000000,0.000000,0.000000,0.000000,0.000000,0.000000,0.000000,0.000000,0.000000,0.000000,0.000000,0.000000,0.000000,0.000000,0.000000,0.000000,0.000000,0.000000,0.000000,0.000000,0.000000,0.000000,0.000000,0.000000,0.000000,0.000000,0.000000,0.000000,0.000000,0.000000,0.000000,0.000000,0.000000,0.000000,0.000000,0.000000,0.000000,0.000000,0.000000,0.000000,0.000000,0.000000,0.000000,0.000000,2.770025,0.046007,-0.981894,-0.580213,-0.299240,-0.427625,-0.944475
0.000000,0.000000,0.000000,0.000000,0.000000,0.000000,0.000000,0.000000,0.000000,0.000000,0.000000,0.000000,0.000000,0.000000,0.000000,0.000000,0.000000,0.000000,0.000000,0.000000,0.000000,0.000000,0.000000,0.000000,0.000000,0.000000,0.000000,0.000000,0.000000,0.000000,0.000000,0.000000,0.000000,0.000000,0.000000,0.000000,0.000000,0.000000,0.000000,0.000000,0.000000,0.000000,0.000000,0.000000,0.000000,0.000000,0.000000,0.000000,0.000000,0.000000,0.000000,0.000000,0.000000,0.000000,0.000000,0.000000,0.000000,0.000000,0.000000,0.000000,0.000000,0.000000,0.000000,0.000000,0.000000,0.000000,0.000000,0.000000,0.000000,0.000000,0.000000,0.000000,0.000000,0.000000,0.000000,0.000000,0.000000,0.000000,0.000000,0.000000,0.000000,0.000000,0.000000,0.000000,0.000000,0.000000,0.000000,0.000000,0.000000,0.000000,0.000000,0.000000,0.000000,0.000000,0.000000,0.000000,0.000000,0.000000,0.000000,0.000000,0.000000,0.000000,0.000000,0.000000,0.000000,0.000000,0.000000,0.000000,0.000000,0.000000,0.000000,0.000000,0.000000,0.000000,0.000000,0.000000,0.000000,0.000000,0.000000,0.000000,0.000000,0.000000,0.000000,0.000000,0.000000,0.000000,0.000000,0.000000,0.000000,0.000000,0.000000,0.000000,0.000000,0.000000,0.000000,0.000000,0.000000,0.000000,0.000000,0.000000,0.000000,0.000000,0.000000,0.000000,0.000000,0.000000,0.000000,0.000000,0.000000,0.000000,0.000000,0.000000,0.000000,0.000000,0.000000,0.000000,0.000000,0.000000,0.000000,0.000000,0.000000,0.000000,0.000000,0.000000,0.000000,0.000000,0.000000,0.000000,0.000000,0.000000,0.000000,0.000000,0.000000,0.000000,0.000000,0.000000,0.000000,0.000000,0.000000,0.000000,0.000000,0.000000,0.000000,0.000000,0.000000,0.000000,0.000000,0.000000,0.000000,0.000000,0.000000,0.000000,0.000000,0.000000,0.000000,0.000000,0.000000,0.000000,0.000000,0.000000,0.000000,0.000000,0.000000,0.000000,0.000000,0.000000,0.000000,0.000000,0.000000,0.000000,0.000000,0.000000,0.000000,0.000000,0.000000,0.000000,0.000000,0.000000,0.000000,0.000000,0.000000,0.000000,0.000000,0.000000,0.000000,0.000000,0.000000,0.000000,0.000000,0.000000,0.000000,0.000000,0.000000,0.000000,0.000000,0.000000,0.000000,0.000000,0.000000,0.000000,0.000000,0.000000,0.000000,0.000000,0.000000,0.000000,0.000000,0.000000,1.200592,0.792612,0.177675,-0.346066,-0.823779,0.502589
0.000000,0.000000,0.000000,0.000000,0.000000,0.000000,0.000000,0.000000,0.000000,0.000000,0.000000,0.000000,0.000000,0.000000,0.000000,0.000000,0.000000,0.000000,0.000000,0.000000,0.000000,0.000000,0.000000,0.000000,0.000000,0.000000,0.000000,0.000000,0.000000,0.000000,0.000000,0.000000,0.000000,0.000000,0.000000,0.000000,0.000000,0.000000,0.000000,0.000000,0.000000,0.000000,0.000000,0.000000,0.000000,0.000000,0.000000,0.000000,0.000000,0.000000,0.000000,0.000000,0.000000,0.000000,0.000000,0.000000,0.000000,0.000000,0.000000,0.000000,0.000000,0.000000,0.000000,0.000000,0.000000,0.000000,0.000000,0.000000,0.000000,0.000000,0.000000,0.000000,0.000000,0.000000,0.000000,0.000000,0.000000,0.000000,0.000000,0.000000,0.000000,0.000000,0.000000,0.000000,0.000000,0.000000,0.000000,0.000000,0.000000,0.000000,0.000000,0.000000,0.000000,0.000000,0.000000,0.000000,0.000000,0.000000,0.000000,0.000000,0.000000,0.000000,0.000000,0.000000,0.000000,0.000000,0.000000,0.000000,0.000000,0.000000,0.000000,0.000000,0.000000,0.000000,0.000000,0.000000,0.000000,0.000000,0.000000,0.000000,0.000000,0.000000,0.000000,0.000000,0.000000,0.000000,0.000000,0.000000,0.000000,0.000000,0.000000,0.000000,0.000000,0.000000,0.000000,0.000000,0.000000,0.000000,0.000000,0.000000,0.000000,0.000000,0.000000,0.000000,0.000000,0.000000,0.000000,0.000000,0.000000,0.000000,0.000000,0.000000,0.000000,0.000000,0.000000,0.000000,0.000000,0.000000,0.000000,0.000000,0.000000,0.000000,0.000000,0.000000,0.000000,0.000000,0.000000,0.000000,0.000000,0.000000,0.000000,0.000000,0.000000,0.000000,0.000000,0.000000,0.000000,0.000000,0.000000,0.000000,0.000000,0.000000,0.000000,0.000000,0.000000,0.000000,0.000000,0.000000,0.000000,0.000000,0.000000,0.000000,0.000000,0.000000,0.000000,0.000000,0.000000,0.000000,0.000000,0.000000,0.000000,0.000000,0.000000,0.000000,0.000000,0.000000,0.000000,0.000000,0.000000,0.000000,0.000000,0.000000,0.000000,0.000000,0.000000,0.000000,0.000000,0.000000,0.000000,0.000000,0.000000,0.000000,0.000000,0.000000,0.000000,0.000000,0.000000,0.000000,0.000000,0.000000,0.000000,0.000000,0.000000,0.000000,0.000000,0.000000,0.000000,0.000000,0.000000,0.000000,0.000000,0.000000,0.000000,0.000000,0.000000,0.000000,0.000000,0.000000,0.000000,2.295891,-0.995264,0.986821,-0.468688,-0.475198
0.000000,0.000000,0.000000,0.000000,0.000000,0.000000,0.000000,0.000000,0.000000,0.000000,0.000000,0.000000,0.000000,0.000000,0.000000,0.000000,0.000000,0.000000,0.000000,0.000000,0.000000,0.000000,0.000000,0.000000,0.000000,0.000000,0.000000,0.000000,0.000000,0.000000,0.000000,0.000000,0.000000,0.000000,0.000000,0.000000,0.000000,0.000000,0.000000,0.000000,0.000000,0.000000,0.000000,0.000000,0.000000,0.000000,0.000000,0.000000,0.000000,0.000000,0.000000,0.000000,0.000000,0.000000,0.000000,0.000000,0.000000,0.000000,0.000000,0.000000,0.000000,0.000000,0.000000,0.000000,0.000000,0.000000,0.000000,0.000000,0.000000,0.000000,0.000000,0.000000,0.000000,0.000000,0.000000,0.000000,0.000000,0.000000,0.000000,0.000000,0.000000,0.000000,0.000000,0.000000,0.000000,0.000000,0.000000,0.000000,0.000000,0.000000,0.000000,0.000000,0.000000,0.000000,0.000000,0.000000,0.000000,0.000000,0.000000,0.000000,0.000000,0.000000,0.000000,0.000000,0.000000,0.000000,0.000000,0.000000,0.000000,0.000000,0.000000,0.000000,0.000000,0.000000,0.000000,0.000000,0.000000,0.000000,0.000000,0.000000,0.000000,0.000000,0.000000,0.000000,0.000000,0.000000,0.000000,0.000000,0.000000,0.000000,0.000000,0.000000,0.000000,0.000000,0.000000,0.000000,0.000000,0.000000,0.000000,0.000000,0.000000,0.000000,0.000000,0.000000,0.000000,0.000000,0.000000,0.000000,0.000000,0.000000,0.000000,0.000000,0.000000,0.000000,0.000000,0.000000,0.000000,0.000000,0.000000,0.000000,0.000000,0.000000,0.000000,0.000000,0.000000,0.000000,0.000000,0.000000,0.000000,0.000000,0.000000,0.000000,0.000000,0.000000,0.000000,0.000000,0.000000,0.000000,0.000000,0.000000,0.000000,0.000000,0.000000,0.000000,0.000000,0.000000,0.000000,0.000000,0.000000,0.000000,0.000000,0.000000,0.000000,0.000000,0.000000,0.000000,0.000000,0.000000,0.000000,0.000000,0.000000,0.000000,0.000000,0.000000,0.000000,0.000000,0.000000,0.000000,0.000000,0.000000,0.000000,0.000000,0.000000,0.000000,0.000000,0.000000,0.000000,0.000000,0.000000,0.000000,0.000000,0.000000,0.000000,0.000000,0.000000,0.000000,0.000000,0.000000,0.000000,0.000000,0.000000,0.000000,0.000000,0.000000,0.000000,0.000000,0.000000,0.000000,0.000000,0.000000,0.000000,0.000000,0.000000,0.000000,0.000000,0.000000,0.000000,0.000000,0.000000,0.000000,1.252583,0.923434,0.682214,0.274577
0.000000,0.000000,0.000000,0.000000,0.000000,0.000000,0.000000,0.000000,0.000000,0.000000,0.000000,0.000000,0.000000,0.000000,0.000000,0.000000,0.000000,0.000000,0.000000,0.000000,0.000000,0.000000,0.000000,0.000000,0.000000,0.000000,0.000000,0.000000,0.000000,0.000000,0.000000,0.000000,0.000000,0.000000,0.000000,0.000000,0.000000,0.000000,0.000000,0.000000,0.000000,0.000000,0.000000,0.000000,0.000000,0.000000,0.000000,0.000000,0.000000,0.000000,0.000000,0.000000,0.000000,0.000000,0.000000,0.000000,0.000000,0.000000,0.000000,0.000000,0.000000,0.000000,0.000000,0.000000,0.000000,0.000000,0.000000,0.000000,0.000000,0.000000,0.000000,0.000000,0.000000,0.000000,0.000000,0.000000,0.000000,0.000000,0.000000,0.000000,0.000000,0.000000,0.000000,0.000000,0.000000,0.000000,0.000000,0.000000,0.000000,0.000000,0.000000,0.000000,0.000000,0.000000,0.000000,0.000000,0.000000,0.000000,0.000000,0.000000,0.000000,0.000000,0.000000,0.000000,0.000000,0.000000,0.000000,0.000000,0.000000,0.000000,0.000000,0.000000,0.000000,0.000000,0.000000,0.000000,0.000000,0.000000,0.000000,0.000000,0.000000,0.000000,0.000000,0.000000,0.000000,0.000000,0.000000,0.000000,0.000000,0.000000,0.000000,0.000000,0.000000,0.000000,0.000000,0.000000,0.000000,0.000000,0.000000,0.000000,0.000000,0.000000,0.000000,0.000000,0.000000,0.000000,0.000000,0.000000,0.000000,0.000000,0.000000,0.000000,0.000000,0.000000,0.000000,0.000000,0.000000,0.000000,0.000000,0.000000,0.000000,0.000000,0.000000,0.000000,0.000000,0.000000,0.000000,0.000000,0.000000,0.000000,0.000000,0.000000,0.000000,0.000000,0.000000,0.000000,0.000000,0.000000,0.000000,0.000000,0.000000,0.000000,0.000000,0.000000,0.000000,0.000000,0.000000,0.000000,0.000000,0.000000,0.000000,0.000000,0.000000,0.000000,0.000000,0.000000,0.000000,0.000000,0.000000,0.000000,0.000000,0.000000,0.000000,0.000000,0.000000,0.000000,0.000000,0.000000,0.000000,0.000000,0.000000,0.000000,0.000000,0.000000,0.000000,0.000000,0.000000,0.000000,0.000000,0.000000,0.000000,0.000000,0.000000,0.000000,0.000000,0.000000,0.000000,0.000000,0.000000,0.000000,0.000000,0.000000,0.000000,0.000000,0.000000,0.000000,0.000000,0.000000,0.000000,0.000000,0.000000,0.000000,0.000000,0.000000,0.000000,0.000000,0.000000,0.000000,0.000000,0.000000,0.000000,1.735660,-0.345953,-0.329869
0.000000,0.000000,0.000000,0.000000,0.000000,0.000000,0.000000,0.000000,0.000000,0.000000,0.000000,0.000000,0.000000,0.000000,0.000000,0.000000,0.000000,0.000000,0.000000,0.000000,0.000000,0.000000,0.000000,0.000000,0.000000,0.000000,0.000000,0.000000,0.000000,0.000000,0.000000,0.000000,0.000000,0.000000,0.000000,0.000000,0.000000,0.000000,0.000000,0.000000,0.000000,0.000000,0.000000,0.000000,0.000000,0.000000,0.000000,0.000000,0.000000,0.000000,0.000000,0.000000,0.000000,0.000000,0.000000,0.000000,0.000000,0.000000,0.000000,0.000000,0.000000,0.000000,0.000000,0.000000,0.000000,0.000000,0.000000,0.000000,0.000000,0.000000,0.000000,0.000000,0.000000,0.000000,0.000000,0.000000,0.000000,0.000000,0.000000,0.000000,0.000000,0.000000,0.000000,0.000000,0.000000,0.000000,0.000000,0.000000,0.000000,0.000000,0.000000,0.000000,0.000000,0.000000,0.000000,0.000000,0.000000,0.000000,0.000000,0.000000,0.000000,0.000000,0.000000,0.000000,0.000000,0.000000,0.000000,0.000000,0.000000,0.000000,0.000000,0.000000,0.000000,0.000000,0.000000,0.000000,0.000000,0.000000,0.000000,0.000000,0.000000,0.000000,0.000000,0.000000,0.000000,0.000000,0.000000,0.000000,0.000000,0.000000,0.000000,0.000000,0.000000,0.000000,0.000000,0.000000,0.000000,0.000000,0.000000,0.000000,0.000000,0.000000,0.000000,0.000000,0.000000,0.000000,0.000000,0.000000,0.000000,0.000000,0.000000,0.000000,0.000000,0.000000,0.000000,0.000000,0.000000,0.000000,0.000000,0.000000,0.000000,0.000000,0.000000,0.000000,0.000000,0.000000,0.000000,0.000000,0.000000,0.000000,0.000000,0.000000,0.000000,0.000000,0.000000,0.000000,0.000000,0.000000,0.000000,0.000000,0.000000,0.000000,0.000000,0.000000,0.000000,0.000000,0.000000,0.000000,0.000000,0.000000,0.000000,0.000000,0.000000,0.000000,0.000000,0.000000,0.000000,0.000000,0.000000,0.000000,0.000000,0.000000,0.000000,0.000000,0.000000,0.000000,0.000000,0.000000,0.000000,0.000000,0.000000,0.000000,0.000000,0.000000,0.000000,0.000000,0.000000,0.000000,0.000000,0.000000,0.000000,0.000000,0.000000,0.000000,0.000000,0.000000,0.000000,0.000000,0.000000,0.000000,0.000000,0.000000,0.000000,0.000000,0.000000,0.000000,0.000000,0.000000,0.000000,0.000000,0.000000,0.000000,0.000000,0.000000,0.000000,0.000000,0.000000,0.000000,0.000000,0.000000,0.000000,0.000000,1.314157,0.725199
0.000000,0.000000,0.000000,0.000000,0.000000,0.000000,0.000000,0.000000,0.000000,0.000000,0.000000,0.000000,0.000000,0.000000,0.000000,0.000000,0.000000,0.000000,0.000000,0.000000,0.000000,0.000000,0.000000,0.000000,0.000000,0.000000,0.000000,0.000000,0.000000,0.000000,0.000000,0.000000,0.000000,0.000000,0.000000,0.000000,0.000000,0.000000,0.000000,0.000000,0.000000,0.000000,0.000000,0.000000,0.000000,0.000000,0.000000,0.000000,0.000000,0.000000,0.000000,0.000000,0.000000,0.000000,0.000000,0.000000,0.000000,0.000000,0.000000,0.000000,0.000000,0.000000,0.000000,0.000000,0.000000,0.000000,0.000000,0.000000,0.000000,0.000000,0.000000,0.000000,0.000000,0.000000,0.000000,0.000000,0.000000,0.000000,0.000000,0.000000,0.000000,0.000000,0.000000,0.000000,0.000000,0.000000,0.000000,0.000000,0.000000,0.000000,0.000000,0.000000,0.000000,0.000000,0.000000,0.000000,0.000000,0.000000,0.000000,0.000000,0.000000,0.000000,0.000000,0.000000,0.000000,0.000000,0.000000,0.000000,0.000000,0.000000,0.000000,0.000000,0.000000,0.000000,0.000000,0.000000,0.000000,0.000000,0.000000,0.000000,0.000000,0.000000,0.000000,0.000000,0.000000,0.000000,0.000000,0.000000,0.000000,0.000000,0.000000,0.000000,0.000000,0.000000,0.000000,0.000000,0.000000,0.000000,0.000000,0.000000,0.000000,0.000000,0.000000,0.000000,0.000000,0.000000,0.000000,0.000000,0.000000,0.000000,0.000000,0.000000,0.000000,0.000000,0.000000,0.000000,0.000000,0.000000,0.000000,0.000000,0.000000,0.000000,0.000000,0.000000,0.000000,0.000000,0.000000,0.000000,0.000000,0.000000,0.000000,0.000000,0.000000,0.000000,0.000000,0.000000,0.000000,0.000000,0.000000,0.000000,0.000000,0.000000,0.000000,0.000000,0.000000,0.000000,0.000000,0.000000,0.000000,0.000000,0.000000,0.000000,0.000000,0.000000,0.000000,0.000000,0.000000,0.000000,0.000000,0.000000,0.000000,0.000000,0.000000,0.000000,0.000000,0.000000,0.000000,0.000000,0.000000,0.000000,0.000000,0.000000,0.000000,0.000000,0.000000,0.000000,0.000000,0.000000,0.000000,0.000000,0.000000,0.000000,0.000000,0.000000,0.000000,0.000000,0.000000,0.000000,0.000000,0.000000,0.000000,0.000000,0.000000,0.000000,0.000000,0.000000,0.000000,0.000000,0.000000,0.000000,0.000000,0.000000,0.000000,0.000000,0.000000,0.000000,0.000000,0.000000,0.000000,0.000000,0.000000,0.000000,0.000000,2.203284
